date,stock_name,us_ticker,nse_ticker,us_adr_price_usd,nse_close_inr,usdinr,adr_ratio,indian_eq_price,price_gap_inr,price_gap_pct,ai_sentiment_score,ai_briefing_source,ai_morning_briefing
2022-03-31,HDFC_BANK,HDB,HDFC.NS,73.13,1999.14,82.01,3,1999.14,0.0,0.0,0.0,n/a,Normal market alignment.
2022-04-01,HDFC_BANK,HDB,HDFC.NS,74.09,2002.34,81.97,3,2024.36,22.02,1.1,0.0,n/a,Normal market alignment.
2022-04-04,HDFC_BANK,HDB,HDFC.NS,73.22,1966.83,82.0,3,2001.43,34.6,1.76,-3.1,offline,"Offline insight: HDFC_BANK ADR-implied price is at a 1.76% premium to its NSE close, consistent with overnight US trading and FX movement."
2022-04-05,HDFC_BANK,HDB,HDFC.NS,73.94,2014.79,82.04,3,2021.98,7.19,0.36,0.0,n/a,Normal market alignment.
2022-04-06,HDFC_BANK,HDB,HDFC.NS,73.95,2021.02,81.97,3,2020.36,-0.66,-0.03,0.0,n/a,Normal market alignment.
2022-04-07,HDFC_BANK,HDB,HDFC.NS,72.44,1971.78,81.91,3,1978.02,6.24,0.32,0.0,n/a,Normal market alignment.
2022-04-08,HDFC_BANK,HDB,HDFC.NS,72.12,1931.48,81.92,3,1969.38,37.9,1.96,-0.7,offline,"Offline insight: HDFC_BANK ADR-implied price is at a 1.96% premium to its NSE close, consistent with overnight US trading and FX movement."
2022-04-11,HDFC_BANK,HDB,HDFC.NS,72.54,1937.6,81.91,3,1980.49,42.89,2.21,4.7,offline,"Offline insight: HDFC_BANK ADR-implied price is at a 2.21% premium to its NSE close, consistent with overnight US trading and FX movement."
2022-04-12,HDFC_BANK,HDB,HDFC.NS,73.23,1957.95,81.91,3,1999.3,41.35,2.11,2.4,offline,"Offline insight: HDFC_BANK ADR-implied price is at a 2.11% premium to its NSE close, consistent with overnight US trading and FX movement."
2022-04-13,HDFC_BANK,HDB,HDFC.NS,73.09,1975.2,81.88,3,1994.86,19.66,1.0,0.0,n/a,Normal market alignment.
2022-04-14,HDFC_BANK,HDB,HDFC.NS,74.79,2042.63,81.91,3,2042.2,-0.43,-0.02,0.0,n/a,Normal market alignment.
2022-04-15,HDFC_BANK,HDB,HDFC.NS,75.95,2063.35,81.94,3,2074.49,11.14,0.54,0.0,n/a,Normal market alignment.
2022-04-18,HDFC_BANK,HDB,HDFC.NS,75.68,2076.49,81.95,3,2067.21,-9.27,-0.45,0.0,n/a,Normal market alignment.
2022-04-19,HDFC_BANK,HDB,HDFC.NS,76.55,2101.41,81.99,3,2092.27,-9.14,-0.43,0.0,n/a,Normal market alignment.
2022-04-20,HDFC_BANK,HDB,HDFC.NS,78.8,2161.48,82.01,3,2154.11,-7.38,-0.34,0.0,n/a,Normal market alignment.
2022-04-21,HDFC_BANK,HDB,HDFC.NS,81.14,2197.2,81.98,3,2217.2,20.0,0.91,0.0,n/a,Normal market alignment.
2022-04-22,HDFC_BANK,HDB,HDFC.NS,79.67,2170.97,82.0,3,2177.44,6.47,0.3,0.0,n/a,Normal market alignment.
2022-04-25,HDFC_BANK,HDB,HDFC.NS,78.58,2180.18,81.96,3,2146.85,-33.33,-1.53,0.8,offline,"Offline insight: HDFC_BANK ADR-implied price is at a 1.53% discount to its NSE close, consistent with overnight US trading and FX movement."
2022-04-26,HDFC_BANK,HDB,HDFC.NS,80.36,2208.74,81.99,3,2196.28,-12.46,-0.56,0.0,n/a,Normal market alignment.
2022-04-27,HDFC_BANK,HDB,HDFC.NS,79.11,2180.1,81.99,3,2162.05,-18.05,-0.83,0.0,n/a,Normal market alignment.
2022-04-28,HDFC_BANK,HDB,HDFC.NS,77.56,2129.58,81.99,3,2119.64,-9.94,-0.47,0.0,n/a,Normal market alignment.
2022-04-29,HDFC_BANK,HDB,HDFC.NS,77.02,2111.34,81.96,3,2104.15,-7.2,-0.34,0.0,n/a,Normal market alignment.
2022-05-02,HDFC_BANK,HDB,HDFC.NS,77.53,2127.76,82.01,3,2119.33,-8.43,-0.4,0.0,n/a,Normal market alignment.
2022-05-03,HDFC_BANK,HDB,HDFC.NS,77.43,2109.92,82.01,3,2116.58,6.66,0.32,0.0,n/a,Normal market alignment.
2022-05-04,HDFC_BANK,HDB,HDFC.NS,76.7,2114.83,81.99,3,2096.15,-18.69,-0.88,0.0,n/a,Normal market alignment.
2022-05-05,HDFC_BANK,HDB,HDFC.NS,75.95,2093.92,81.98,3,2075.24,-18.68,-0.89,0.0,n/a,Normal market alignment.
2022-05-06,HDFC_BANK,HDB,HDFC.NS,75.16,2055.41,82.0,3,2054.25,-1.16,-0.06,0.0,n/a,Normal market alignment.
2022-05-09,HDFC_BANK,HDB,HDFC.NS,74.19,2037.6,82.01,3,2028.15,-9.45,-0.46,0.0,n/a,Normal market alignment.
2022-05-10,HDFC_BANK,HDB,HDFC.NS,76.75,2128.51,82.03,3,2098.62,-29.89,-1.4,0.0,n/a,Normal market alignment.
2022-05-11,HDFC_BANK,HDB,HDFC.NS,77.11,2117.02,82.05,3,2109.09,-7.93,-0.37,0.0,n/a,Normal market alignment.
2022-05-12,HDFC_BANK,HDB,HDFC.NS,78.16,2128.08,82.14,3,2140.03,11.95,0.56,0.0,n/a,Normal market alignment.
2022-05-13,HDFC_BANK,HDB,HDFC.NS,77.61,2118.11,82.12,3,2124.58,6.47,0.31,0.0,n/a,Normal market alignment.
2022-05-16,HDFC_BANK,HDB,HDFC.NS,77.42,2144.29,82.1,3,2118.79,-25.5,-1.19,0.0,n/a,Normal market alignment.
2022-05-17,HDFC_BANK,HDB,HDFC.NS,76.61,2100.55,82.07,3,2095.94,-4.61,-0.22,0.0,n/a,Normal market alignment.
2022-05-18,HDFC_BANK,HDB,HDFC.NS,73.59,2040.22,82.1,3,2013.83,-26.39,-1.29,0.0,n/a,Normal market alignment.
2022-05-19,HDFC_BANK,HDB,HDFC.NS,72.09,1985.03,82.14,3,1973.92,-11.12,-0.56,0.0,n/a,Normal market alignment.
2022-05-20,HDFC_BANK,HDB,HDFC.NS,70.15,1939.38,82.14,3,1920.81,-18.56,-0.96,0.0,n/a,Normal market alignment.
2022-05-23,HDFC_BANK,HDB,HDFC.NS,67.81,1881.92,82.11,3,1855.83,-26.09,-1.39,0.0,n/a,Normal market alignment.
2022-05-24,HDFC_BANK,HDB,HDFC.NS,66.61,1843.44,82.07,3,1822.4,-21.03,-1.14,0.0,n/a,Normal market alignment.
2022-05-25,HDFC_BANK,HDB,HDFC.NS,67.96,1875.02,82.1,3,1859.78,-15.24,-0.81,0.0,n/a,Normal market alignment.
2022-05-26,HDFC_BANK,HDB,HDFC.NS,67.93,1877.42,82.13,3,1859.8,-17.62,-0.94,0.0,n/a,Normal market alignment.
2022-05-27,HDFC_BANK,HDB,HDFC.NS,69.27,1899.75,82.15,3,1896.88,-2.87,-0.15,0.0,n/a,Normal market alignment.
2022-05-30,HDFC_BANK,HDB,HDFC.NS,69.72,1916.27,82.13,3,1908.55,-7.72,-0.4,0.0,n/a,Normal market alignment.
2022-05-31,HDFC_BANK,HDB,HDFC.NS,70.55,1923.22,82.14,3,1931.77,8.55,0.44,0.0,n/a,Normal market alignment.
2022-06-01,HDFC_BANK,HDB,HDFC.NS,69.62,1897.58,82.15,3,1906.37,8.79,0.46,0.0,n/a,Normal market alignment.
2022-06-02,HDFC_BANK,HDB,HDFC.NS,70.19,1926.2,82.15,3,1922.15,-4.05,-0.21,0.0,n/a,Normal market alignment.
2022-06-03,HDFC_BANK,HDB,HDFC.NS,70.98,1958.94,82.19,3,1944.59,-14.35,-0.73,0.0,n/a,Normal market alignment.
2022-06-06,HDFC_BANK,HDB,HDFC.NS,70.39,1959.8,82.2,3,1928.59,-31.21,-1.59,5.4,offline,"Offline insight: HDFC_BANK ADR-implied price is at a 1.59% discount to its NSE close, consistent with overnight US trading and FX movement."
2022-06-07,HDFC_BANK,HDB,HDFC.NS,71.0,1960.76,82.23,3,1946.02,-14.75,-0.75,0.0,n/a,Normal market alignment.
2022-06-08,HDFC_BANK,HDB,HDFC.NS,71.62,1977.05,82.23,3,1963.22,-13.83,-0.7,0.0,n/a,Normal market alignment.
2022-06-09,HDFC_BANK,HDB,HDFC.NS,71.05,1989.3,82.24,3,1947.92,-41.38,-2.08,2.4,offline,"Offline insight: HDFC_BANK ADR-implied price is at a 2.08% discount to its NSE close, consistent with overnight US trading and FX movement."
2022-06-10,HDFC_BANK,HDB,HDFC.NS,69.88,1947.93,82.27,3,1916.31,-31.62,-1.62,2.0,offline,"Offline insight: HDFC_BANK ADR-implied price is at a 1.62% discount to its NSE close, consistent with overnight US trading and FX movement."
2022-06-13,HDFC_BANK,HDB,HDFC.NS,68.66,1912.22,82.21,3,1881.54,-30.68,-1.6,-4.3,offline,"Offline insight: HDFC_BANK ADR-implied price is at a 1.60% discount to its NSE close, consistent with overnight US trading and FX movement."
2022-06-14,HDFC_BANK,HDB,HDFC.NS,68.77,1881.63,82.2,3,1884.27,2.64,0.14,0.0,n/a,Normal market alignment.
2022-06-15,HDFC_BANK,HDB,HDFC.NS,69.13,1914.88,82.18,3,1893.67,-21.21,-1.11,0.0,n/a,Normal market alignment.
2022-06-16,HDFC_BANK,HDB,HDFC.NS,68.32,1903.02,82.16,3,1871.17,-31.85,-1.67,-5.5,offline,"Offline insight: HDFC_BANK ADR-implied price is at a 1.67% discount to its NSE close, consistent with overnight US trading and FX movement."
2022-06-17,HDFC_BANK,HDB,HDFC.NS,68.37,1876.51,82.15,3,1872.25,-4.26,-0.23,0.0,n/a,Normal market alignment.
2022-06-20,HDFC_BANK,HDB,HDFC.NS,68.98,1874.98,82.21,3,1890.23,15.25,0.81,0.0,n/a,Normal market alignment.
2022-06-21,HDFC_BANK,HDB,HDFC.NS,69.64,1908.18,82.18,3,1907.54,-0.64,-0.03,0.0,n/a,Normal market alignment.
2022-06-22,HDFC_BANK,HDB,HDFC.NS,71.28,1962.54,82.22,3,1953.46,-9.08,-0.46,0.0,n/a,Normal market alignment.
2022-06-23,HDFC_BANK,HDB,HDFC.NS,72.67,1986.81,82.15,3,1989.86,3.06,0.15,0.0,n/a,Normal market alignment.
2022-06-24,HDFC_BANK,HDB,HDFC.NS,71.6,1990.87,82.14,3,1960.28,-30.59,-1.54,6.5,offline,"Offline insight: HDFC_BANK ADR-implied price is at a 1.54% discount to its NSE close, consistent with overnight US trading and FX movement."
2022-06-27,HDFC_BANK,HDB,HDFC.NS,73.43,2056.3,82.15,3,2010.55,-45.75,-2.22,1.4,offline,"Offline insight: HDFC_BANK ADR-implied price is at a 2.22% discount to its NSE close, consistent with overnight US trading and FX movement."
2022-06-28,HDFC_BANK,HDB,HDFC.NS,72.86,2026.77,82.17,3,1995.74,-31.04,-1.53,-1.2,offline,"Offline insight: HDFC_BANK ADR-implied price is at a 1.53% discount to its NSE close, consistent with overnight US trading and FX movement."
2022-06-29,HDFC_BANK,HDB,HDFC.NS,74.03,2024.98,82.2,3,2028.34,3.36,0.17,0.0,n/a,Normal market alignment.
2022-06-30,HDFC_BANK,HDB,HDFC.NS,74.13,2036.01,82.23,3,2031.83,-4.18,-0.21,0.0,n/a,Normal market alignment.
2022-07-01,HDFC_BANK,HDB,HDFC.NS,73.69,2020.62,82.22,3,2019.56,-1.06,-0.05,0.0,n/a,Normal market alignment.
2022-07-04,HDFC_BANK,HDB,HDFC.NS,71.71,1950.12,82.2,3,1964.98,14.86,0.76,0.0,n/a,Normal market alignment.
2022-07-05,HDFC_BANK,HDB,HDFC.NS,71.55,1924.18,82.24,3,1961.36,37.18,1.93,1.2,offline,"Offline insight: HDFC_BANK ADR-implied price is at a 1.93% premium to its NSE close, consistent with overnight US trading and FX movement."
2022-07-06,HDFC_BANK,HDB,HDFC.NS,69.9,1901.55,82.23,3,1915.91,14.37,0.76,0.0,n/a,Normal market alignment.
2022-07-07,HDFC_BANK,HDB,HDFC.NS,70.93,1934.56,82.18,3,1943.11,8.54,0.44,0.0,n/a,Normal market alignment.
2022-07-08,HDFC_BANK,HDB,HDFC.NS,72.57,1956.69,82.14,3,1986.83,30.14,1.54,-6.1,offline,"Offline insight: HDFC_BANK ADR-implied price is at a 1.54% premium to its NSE close, consistent with overnight US trading and FX movement."
2022-07-11,HDFC_BANK,HDB,HDFC.NS,71.72,1965.59,82.1,3,1962.82,-2.78,-0.14,0.0,n/a,Normal market alignment.
2022-07-12,HDFC_BANK,HDB,HDFC.NS,72.07,1960.36,82.12,3,1972.8,12.44,0.63,0.0,n/a,Normal market alignment.
2022-07-13,HDFC_BANK,HDB,HDFC.NS,71.31,1958.59,82.13,3,1952.08,-6.5,-0.33,0.0,n/a,Normal market alignment.
2022-07-14,HDFC_BANK,HDB,HDFC.NS,70.66,1937.41,82.16,3,1934.94,-2.47,-0.13,0.0,n/a,Normal market alignment.
2022-07-15,HDFC_BANK,HDB,HDFC.NS,71.5,1962.45,82.14,3,1957.62,-4.83,-0.25,0.0,n/a,Normal market alignment.
2022-07-18,HDFC_BANK,HDB,HDFC.NS,71.48,1973.4,82.15,3,1957.25,-16.15,-0.82,0.0,n/a,Normal market alignment.
2022-07-19,HDFC_BANK,HDB,HDFC.NS,73.36,2033.52,82.17,3,2009.54,-23.98,-1.18,0.0,n/a,Normal market alignment.
2022-07-20,HDFC_BANK,HDB,HDFC.NS,72.86,2005.64,82.16,3,1995.33,-10.31,-0.51,0.0,n/a,Normal market alignment.
2022-07-21,HDFC_BANK,HDB,HDFC.NS,73.97,2018.48,82.18,3,2026.32,7.84,0.39,0.0,n/a,Normal market alignment.
2022-07-22,HDFC_BANK,HDB,HDFC.NS,74.1,2026.38,82.16,3,2029.26,2.88,0.14,0.0,n/a,Normal market alignment.
2022-07-25,HDFC_BANK,HDB,HDFC.NS,75.01,2050.99,82.14,3,2053.75,2.76,0.13,0.0,n/a,Normal market alignment.
2022-07-26,HDFC_BANK,HDB,HDFC.NS,74.53,2030.48,82.13,3,2040.24,9.76,0.48,0.0,n/a,Normal market alignment.
2022-07-27,HDFC_BANK,HDB,HDFC.NS,74.49,2046.19,82.08,3,2038.17,-8.02,-0.39,0.0,n/a,Normal market alignment.
2022-07-28,HDFC_BANK,HDB,HDFC.NS,74.39,2030.02,82.1,3,2035.76,5.74,0.28,0.0,n/a,Normal market alignment.
2022-07-29,HDFC_BANK,HDB,HDFC.NS,73.48,1995.57,82.08,3,2010.4,14.83,0.74,0.0,n/a,Normal market alignment.
2022-08-01,HDFC_BANK,HDB,HDFC.NS,74.23,1985.96,82.09,3,2031.01,45.05,2.27,4.5,offline,"Offline insight: HDFC_BANK ADR-implied price is at a 2.27% premium to its NSE close, consistent with overnight US trading and FX movement."
2022-08-02,HDFC_BANK,HDB,HDFC.NS,74.97,2029.65,82.11,3,2051.93,22.28,1.1,0.0,n/a,Normal market alignment.
2022-08-03,HDFC_BANK,HDB,HDFC.NS,75.66,2064.32,82.12,3,2071.29,6.98,0.34,0.0,n/a,Normal market alignment.
2022-08-04,HDFC_BANK,HDB,HDFC.NS,77.43,2104.78,82.15,3,2120.38,15.6,0.74,0.0,n/a,Normal market alignment.
2022-08-05,HDFC_BANK,HDB,HDFC.NS,79.14,2145.2,82.15,3,2167.04,21.84,1.02,0.0,n/a,Normal market alignment.
2022-08-08,HDFC_BANK,HDB,HDFC.NS,78.72,2150.0,82.13,3,2155.08,5.08,0.24,0.0,n/a,Normal market alignment.
2022-08-09,HDFC_BANK,HDB,HDFC.NS,79.18,2170.78,82.13,3,2167.73,-3.05,-0.14,0.0,n/a,Normal market alignment.
2022-08-10,HDFC_BANK,HDB,HDFC.NS,78.46,2140.06,82.06,3,2146.36,6.3,0.29,0.0,n/a,Normal market alignment.
2022-08-11,HDFC_BANK,HDB,HDFC.NS,78.51,2154.95,82.01,3,2146.27,-8.68,-0.4,0.0,n/a,Normal market alignment.
2022-08-12,HDFC_BANK,HDB,HDFC.NS,77.83,2137.57,81.96,3,2126.26,-11.31,-0.53,0.0,n/a,Normal market alignment.
2022-08-15,HDFC_BANK,HDB,HDFC.NS,79.75,2183.09,81.92,3,2177.53,-5.56,-0.25,0.0,n/a,Normal market alignment.
2022-08-16,HDFC_BANK,HDB,HDFC.NS,80.21,2178.66,81.93,3,2190.52,11.86,0.54,0.0,n/a,Normal market alignment.
2022-08-17,HDFC_BANK,HDB,HDFC.NS,79.97,2185.19,81.9,3,2183.08,-2.11,-0.1,0.0,n/a,Normal market alignment.
2022-08-18,HDFC_BANK,HDB,HDFC.NS,81.42,2252.79,81.88,3,2222.43,-30.36,-1.35,0.0,n/a,Normal market alignment.
2022-08-19,HDFC_BANK,HDB,HDFC.NS,78.8,2199.42,81.94,3,2152.13,-47.29,-2.15,-4.0,offline,"Offline insight: HDFC_BANK ADR-implied price is at a 2.15% discount to its NSE close, consistent with overnight US trading and FX movement."
2022-08-22,HDFC_BANK,HDB,HDFC.NS,76.44,2133.76,81.92,3,2087.42,-46.34,-2.17,4.3,offline,"Offline insight: HDFC_BANK ADR-implied price is at a 2.17% discount to its NSE close, consistent with overnight US trading and FX movement."
2022-08-23,HDFC_BANK,HDB,HDFC.NS,77.37,2161.79,81.96,3,2113.75,-48.04,-2.22,0.5,offline,"Offline insight: HDFC_BANK ADR-implied price is at a 2.22% discount to its NSE close, consistent with overnight US trading and FX movement."
2022-08-24,HDFC_BANK,HDB,HDFC.NS,77.47,2146.3,81.92,3,2115.36,-30.94,-1.44,0.0,n/a,Normal market alignment.
2022-08-25,HDFC_BANK,HDB,HDFC.NS,77.78,2160.42,81.91,3,2123.76,-36.67,-1.7,-3.1,offline,"Offline insight: HDFC_BANK ADR-implied price is at a 1.70% discount to its NSE close, consistent with overnight US trading and FX movement."
2022-08-26,HDFC_BANK,HDB,HDFC.NS,76.26,2113.11,81.87,3,2081.2,-31.91,-1.51,-6.6,offline,"Offline insight: HDFC_BANK ADR-implied price is at a 1.51% discount to its NSE close, consistent with overnight US trading and FX movement."
2022-08-29,HDFC_BANK,HDB,HDFC.NS,76.25,2111.35,81.86,3,2080.78,-30.57,-1.45,0.0,n/a,Normal market alignment.
2022-08-30,HDFC_BANK,HDB,HDFC.NS,78.57,2170.39,81.9,3,2144.84,-25.55,-1.18,0.0,n/a,Normal market alignment.
2022-08-31,HDFC_BANK,HDB,HDFC.NS,79.56,2165.45,81.83,3,2170.2,4.75,0.22,0.0,n/a,Normal market alignment.
2022-09-01,HDFC_BANK,HDB,HDFC.NS,79.79,2163.99,81.85,3,2176.86,12.88,0.6,0.0,n/a,Normal market alignment.
2022-09-02,HDFC_BANK,HDB,HDFC.NS,79.29,2155.52,81.86,3,2163.46,7.94,0.37,0.0,n/a,Normal market alignment.
2022-09-05,HDFC_BANK,HDB,HDFC.NS,78.84,2152.89,81.83,3,2150.7,-2.19,-0.1,0.0,n/a,Normal market alignment.
2022-09-06,HDFC_BANK,HDB,HDFC.NS,76.35,2088.82,81.78,3,2081.21,-7.61,-0.36,0.0,n/a,Normal market alignment.
2022-09-07,HDFC_BANK,HDB,HDFC.NS,76.67,2089.75,81.78,3,2089.98,0.23,0.01,0.0,n/a,Normal market alignment.
2022-09-08,HDFC_BANK,HDB,HDFC.NS,77.66,2107.83,81.76,3,2116.59,8.76,0.42,0.0,n/a,Normal market alignment.
2022-09-09,HDFC_BANK,HDB,HDFC.NS,75.85,2075.47,81.77,3,2067.46,-8.01,-0.39,0.0,n/a,Normal market alignment.
2022-09-12,HDFC_BANK,HDB,HDFC.NS,75.12,2051.85,81.77,3,2047.62,-4.23,-0.21,0.0,n/a,Normal market alignment.
2022-09-13,HDFC_BANK,HDB,HDFC.NS,73.84,2045.91,81.84,3,2014.28,-31.63,-1.55,4.4,offline,"Offline insight: HDFC_BANK ADR-implied price is at a 1.55% discount to its NSE close, consistent with overnight US trading and FX movement."
2022-09-14,HDFC_BANK,HDB,HDFC.NS,72.79,2001.1,81.83,3,1985.51,-15.59,-0.78,0.0,n/a,Normal market alignment.
2022-09-15,HDFC_BANK,HDB,HDFC.NS,72.87,1985.42,81.79,3,1986.73,1.31,0.07,0.0,n/a,Normal market alignment.
2022-09-16,HDFC_BANK,HDB,HDFC.NS,70.62,1928.42,81.8,3,1925.4,-3.02,-0.16,0.0,n/a,Normal market alignment.
2022-09-19,HDFC_BANK,HDB,HDFC.NS,71.29,1921.32,81.81,3,1943.95,22.63,1.18,0.0,n/a,Normal market alignment.
2022-09-20,HDFC_BANK,HDB,HDFC.NS,72.11,1966.08,81.86,3,1967.85,1.76,0.09,0.0,n/a,Normal market alignment.
2022-09-21,HDFC_BANK,HDB,HDFC.NS,71.86,1957.82,81.9,3,1961.85,4.03,0.21,0.0,n/a,Normal market alignment.
2022-09-22,HDFC_BANK,HDB,HDFC.NS,69.21,1887.93,81.91,3,1889.79,1.86,0.1,0.0,n/a,Normal market alignment.
2022-09-23,HDFC_BANK,HDB,HDFC.NS,68.2,1863.67,81.97,3,1863.46,-0.21,-0.01,0.0,n/a,Normal market alignment.
2022-09-26,HDFC_BANK,HDB,HDFC.NS,69.48,1899.05,81.93,3,1897.41,-1.65,-0.09,0.0,n/a,Normal market alignment.
2022-09-27,HDFC_BANK,HDB,HDFC.NS,66.61,1817.95,81.9,3,1818.37,0.42,0.02,0.0,n/a,Normal market alignment.
2022-09-28,HDFC_BANK,HDB,HDFC.NS,66.28,1797.72,81.87,3,1808.64,10.92,0.61,0.0,n/a,Normal market alignment.
2022-09-29,HDFC_BANK,HDB,HDFC.NS,65.13,1753.55,81.85,3,1776.85,23.3,1.33,0.0,n/a,Normal market alignment.
2022-09-30,HDFC_BANK,HDB,HDFC.NS,65.93,1783.45,81.8,3,1797.64,14.19,0.8,0.0,n/a,Normal market alignment.
2022-10-03,HDFC_BANK,HDB,HDFC.NS,65.28,1762.08,81.82,3,1780.55,18.47,1.05,0.0,n/a,Normal market alignment.
2022-10-04,HDFC_BANK,HDB,HDFC.NS,65.7,1789.23,81.82,3,1791.7,2.46,0.14,0.0,n/a,Normal market alignment.
2022-10-05,HDFC_BANK,HDB,HDFC.NS,66.27,1795.05,81.76,3,1806.15,11.11,0.62,0.0,n/a,Normal market alignment.
2022-10-06,HDFC_BANK,HDB,HDFC.NS,68.12,1858.56,81.72,3,1855.54,-3.01,-0.16,0.0,n/a,Normal market alignment.
2022-10-07,HDFC_BANK,HDB,HDFC.NS,67.93,1838.51,81.73,3,1850.76,12.25,0.67,0.0,n/a,Normal market alignment.
2022-10-10,HDFC_BANK,HDB,HDFC.NS,68.34,1826.97,81.77,3,1862.54,35.57,1.95,-4.5,offline,"Offline insight: HDFC_BANK ADR-implied price is at a 1.95% premium to its NSE close, consistent with overnight US trading and FX movement."
2022-10-11,HDFC_BANK,HDB,HDFC.NS,66.83,1803.88,81.85,3,1823.41,19.53,1.08,0.0,n/a,Normal market alignment.
2022-10-12,HDFC_BANK,HDB,HDFC.NS,68.05,1875.79,81.96,3,1859.18,-16.6,-0.89,0.0,n/a,Normal market alignment.
2022-10-13,HDFC_BANK,HDB,HDFC.NS,67.29,1855.9,81.98,3,1838.93,-16.98,-0.91,0.0,n/a,Normal market alignment.
2022-10-14,HDFC_BANK,HDB,HDFC.NS,66.75,1817.45,81.94,3,1823.15,5.7,0.31,0.0,n/a,Normal market alignment.
2022-10-17,HDFC_BANK,HDB,HDFC.NS,66.74,1810.8,81.86,3,1821.22,10.42,0.58,0.0,n/a,Normal market alignment.
2022-10-18,HDFC_BANK,HDB,HDFC.NS,65.2,1770.13,81.87,3,1779.32,9.19,0.52,0.0,n/a,Normal market alignment.
2022-10-19,HDFC_BANK,HDB,HDFC.NS,65.44,1767.29,81.84,3,1785.27,17.99,1.02,0.0,n/a,Normal market alignment.
2022-10-20,HDFC_BANK,HDB,HDFC.NS,66.41,1794.33,81.82,3,1811.37,17.04,0.95,0.0,n/a,Normal market alignment.
2022-10-21,HDFC_BANK,HDB,HDFC.NS,66.72,1793.84,81.8,3,1819.35,25.51,1.42,0.0,n/a,Normal market alignment.
2022-10-24,HDFC_BANK,HDB,HDFC.NS,65.15,1750.23,81.8,3,1776.43,26.2,1.5,0.0,n/a,Normal market alignment.
2022-10-25,HDFC_BANK,HDB,HDFC.NS,65.05,1740.44,81.84,3,1774.61,34.17,1.96,-6.3,offline,"Offline insight: HDFC_BANK ADR-implied price is at a 1.96% premium to its NSE close, consistent with overnight US trading and FX movement."
2022-10-26,HDFC_BANK,HDB,HDFC.NS,65.8,1769.77,81.85,3,1795.06,25.29,1.43,0.0,n/a,Normal market alignment.
2022-10-27,HDFC_BANK,HDB,HDFC.NS,63.96,1719.28,81.84,3,1744.92,25.64,1.49,0.0,n/a,Normal market alignment.
2022-10-28,HDFC_BANK,HDB,HDFC.NS,62.95,1704.87,81.8,3,1716.46,11.59,0.68,0.0,n/a,Normal market alignment.
2022-10-31,HDFC_BANK,HDB,HDFC.NS,63.8,1738.37,81.73,3,1738.14,-0.23,-0.01,0.0,n/a,Normal market alignment.
2022-11-01,HDFC_BANK,HDB,HDFC.NS,64.07,1724.84,81.72,3,1745.31,20.47,1.19,0.0,n/a,Normal market alignment.
2022-11-02,HDFC_BANK,HDB,HDFC.NS,64.49,1741.56,81.72,3,1756.6,15.04,0.86,0.0,n/a,Normal market alignment.
2022-11-03,HDFC_BANK,HDB,HDFC.NS,66.31,1788.36,81.79,3,1807.7,19.34,1.08,0.0,n/a,Normal market alignment.
2022-11-04,HDFC_BANK,HDB,HDFC.NS,66.79,1807.79,81.79,3,1821.09,13.3,0.74,0.0,n/a,Normal market alignment.
2022-11-07,HDFC_BANK,HDB,HDFC.NS,67.47,1839.95,81.83,3,1840.51,0.57,0.03,0.0,n/a,Normal market alignment.
2022-11-08,HDFC_BANK,HDB,HDFC.NS,70.24,1914.96,81.81,3,1915.46,0.5,0.03,0.0,n/a,Normal market alignment.
2022-11-09,HDFC_BANK,HDB,HDFC.NS,70.03,1889.52,81.77,3,1908.81,19.29,1.02,0.0,n/a,Normal market alignment.
2022-11-10,HDFC_BANK,HDB,HDFC.NS,69.22,1866.97,81.73,3,1885.67,18.69,1.0,0.0,n/a,Normal market alignment.
2022-11-11,HDFC_BANK,HDB,HDFC.NS,69.68,1909.09,81.7,3,1897.68,-11.4,-0.6,0.0,n/a,Normal market alignment.
2022-11-14,HDFC_BANK,HDB,HDFC.NS,70.16,1922.55,81.79,3,1912.76,-9.79,-0.51,0.0,n/a,Normal market alignment.
2022-11-15,HDFC_BANK,HDB,HDFC.NS,69.63,1879.77,81.76,3,1897.48,17.71,0.94,0.0,n/a,Normal market alignment.
2022-11-16,HDFC_BANK,HDB,HDFC.NS,68.57,1861.72,81.79,3,1869.46,7.74,0.42,0.0,n/a,Normal market alignment.
2022-11-17,HDFC_BANK,HDB,HDFC.NS,70.97,1953.71,81.76,3,1933.96,-19.75,-1.01,0.0,n/a,Normal market alignment.
2022-11-18,HDFC_BANK,HDB,HDFC.NS,71.33,1931.06,81.79,3,1944.93,13.88,0.72,0.0,n/a,Normal market alignment.
2022-11-21,HDFC_BANK,HDB,HDFC.NS,70.57,1907.21,81.81,3,1924.54,17.33,0.91,0.0,n/a,Normal market alignment.
2022-11-22,HDFC_BANK,HDB,HDFC.NS,71.56,1941.79,81.81,3,1951.43,9.64,0.5,0.0,n/a,Normal market alignment.
2022-11-23,HDFC_BANK,HDB,HDFC.NS,71.47,1948.07,81.8,3,1948.81,0.74,0.04,0.0,n/a,Normal market alignment.
2022-11-24,HDFC_BANK,HDB,HDFC.NS,71.22,1926.37,81.78,3,1941.4,15.03,0.78,0.0,n/a,Normal market alignment.
2022-11-25,HDFC_BANK,HDB,HDFC.NS,71.84,1957.07,81.8,3,1958.81,1.74,0.09,0.0,n/a,Normal market alignment.
2022-11-28,HDFC_BANK,HDB,HDFC.NS,70.47,1904.71,81.78,3,1921.03,16.32,0.86,0.0,n/a,Normal market alignment.
2022-11-29,HDFC_BANK,HDB,HDFC.NS,70.86,1913.53,81.73,3,1930.64,17.1,0.89,0.0,n/a,Normal market alignment.
2022-11-30,HDFC_BANK,HDB,HDFC.NS,72.92,1971.45,81.68,3,1985.4,13.95,0.71,0.0,n/a,Normal market alignment.
2022-12-01,HDFC_BANK,HDB,HDFC.NS,73.45,1989.6,81.69,3,2000.07,10.47,0.53,0.0,n/a,Normal market alignment.
2022-12-02,HDFC_BANK,HDB,HDFC.NS,73.06,1987.1,81.76,3,1990.94,3.84,0.19,0.0,n/a,Normal market alignment.
2022-12-05,HDFC_BANK,HDB,HDFC.NS,72.52,1959.96,81.76,3,1976.58,16.62,0.85,0.0,n/a,Normal market alignment.
2022-12-06,HDFC_BANK,HDB,HDFC.NS,72.1,1966.82,81.76,3,1964.91,-1.91,-0.1,0.0,n/a,Normal market alignment.
2022-12-07,HDFC_BANK,HDB,HDFC.NS,71.85,1981.97,81.77,3,1958.32,-23.66,-1.19,0.0,n/a,Normal market alignment.
2022-12-08,HDFC_BANK,HDB,HDFC.NS,71.46,1954.66,81.82,3,1949.07,-5.59,-0.29,0.0,n/a,Normal market alignment.
2022-12-09,HDFC_BANK,HDB,HDFC.NS,72.46,1971.36,81.83,3,1976.68,5.33,0.27,0.0,n/a,Normal market alignment.
2022-12-12,HDFC_BANK,HDB,HDFC.NS,70.6,1915.97,81.82,3,1925.52,9.55,0.5,0.0,n/a,Normal market alignment.
2022-12-13,HDFC_BANK,HDB,HDFC.NS,71.54,1940.73,81.86,3,1952.08,11.34,0.58,0.0,n/a,Normal market alignment.
2022-12-14,HDFC_BANK,HDB,HDFC.NS,71.15,1939.53,81.88,3,1941.97,2.45,0.13,0.0,n/a,Normal market alignment.
2022-12-15,HDFC_BANK,HDB,HDFC.NS,71.57,1942.85,81.94,3,1955.03,12.18,0.63,0.0,n/a,Normal market alignment.
2022-12-16,HDFC_BANK,HDB,HDFC.NS,70.39,1916.16,81.95,3,1922.76,6.6,0.34,0.0,n/a,Normal market alignment.
2022-12-19,HDFC_BANK,HDB,HDFC.NS,71.81,1963.15,81.91,3,1960.51,-2.64,-0.13,0.0,n/a,Normal market alignment.
2022-12-20,HDFC_BANK,HDB,HDFC.NS,73.17,2002.4,81.85,3,1996.42,-5.99,-0.3,0.0,n/a,Normal market alignment.
2022-12-21,HDFC_BANK,HDB,HDFC.NS,74.25,2002.68,81.92,3,2027.41,24.73,1.24,0.0,n/a,Normal market alignment.
2022-12-22,HDFC_BANK,HDB,HDFC.NS,72.58,1993.08,81.99,3,1983.65,-9.44,-0.47,0.0,n/a,Normal market alignment.
2022-12-23,HDFC_BANK,HDB,HDFC.NS,73.51,2007.44,81.98,3,2008.76,1.32,0.07,0.0,n/a,Normal market alignment.
2022-12-26,HDFC_BANK,HDB,HDFC.NS,73.98,2044.43,81.97,3,2021.21,-23.22,-1.14,0.0,n/a,Normal market alignment.
2022-12-27,HDFC_BANK,HDB,HDFC.NS,72.22,1989.64,82.03,3,1974.58,-15.07,-0.76,0.0,n/a,Normal market alignment.
2022-12-28,HDFC_BANK,HDB,HDFC.NS,72.21,1988.48,81.98,3,1973.41,-15.07,-0.76,0.0,n/a,Normal market alignment.
2022-12-29,HDFC_BANK,HDB,HDFC.NS,72.63,2022.67,81.95,3,1983.95,-38.72,-1.91,3.6,offline,"Offline insight: HDFC_BANK ADR-implied price is at a 1.91% discount to its NSE close, consistent with overnight US trading and FX movement."
2022-12-30,HDFC_BANK,HDB,HDFC.NS,73.26,2019.44,81.98,3,2001.74,-17.7,-0.88,0.0,n/a,Normal market alignment.
2023-01-02,HDFC_BANK,HDB,HDFC.NS,73.47,2023.33,81.96,3,2007.31,-16.02,-0.79,0.0,n/a,Normal market alignment.
2023-01-03,HDFC_BANK,HDB,HDFC.NS,73.82,2056.69,81.96,3,2016.7,-39.99,-1.94,-2.1,offline,"Offline insight: HDFC_BANK ADR-implied price is at a 1.94% discount to its NSE close, consistent with overnight US trading and FX movement."
2023-01-04,HDFC_BANK,HDB,HDFC.NS,75.47,2073.75,81.96,3,2061.74,-12.01,-0.58,0.0,n/a,Normal market alignment.
2023-01-05,HDFC_BANK,HDB,HDFC.NS,76.88,2086.93,81.97,3,2100.65,13.71,0.66,0.0,n/a,Normal market alignment.
2023-01-06,HDFC_BANK,HDB,HDFC.NS,73.6,1983.83,82.03,3,2012.34,28.51,1.44,0.0,n/a,Normal market alignment.
2023-01-09,HDFC_BANK,HDB,HDFC.NS,73.27,1981.41,82.03,3,2003.48,22.07,1.11,0.0,n/a,Normal market alignment.
2023-01-10,HDFC_BANK,HDB,HDFC.NS,73.11,1985.87,82.06,3,1999.78,13.91,0.7,0.0,n/a,Normal market alignment.
2023-01-11,HDFC_BANK,HDB,HDFC.NS,71.21,1919.98,81.98,3,1945.9,25.92,1.35,0.0,n/a,Normal market alignment.
2023-01-12,HDFC_BANK,HDB,HDFC.NS,71.33,1911.22,81.98,3,1949.21,37.99,1.99,-1.5,offline,"Offline insight: HDFC_BANK ADR-implied price is at a 1.99% premium to its NSE close, consistent with overnight US trading and FX movement."
2023-01-13,HDFC_BANK,HDB,HDFC.NS,72.69,1946.85,81.94,3,1985.51,38.67,1.99,-3.5,offline,"Offline insight: HDFC_BANK ADR-implied price is at a 1.99% premium to its NSE close, consistent with overnight US trading and FX movement."
2023-01-16,HDFC_BANK,HDB,HDFC.NS,71.53,1942.27,81.9,3,1952.61,10.34,0.53,0.0,n/a,Normal market alignment.
2023-01-17,HDFC_BANK,HDB,HDFC.NS,71.91,1953.24,81.86,3,1962.23,8.99,0.46,0.0,n/a,Normal market alignment.
2023-01-18,HDFC_BANK,HDB,HDFC.NS,70.94,1924.33,81.85,3,1935.57,11.24,0.58,0.0,n/a,Normal market alignment.
2023-01-19,HDFC_BANK,HDB,HDFC.NS,70.25,1935.26,81.89,3,1917.53,-17.73,-0.92,0.0,n/a,Normal market alignment.
2023-01-20,HDFC_BANK,HDB,HDFC.NS,71.83,1963.69,81.84,3,1959.35,-4.34,-0.22,0.0,n/a,Normal market alignment.
2023-01-23,HDFC_BANK,HDB,HDFC.NS,71.26,1916.1,81.84,3,1944.04,27.94,1.46,0.0,n/a,Normal market alignment.
2023-01-24,HDFC_BANK,HDB,HDFC.NS,71.78,1932.1,81.82,3,1957.67,25.56,1.32,0.0,n/a,Normal market alignment.
2023-01-25,HDFC_BANK,HDB,HDFC.NS,69.79,1868.91,81.81,3,1903.02,34.11,1.83,5.0,offline,"Offline insight: HDFC_BANK ADR-implied price is at a 1.83% premium to its NSE close, consistent with overnight US trading and FX movement."
2023-01-26,HDFC_BANK,HDB,HDFC.NS,71.76,1934.08,81.85,3,1957.74,23.66,1.22,0.0,n/a,Normal market alignment.
2023-01-27,HDFC_BANK,HDB,HDFC.NS,72.43,1963.17,81.87,3,1976.57,13.4,0.68,0.0,n/a,Normal market alignment.
2023-01-30,HDFC_BANK,HDB,HDFC.NS,72.25,1959.8,81.93,3,1973.06,13.26,0.68,0.0,n/a,Normal market alignment.
2023-01-31,HDFC_BANK,HDB,HDFC.NS,72.9,1993.85,81.92,3,1990.56,-3.29,-0.17,0.0,n/a,Normal market alignment.
2023-02-01,HDFC_BANK,HDB,HDFC.NS,71.38,1963.62,81.89,3,1948.42,-15.19,-0.77,0.0,n/a,Normal market alignment.
2023-02-02,HDFC_BANK,HDB,HDFC.NS,72.66,1975.04,81.89,3,1983.38,8.34,0.42,0.0,n/a,Normal market alignment.
2023-02-03,HDFC_BANK,HDB,HDFC.NS,72.33,1950.91,81.9,3,1974.59,23.68,1.21,0.0,n/a,Normal market alignment.
2023-02-06,HDFC_BANK,HDB,HDFC.NS,72.13,1968.65,81.9,3,1969.33,0.68,0.03,0.0,n/a,Normal market alignment.
2023-02-07,HDFC_BANK,HDB,HDFC.NS,71.62,1940.84,81.86,3,1954.39,13.55,0.7,0.0,n/a,Normal market alignment.
2023-02-08,HDFC_BANK,HDB,HDFC.NS,71.02,1931.15,81.87,3,1938.06,6.92,0.36,0.0,n/a,Normal market alignment.
2023-02-09,HDFC_BANK,HDB,HDFC.NS,71.78,1950.25,81.88,3,1959.08,8.83,0.45,0.0,n/a,Normal market alignment.
2023-02-10,HDFC_BANK,HDB,HDFC.NS,72.08,1958.01,81.98,3,1969.63,11.63,0.59,0.0,n/a,Normal market alignment.
2023-02-13,HDFC_BANK,HDB,HDFC.NS,72.8,1970.59,82.06,3,1991.33,20.74,1.05,0.0,n/a,Normal market alignment.
2023-02-14,HDFC_BANK,HDB,HDFC.NS,72.82,1977.23,82.02,3,1990.86,13.63,0.69,0.0,n/a,Normal market alignment.
2023-02-15,HDFC_BANK,HDB,HDFC.NS,73.4,1978.8,82.01,3,2006.52,27.72,1.4,0.0,n/a,Normal market alignment.
2023-02-16,HDFC_BANK,HDB,HDFC.NS,72.96,1972.27,81.95,3,1993.12,20.85,1.06,0.0,n/a,Normal market alignment.
2023-02-17,HDFC_BANK,HDB,HDFC.NS,75.42,2037.98,81.93,3,2059.81,21.83,1.07,0.0,n/a,Normal market alignment.
2023-02-20,HDFC_BANK,HDB,HDFC.NS,73.67,2011.12,81.94,3,2012.32,1.19,0.06,0.0,n/a,Normal market alignment.
2023-02-21,HDFC_BANK,HDB,HDFC.NS,75.09,2020.96,81.99,3,2052.21,31.26,1.55,-2.8,offline,"Offline insight: HDFC_BANK ADR-implied price is at a 1.55% premium to its NSE close, consistent with overnight US trading and FX movement."
2023-02-22,HDFC_BANK,HDB,HDFC.NS,76.65,2068.22,81.97,3,2094.22,26.0,1.26,0.0,n/a,Normal market alignment.
2023-02-23,HDFC_BANK,HDB,HDFC.NS,75.69,2041.85,81.94,3,2067.44,25.59,1.25,0.0,n/a,Normal market alignment.
2023-02-24,HDFC_BANK,HDB,HDFC.NS,78.25,2142.99,81.86,3,2134.98,-8.01,-0.37,0.0,n/a,Normal market alignment.
2023-02-27,HDFC_BANK,HDB,HDFC.NS,79.44,2184.84,81.85,3,2167.36,-17.48,-0.8,0.0,n/a,Normal market alignment.
2023-02-28,HDFC_BANK,HDB,HDFC.NS,80.62,2190.0,81.81,3,2198.46,8.46,0.39,0.0,n/a,Normal market alignment.
2023-03-01,HDFC_BANK,HDB,HDFC.NS,80.68,2190.03,81.79,3,2199.51,9.48,0.43,0.0,n/a,Normal market alignment.
2023-03-02,HDFC_BANK,HDB,HDFC.NS,80.44,2216.02,81.75,3,2192.08,-23.93,-1.08,0.0,n/a,Normal market alignment.
2023-03-03,HDFC_BANK,HDB,HDFC.NS,80.21,2184.06,81.75,3,2185.78,1.72,0.08,0.0,n/a,Normal market alignment.
2023-03-06,HDFC_BANK,HDB,HDFC.NS,80.7,2204.73,81.68,3,2197.38,-7.35,-0.33,0.0,n/a,Normal market alignment.
2023-03-07,HDFC_BANK,HDB,HDFC.NS,82.42,2225.11,81.62,3,2242.64,17.53,0.79,0.0,n/a,Normal market alignment.
2023-03-08,HDFC_BANK,HDB,HDFC.NS,82.67,2242.56,81.71,3,2251.78,9.22,0.41,0.0,n/a,Normal market alignment.
2023-03-09,HDFC_BANK,HDB,HDFC.NS,81.57,2211.67,81.66,3,2220.3,8.63,0.39,0.0,n/a,Normal market alignment.
2023-03-10,HDFC_BANK,HDB,HDFC.NS,82.6,2223.69,81.62,3,2247.24,23.56,1.06,0.0,n/a,Normal market alignment.
2023-03-13,HDFC_BANK,HDB,HDFC.NS,83.77,2280.88,81.69,3,2281.05,0.17,0.01,0.0,n/a,Normal market alignment.
2023-03-14,HDFC_BANK,HDB,HDFC.NS,84.62,2323.48,81.81,3,2307.44,-16.05,-0.69,0.0,n/a,Normal market alignment.
2023-03-15,HDFC_BANK,HDB,HDFC.NS,85.59,2345.57,81.76,3,2332.62,-12.95,-0.55,0.0,n/a,Normal market alignment.
2023-03-16,HDFC_BANK,HDB,HDFC.NS,85.26,2317.71,81.75,3,2323.45,5.75,0.25,0.0,n/a,Normal market alignment.
2023-03-17,HDFC_BANK,HDB,HDFC.NS,84.1,2310.27,81.76,3,2292.19,-18.09,-0.78,0.0,n/a,Normal market alignment.
2023-03-20,HDFC_BANK,HDB,HDFC.NS,83.03,2302.67,81.83,3,2264.96,-37.7,-1.64,-4.1,offline,"Offline insight: HDFC_BANK ADR-implied price is at a 1.64% discount to its NSE close, consistent with overnight US trading and FX movement."
2023-03-21,HDFC_BANK,HDB,HDFC.NS,81.02,2218.04,81.8,3,2209.04,-9.0,-0.41,0.0,n/a,Normal market alignment.
2023-03-22,HDFC_BANK,HDB,HDFC.NS,81.33,2232.17,81.79,3,2217.32,-14.86,-0.67,0.0,n/a,Normal market alignment.
2023-03-23,HDFC_BANK,HDB,HDFC.NS,81.25,2231.11,81.82,3,2216.07,-15.04,-0.67,0.0,n/a,Normal market alignment.
2023-03-24,HDFC_BANK,HDB,HDFC.NS,80.74,2240.79,81.84,3,2202.61,-38.19,-1.7,-2.7,offline,"Offline insight: HDFC_BANK ADR-implied price is at a 1.70% discount to its NSE close, consistent with overnight US trading and FX movement."
2023-03-27,HDFC_BANK,HDB,HDFC.NS,77.19,2137.27,81.82,3,2105.26,-32.01,-1.5,0.0,n/a,Normal market alignment.
2023-03-28,HDFC_BANK,HDB,HDFC.NS,75.77,2085.24,81.82,3,2066.39,-18.85,-0.9,0.0,n/a,Normal market alignment.
2023-03-29,HDFC_BANK,HDB,HDFC.NS,77.06,2098.08,81.77,3,2100.36,2.28,0.11,0.0,n/a,Normal market alignment.
2023-03-30,HDFC_BANK,HDB,HDFC.NS,76.32,2089.75,81.76,3,2079.84,-9.92,-0.47,0.0,n/a,Normal market alignment.
2023-03-31,HDFC_BANK,HDB,HDFC.NS,76.75,2073.31,81.75,3,2091.46,18.15,0.88,0.0,n/a,Normal market alignment.
2023-04-03,HDFC_BANK,HDB,HDFC.NS,75.18,2047.78,81.76,3,2048.72,0.94,0.05,0.0,n/a,Normal market alignment.
2023-04-04,HDFC_BANK,HDB,HDFC.NS,76.82,2102.48,81.74,3,2093.0,-9.47,-0.45,0.0,n/a,Normal market alignment.
2023-04-05,HDFC_BANK,HDB,HDFC.NS,76.68,2072.91,81.76,3,2089.62,16.7,0.81,0.0,n/a,Normal market alignment.
2023-04-06,HDFC_BANK,HDB,HDFC.NS,77.03,2087.22,81.8,3,2100.4,13.18,0.63,0.0,n/a,Normal market alignment.
2023-04-07,HDFC_BANK,HDB,HDFC.NS,79.74,2174.66,81.8,3,2174.5,-0.16,-0.01,0.0,n/a,Normal market alignment.
2023-04-10,HDFC_BANK,HDB,HDFC.NS,81.58,2227.54,81.82,3,2225.02,-2.52,-0.11,0.0,n/a,Normal market alignment.
2023-04-11,HDFC_BANK,HDB,HDFC.NS,81.23,2196.23,81.82,3,2215.55,19.31,0.88,0.0,n/a,Normal market alignment.
2023-04-12,HDFC_BANK,HDB,HDFC.NS,80.53,2162.91,81.82,3,2196.52,33.61,1.55,-4.2,offline,"Offline insight: HDFC_BANK ADR-implied price is at a 1.55% premium to its NSE close, consistent with overnight US trading and FX movement."
2023-04-13,HDFC_BANK,HDB,HDFC.NS,80.16,2177.86,81.8,3,2185.71,7.85,0.36,0.0,n/a,Normal market alignment.
2023-04-14,HDFC_BANK,HDB,HDFC.NS,80.8,2199.35,81.81,3,2203.45,4.11,0.19,0.0,n/a,Normal market alignment.
2023-04-17,HDFC_BANK,HDB,HDFC.NS,80.7,2196.71,81.81,3,2200.56,3.85,0.18,0.0,n/a,Normal market alignment.
2023-04-18,HDFC_BANK,HDB,HDFC.NS,80.24,2203.33,81.89,3,2190.44,-12.9,-0.59,0.0,n/a,Normal market alignment.
2023-04-19,HDFC_BANK,HDB,HDFC.NS,82.03,2249.83,81.96,3,2241.05,-8.78,-0.39,0.0,n/a,Normal market alignment.
2023-04-20,HDFC_BANK,HDB,HDFC.NS,81.92,2243.5,81.97,3,2238.33,-5.17,-0.23,0.0,n/a,Normal market alignment.
2023-04-21,HDFC_BANK,HDB,HDFC.NS,84.77,2300.2,81.94,3,2315.38,15.18,0.66,0.0,n/a,Normal market alignment.
2023-04-24,HDFC_BANK,HDB,HDFC.NS,84.91,2289.57,81.9,3,2317.99,28.42,1.24,0.0,n/a,Normal market alignment.
2023-04-25,HDFC_BANK,HDB,HDFC.NS,87.21,2369.99,81.95,3,2382.18,12.19,0.51,0.0,n/a,Normal market alignment.
2023-04-26,HDFC_BANK,HDB,HDFC.NS,87.7,2392.2,81.96,3,2396.0,3.8,0.16,0.0,n/a,Normal market alignment.
2023-04-27,HDFC_BANK,HDB,HDFC.NS,89.0,2418.37,81.98,3,2431.92,13.55,0.56,0.0,n/a,Normal market alignment.
2023-04-28,HDFC_BANK,HDB,HDFC.NS,88.05,2405.97,81.91,3,2404.2,-1.77,-0.07,0.0,n/a,Normal market alignment.
2023-05-01,HDFC_BANK,HDB,HDFC.NS,86.95,2366.53,81.95,3,2375.24,8.71,0.37,0.0,n/a,Normal market alignment.
2023-05-02,HDFC_BANK,HDB,HDFC.NS,87.58,2389.08,81.97,3,2392.89,3.8,0.16,0.0,n/a,Normal market alignment.
2023-05-03,HDFC_BANK,HDB,HDFC.NS,88.9,2442.04,81.92,3,2427.8,-14.24,-0.58,0.0,n/a,Normal market alignment.
2023-05-04,HDFC_BANK,HDB,HDFC.NS,88.98,2454.49,81.91,3,2429.47,-25.03,-1.02,0.0,n/a,Normal market alignment.
2023-05-05,HDFC_BANK,HDB,HDFC.NS,87.29,2374.13,81.92,3,2383.65,9.52,0.4,0.0,n/a,Normal market alignment.
2023-05-08,HDFC_BANK,HDB,HDFC.NS,85.54,2332.76,81.92,3,2335.82,3.06,0.13,0.0,n/a,Normal market alignment.
2023-05-09,HDFC_BANK,HDB,HDFC.NS,83.73,2258.51,81.91,3,2286.22,27.71,1.23,0.0,n/a,Normal market alignment.
2023-05-10,HDFC_BANK,HDB,HDFC.NS,81.54,2217.85,81.91,3,2226.2,8.35,0.38,0.0,n/a,Normal market alignment.
2023-05-11,HDFC_BANK,HDB,HDFC.NS,81.7,2220.73,81.9,3,2230.28,9.55,0.43,0.0,n/a,Normal market alignment.
2023-05-12,HDFC_BANK,HDB,HDFC.NS,83.1,2225.76,81.91,3,2268.78,43.02,1.93,-2.6,offline,"Offline insight: HDFC_BANK ADR-implied price is at a 1.93% premium to its NSE close, consistent with overnight US trading and FX movement."
2023-05-15,HDFC_BANK,HDB,HDFC.NS,83.11,2261.18,81.97,3,2270.66,9.49,0.42,0.0,n/a,Normal market alignment.
2023-05-16,HDFC_BANK,HDB,HDFC.NS,80.32,2215.49,81.86,3,2191.63,-23.86,-1.08,0.0,n/a,Normal market alignment.
2023-05-17,HDFC_BANK,HDB,HDFC.NS,80.11,2180.24,81.86,3,2185.79,5.55,0.25,0.0,n/a,Normal market alignment.
2023-05-18,HDFC_BANK,HDB,HDFC.NS,79.94,2190.66,81.86,3,2181.33,-9.33,-0.43,0.0,n/a,Normal market alignment.
2023-05-19,HDFC_BANK,HDB,HDFC.NS,82.48,2257.01,81.88,3,2250.92,-6.1,-0.27,0.0,n/a,Normal market alignment.
2023-05-22,HDFC_BANK,HDB,HDFC.NS,80.7,2214.69,81.86,3,2202.02,-12.67,-0.57,0.0,n/a,Normal market alignment.
2023-05-23,HDFC_BANK,HDB,HDFC.NS,80.25,2191.33,81.79,3,2187.92,-3.41,-0.16,0.0,n/a,Normal market alignment.
2023-05-24,HDFC_BANK,HDB,HDFC.NS,82.33,2262.11,81.81,3,2244.95,-17.16,-0.76,0.0,n/a,Normal market alignment.
2023-05-25,HDFC_BANK,HDB,HDFC.NS,82.91,2275.94,81.88,3,2262.71,-13.23,-0.58,0.0,n/a,Normal market alignment.
2023-05-26,HDFC_BANK,HDB,HDFC.NS,83.63,2281.6,81.82,3,2280.83,-0.77,-0.03,0.0,n/a,Normal market alignment.
2023-05-29,HDFC_BANK,HDB,HDFC.NS,83.8,2303.15,81.85,3,2286.43,-16.72,-0.73,0.0,n/a,Normal market alignment.
2023-05-30,HDFC_BANK,HDB,HDFC.NS,84.24,2319.56,81.84,3,2298.09,-21.47,-0.93,0.0,n/a,Normal market alignment.
2023-05-31,HDFC_BANK,HDB,HDFC.NS,85.25,2344.26,81.84,3,2325.54,-18.72,-0.8,0.0,n/a,Normal market alignment.
2023-06-01,HDFC_BANK,HDB,HDFC.NS,84.24,2331.34,81.8,3,2296.85,-34.49,-1.48,0.0,n/a,Normal market alignment.
2023-06-02,HDFC_BANK,HDB,HDFC.NS,85.37,2355.31,81.79,3,2327.44,-27.87,-1.18,0.0,n/a,Normal market alignment.
2023-06-05,HDFC_BANK,HDB,HDFC.NS,83.64,2296.07,81.84,3,2281.68,-14.39,-0.63,0.0,n/a,Normal market alignment.
2023-06-06,HDFC_BANK,HDB,HDFC.NS,84.08,2309.43,81.86,3,2294.28,-15.15,-0.66,0.0,n/a,Normal market alignment.
2023-06-07,HDFC_BANK,HDB,HDFC.NS,84.33,2316.61,81.93,3,2303.1,-13.52,-0.58,0.0,n/a,Normal market alignment.
2023-06-08,HDFC_BANK,HDB,HDFC.NS,83.57,2292.18,81.98,3,2283.84,-8.34,-0.36,0.0,n/a,Normal market alignment.
2023-06-09,HDFC_BANK,HDB,HDFC.NS,83.57,2299.84,82.0,3,2284.26,-15.58,-0.68,0.0,n/a,Normal market alignment.
2023-06-12,HDFC_BANK,HDB,HDFC.NS,82.82,2263.82,82.07,3,2265.57,1.75,0.08,0.0,n/a,Normal market alignment.
2023-06-13,HDFC_BANK,HDB,HDFC.NS,81.51,2207.12,82.09,3,2230.33,23.21,1.05,0.0,n/a,Normal market alignment.
2023-06-14,HDFC_BANK,HDB,HDFC.NS,81.1,2213.33,82.12,3,2220.1,6.77,0.31,0.0,n/a,Normal market alignment.
2023-06-15,HDFC_BANK,HDB,HDFC.NS,79.78,2172.34,82.11,3,2183.71,11.36,0.52,0.0,n/a,Normal market alignment.
2023-06-16,HDFC_BANK,HDB,HDFC.NS,80.19,2191.83,82.12,3,2195.03,3.2,0.15,0.0,n/a,Normal market alignment.
2023-06-19,HDFC_BANK,HDB,HDFC.NS,78.83,2149.73,82.09,3,2157.12,7.39,0.34,0.0,n/a,Normal market alignment.
2023-06-20,HDFC_BANK,HDB,HDFC.NS,79.7,2153.84,82.13,3,2181.88,28.05,1.3,0.0,n/a,Normal market alignment.
2023-06-21,HDFC_BANK,HDB,HDFC.NS,78.31,2118.57,82.08,3,2142.66,24.1,1.14,0.0,n/a,Normal market alignment.
2023-06-22,HDFC_BANK,HDB,HDFC.NS,77.67,2137.89,82.12,3,2125.94,-11.95,-0.56,0.0,n/a,Normal market alignment.
2023-06-23,HDFC_BANK,HDB,HDFC.NS,76.96,2106.86,82.11,3,2106.49,-0.37,-0.02,0.0,n/a,Normal market alignment.
2023-06-26,HDFC_BANK,HDB,HDFC.NS,78.52,2132.07,82.16,3,2150.25,18.17,0.85,0.0,n/a,Normal market alignment.
2023-06-27,HDFC_BANK,HDB,HDFC.NS,78.93,2154.68,82.19,3,2162.36,7.68,0.36,0.0,n/a,Normal market alignment.
2023-06-28,HDFC_BANK,HDB,HDFC.NS,78.7,2138.6,82.26,3,2158.08,19.48,0.91,0.0,n/a,Normal market alignment.
2023-06-29,HDFC_BANK,HDB,HDFC.NS,79.32,2174.29,82.29,3,2175.67,1.38,0.06,0.0,n/a,Normal market alignment.
2023-06-30,HDFC_BANK,HDB,HDFC.NS,76.83,2127.28,82.23,3,2105.97,-21.31,-1.0,0.0,n/a,Normal market alignment.
2023-07-03,HDFC_BANK,HDB,HDFC.NS,76.81,2115.82,82.23,3,2105.2,-10.63,-0.5,0.0,n/a,Normal market alignment.
2023-07-04,HDFC_BANK,HDB,HDFC.NS,79.13,2201.4,82.18,3,2167.7,-33.7,-1.53,-5.8,offline,"Offline insight: HDFC_BANK ADR-implied price is at a 1.53% discount to its NSE close, consistent with overnight US trading and FX movement."
2023-07-05,HDFC_BANK,HDB,HDFC.NS,79.31,2195.98,82.16,3,2172.13,-23.86,-1.09,0.0,n/a,Normal market alignment.
2023-07-06,HDFC_BANK,HDB,HDFC.NS,79.42,2171.21,82.22,3,2176.62,5.41,0.25,0.0,n/a,Normal market alignment.
2023-07-07,HDFC_BANK,HDB,HDFC.NS,80.09,2222.26,82.25,3,2195.88,-26.39,-1.19,0.0,n/a,Normal market alignment.
2023-07-10,HDFC_BANK,HDB,HDFC.NS,81.19,2261.67,82.22,3,2225.3,-36.37,-1.61,-4.8,offline,"Offline insight: HDFC_BANK ADR-implied price is at a 1.61% discount to its NSE close, consistent with overnight US trading and FX movement."
2023-07-11,HDFC_BANK,HDB,HDFC.NS,78.78,2195.3,82.18,3,2158.26,-37.04,-1.69,-1.2,offline,"Offline insight: HDFC_BANK ADR-implied price is at a 1.69% discount to its NSE close, consistent with overnight US trading and FX movement."
2023-07-12,HDFC_BANK,HDB,HDFC.NS,76.82,2126.98,82.19,3,2104.5,-22.48,-1.06,0.0,n/a,Normal market alignment.
2023-07-13,HDFC_BANK,HDB,HDFC.NS,77.08,2129.5,82.14,3,2110.55,-18.95,-0.89,0.0,n/a,Normal market alignment.
2023-07-14,HDFC_BANK,HDB,HDFC.NS,76.28,2078.63,82.11,3,2087.89,9.26,0.45,0.0,n/a,Normal market alignment.
2023-07-17,HDFC_BANK,HDB,HDFC.NS,77.81,2110.22,82.13,3,2129.96,19.74,0.94,0.0,n/a,Normal market alignment.
2023-07-18,HDFC_BANK,HDB,HDFC.NS,77.46,2102.66,82.17,3,2121.75,19.09,0.91,0.0,n/a,Normal market alignment.
2023-07-19,HDFC_BANK,HDB,HDFC.NS,75.24,2048.2,82.2,3,2061.45,13.24,0.65,0.0,n/a,Normal market alignment.
2023-07-20,HDFC_BANK,HDB,HDFC.NS,73.83,2007.31,82.11,3,2020.63,13.31,0.66,0.0,n/a,Normal market alignment.
2023-07-21,HDFC_BANK,HDB,HDFC.NS,70.8,1942.19,82.12,3,1938.2,-3.99,-0.21,0.0,n/a,Normal market alignment.
2023-07-24,HDFC_BANK,HDB,HDFC.NS,70.58,1922.9,82.13,3,1932.07,9.17,0.48,0.0,n/a,Normal market alignment.
2023-07-25,HDFC_BANK,HDB,HDFC.NS,70.4,1937.14,82.14,3,1927.6,-9.54,-0.49,0.0,n/a,Normal market alignment.
2023-07-26,HDFC_BANK,HDB,HDFC.NS,69.97,1911.91,82.21,3,1917.44,5.53,0.29,0.0,n/a,Normal market alignment.
2023-07-27,HDFC_BANK,HDB,HDFC.NS,71.13,1927.76,82.13,3,1947.11,19.35,1.0,0.0,n/a,Normal market alignment.
2023-07-28,HDFC_BANK,HDB,HDFC.NS,72.43,1967.4,82.1,3,1982.15,14.75,0.75,0.0,n/a,Normal market alignment.
2023-07-31,HDFC_BANK,HDB,HDFC.NS,72.26,1971.83,82.13,3,1978.28,6.44,0.33,0.0,n/a,Normal market alignment.
2023-08-01,HDFC_BANK,HDB,HDFC.NS,69.97,1905.0,82.07,3,1914.07,9.07,0.48,0.0,n/a,Normal market alignment.
2023-08-02,HDFC_BANK,HDB,HDFC.NS,70.64,1967.57,82.13,3,1933.78,-33.79,-1.72,5.3,offline,"Offline insight: HDFC_BANK ADR-implied price is at a 1.72% discount to its NSE close, consistent with overnight US trading and FX movement."
2023-08-03,HDFC_BANK,HDB,HDFC.NS,71.25,1966.95,82.14,3,1950.84,-16.11,-0.82,0.0,n/a,Normal market alignment.
2023-08-04,HDFC_BANK,HDB,HDFC.NS,71.6,1972.57,82.18,3,1961.32,-11.26,-0.57,0.0,n/a,Normal market alignment.
2023-08-07,HDFC_BANK,HDB,HDFC.NS,72.68,1997.8,82.16,3,1990.25,-7.55,-0.38,0.0,n/a,Normal market alignment.
2023-08-08,HDFC_BANK,HDB,HDFC.NS,71.43,1951.64,82.19,3,1956.87,5.23,0.27,0.0,n/a,Normal market alignment.
2023-08-09,HDFC_BANK,HDB,HDFC.NS,73.6,2015.31,82.23,3,2017.49,2.18,0.11,0.0,n/a,Normal market alignment.
2023-08-10,HDFC_BANK,HDB,HDFC.NS,72.56,2004.01,82.24,3,1989.31,-14.69,-0.73,0.0,n/a,Normal market alignment.
2023-08-11,HDFC_BANK,HDB,HDFC.NS,73.4,2023.43,82.25,3,2012.52,-10.9,-0.54,0.0,n/a,Normal market alignment.
2023-08-14,HDFC_BANK,HDB,HDFC.NS,71.57,1967.9,82.27,3,1962.47,-5.43,-0.28,0.0,n/a,Normal market alignment.
2023-08-15,HDFC_BANK,HDB,HDFC.NS,70.59,1936.53,82.23,3,1934.89,-1.65,-0.09,0.0,n/a,Normal market alignment.
2023-08-16,HDFC_BANK,HDB,HDFC.NS,72.22,1978.13,82.23,3,1979.36,1.23,0.06,0.0,n/a,Normal market alignment.
2023-08-17,HDFC_BANK,HDB,HDFC.NS,71.95,1957.11,82.22,3,1972.08,14.97,0.76,0.0,n/a,Normal market alignment.
2023-08-18,HDFC_BANK,HDB,HDFC.NS,72.88,2003.96,82.24,3,1997.92,-6.04,-0.3,0.0,n/a,Normal market alignment.
2023-08-21,HDFC_BANK,HDB,HDFC.NS,73.16,2007.78,82.28,3,2006.62,-1.16,-0.06,0.0,n/a,Normal market alignment.
2023-08-22,HDFC_BANK,HDB,HDFC.NS,73.07,1985.81,82.24,3,2003.05,17.24,0.87,0.0,n/a,Normal market alignment.
2023-08-23,HDFC_BANK,HDB,HDFC.NS,74.59,2058.81,82.23,3,2044.53,-14.27,-0.69,0.0,n/a,Normal market alignment.
2023-08-24,HDFC_BANK,HDB,HDFC.NS,74.34,2045.32,82.29,3,2039.38,-5.94,-0.29,0.0,n/a,Normal market alignment.
2023-08-25,HDFC_BANK,HDB,HDFC.NS,72.38,1996.48,82.27,3,1984.83,-11.66,-0.58,0.0,n/a,Normal market alignment.
2023-08-28,HDFC_BANK,HDB,HDFC.NS,71.53,1972.78,82.23,3,1960.75,-12.03,-0.61,0.0,n/a,Normal market alignment.
2023-08-29,HDFC_BANK,HDB,HDFC.NS,72.14,1997.73,82.24,3,1977.77,-19.96,-1.0,0.0,n/a,Normal market alignment.
2023-08-30,HDFC_BANK,HDB,HDFC.NS,72.59,2005.34,82.28,3,1990.93,-14.4,-0.72,0.0,n/a,Normal market alignment.
2023-08-31,HDFC_BANK,HDB,HDFC.NS,70.91,1928.22,82.28,3,1944.77,16.54,0.86,0.0,n/a,Normal market alignment.
2023-09-01,HDFC_BANK,HDB,HDFC.NS,70.16,1932.64,82.33,3,1925.49,-7.16,-0.37,0.0,n/a,Normal market alignment.
2023-09-04,HDFC_BANK,HDB,HDFC.NS,69.57,1930.17,82.37,3,1910.08,-20.09,-1.04,0.0,n/a,Normal market alignment.
2023-09-05,HDFC_BANK,HDB,HDFC.NS,69.21,1930.64,82.4,3,1900.98,-29.65,-1.54,-6.2,offline,"Offline insight: HDFC_BANK ADR-implied price is at a 1.54% discount to its NSE close, consistent with overnight US trading and FX movement."
2023-09-06,HDFC_BANK,HDB,HDFC.NS,67.8,1857.5,82.43,3,1862.84,5.34,0.29,0.0,n/a,Normal market alignment.
2023-09-07,HDFC_BANK,HDB,HDFC.NS,67.18,1850.75,82.52,3,1847.95,-2.8,-0.15,0.0,n/a,Normal market alignment.
2023-09-08,HDFC_BANK,HDB,HDFC.NS,66.47,1830.14,82.51,3,1828.15,-1.99,-0.11,0.0,n/a,Normal market alignment.
2023-09-11,HDFC_BANK,HDB,HDFC.NS,67.26,1854.52,82.43,3,1848.08,-6.44,-0.35,0.0,n/a,Normal market alignment.
2023-09-12,HDFC_BANK,HDB,HDFC.NS,68.09,1888.97,82.5,3,1872.54,-16.42,-0.87,0.0,n/a,Normal market alignment.
2023-09-13,HDFC_BANK,HDB,HDFC.NS,67.96,1881.53,82.48,3,1868.62,-12.91,-0.69,0.0,n/a,Normal market alignment.
2023-09-14,HDFC_BANK,HDB,HDFC.NS,67.59,1834.3,82.49,3,1858.31,24.01,1.31,0.0,n/a,Normal market alignment.
2023-09-15,HDFC_BANK,HDB,HDFC.NS,67.75,1831.74,82.54,3,1863.97,32.24,1.76,-4.0,offline,"Offline insight: HDFC_BANK ADR-implied price is at a 1.76% premium to its NSE close, consistent with overnight US trading and FX movement."
2023-09-18,HDFC_BANK,HDB,HDFC.NS,66.94,1831.89,82.48,3,1840.29,8.41,0.46,0.0,n/a,Normal market alignment.
2023-09-19,HDFC_BANK,HDB,HDFC.NS,65.81,1795.03,82.43,3,1808.11,13.08,0.73,0.0,n/a,Normal market alignment.
2023-09-20,HDFC_BANK,HDB,HDFC.NS,64.9,1784.37,82.37,3,1781.79,-2.59,-0.14,0.0,n/a,Normal market alignment.
2023-09-21,HDFC_BANK,HDB,HDFC.NS,64.3,1788.49,82.33,3,1764.7,-23.79,-1.33,0.0,n/a,Normal market alignment.
2023-09-22,HDFC_BANK,HDB,HDFC.NS,63.2,1736.29,82.35,3,1734.82,-1.47,-0.08,0.0,n/a,Normal market alignment.
2023-09-25,HDFC_BANK,HDB,HDFC.NS,63.37,1726.88,82.38,3,1740.02,13.15,0.76,0.0,n/a,Normal market alignment.
2023-09-26,HDFC_BANK,HDB,HDFC.NS,64.08,1739.17,82.39,3,1759.85,20.68,1.19,0.0,n/a,Normal market alignment.
2023-09-27,HDFC_BANK,HDB,HDFC.NS,62.58,1710.74,82.33,3,1717.32,6.58,0.38,0.0,n/a,Normal market alignment.
2023-09-28,HDFC_BANK,HDB,HDFC.NS,62.62,1714.62,82.24,3,1716.58,1.95,0.11,0.0,n/a,Normal market alignment.
2023-09-29,HDFC_BANK,HDB,HDFC.NS,62.43,1701.4,82.24,3,1711.49,10.09,0.59,0.0,n/a,Normal market alignment.
2023-10-02,HDFC_BANK,HDB,HDFC.NS,62.77,1709.63,82.23,3,1720.4,10.77,0.63,0.0,n/a,Normal market alignment.
2023-10-03,HDFC_BANK,HDB,HDFC.NS,62.78,1719.23,82.24,3,1720.99,1.76,0.1,0.0,n/a,Normal market alignment.
2023-10-04,HDFC_BANK,HDB,HDFC.NS,61.43,1702.83,82.27,3,1684.58,-18.25,-1.07,0.0,n/a,Normal market alignment.
2023-10-05,HDFC_BANK,HDB,HDFC.NS,60.28,1662.68,82.28,3,1653.31,-9.37,-0.56,0.0,n/a,Normal market alignment.
2023-10-06,HDFC_BANK,HDB,HDFC.NS,60.33,1648.29,82.31,3,1655.17,6.88,0.42,0.0,n/a,Normal market alignment.
2023-10-09,HDFC_BANK,HDB,HDFC.NS,61.27,1691.36,82.32,3,1681.42,-9.94,-0.59,0.0,n/a,Normal market alignment.
2023-10-10,HDFC_BANK,HDB,HDFC.NS,59.26,1624.98,82.34,3,1626.52,1.53,0.09,0.0,n/a,Normal market alignment.
2023-10-11,HDFC_BANK,HDB,HDFC.NS,59.58,1630.19,82.32,3,1634.9,4.71,0.29,0.0,n/a,Normal market alignment.
2023-10-12,HDFC_BANK,HDB,HDFC.NS,60.66,1652.9,82.31,3,1664.44,11.54,0.7,0.0,n/a,Normal market alignment.
2023-10-13,HDFC_BANK,HDB,HDFC.NS,60.54,1644.37,82.32,3,1661.3,16.93,1.03,0.0,n/a,Normal market alignment.
2023-10-16,HDFC_BANK,HDB,HDFC.NS,61.06,1673.99,82.35,3,1676.19,2.2,0.13,0.0,n/a,Normal market alignment.
2023-10-17,HDFC_BANK,HDB,HDFC.NS,60.44,1676.37,82.34,3,1658.72,-17.65,-1.05,0.0,n/a,Normal market alignment.
2023-10-18,HDFC_BANK,HDB,HDFC.NS,60.35,1673.51,82.36,3,1656.69,-16.82,-1.01,0.0,n/a,Normal market alignment.
2023-10-19,HDFC_BANK,HDB,HDFC.NS,58.9,1616.41,82.35,3,1616.72,0.31,0.02,0.0,n/a,Normal market alignment.
2023-10-20,HDFC_BANK,HDB,HDFC.NS,56.84,1566.04,82.35,3,1560.28,-5.76,-0.37,0.0,n/a,Normal market alignment.
2023-10-23,HDFC_BANK,HDB,HDFC.NS,57.66,1594.74,82.38,3,1583.47,-11.27,-0.71,0.0,n/a,Normal market alignment.
2023-10-24,HDFC_BANK,HDB,HDFC.NS,56.83,1586.0,82.3,3,1559.06,-26.94,-1.7,5.7,offline,"Offline insight: HDFC_BANK ADR-implied price is at a 1.70% discount to its NSE close, consistent with overnight US trading and FX movement."
2023-10-25,HDFC_BANK,HDB,HDFC.NS,56.46,1544.71,82.25,3,1547.92,3.21,0.21,0.0,n/a,Normal market alignment.
2023-10-26,HDFC_BANK,HDB,HDFC.NS,55.3,1504.54,82.19,3,1515.11,10.57,0.7,0.0,n/a,Normal market alignment.
2023-10-27,HDFC_BANK,HDB,HDFC.NS,54.15,1467.76,82.1,3,1481.86,14.1,0.96,0.0,n/a,Normal market alignment.
2023-10-30,HDFC_BANK,HDB,HDFC.NS,54.02,1459.67,82.08,3,1477.97,18.3,1.25,0.0,n/a,Normal market alignment.
2023-10-31,HDFC_BANK,HDB,HDFC.NS,53.45,1446.07,82.11,3,1462.79,16.72,1.16,0.0,n/a,Normal market alignment.
2023-11-01,HDFC_BANK,HDB,HDFC.NS,53.77,1463.69,82.1,3,1471.33,7.65,0.52,0.0,n/a,Normal market alignment.
2023-11-02,HDFC_BANK,HDB,HDFC.NS,54.15,1478.98,82.1,3,1481.92,2.94,0.2,0.0,n/a,Normal market alignment.
2023-11-03,HDFC_BANK,HDB,HDFC.NS,54.42,1493.0,82.15,3,1490.31,-2.69,-0.18,0.0,n/a,Normal market alignment.
2023-11-06,HDFC_BANK,HDB,HDFC.NS,54.64,1471.53,82.2,3,1497.08,25.55,1.74,5.5,offline,"Offline insight: HDFC_BANK ADR-implied price is at a 1.74% premium to its NSE close, consistent with overnight US trading and FX movement."
2023-11-07,HDFC_BANK,HDB,HDFC.NS,55.95,1511.3,82.2,3,1532.92,21.63,1.43,0.0,n/a,Normal market alignment.
2023-11-08,HDFC_BANK,HDB,HDFC.NS,55.07,1501.83,82.26,3,1509.85,8.02,0.53,0.0,n/a,Normal market alignment.
2023-11-09,HDFC_BANK,HDB,HDFC.NS,55.04,1499.45,82.26,3,1509.14,9.69,0.65,0.0,n/a,Normal market alignment.
2023-11-10,HDFC_BANK,HDB,HDFC.NS,55.99,1539.55,82.23,3,1534.63,-4.92,-0.32,0.0,n/a,Normal market alignment.
2023-11-13,HDFC_BANK,HDB,HDFC.NS,57.07,1550.41,82.21,3,1563.76,13.35,0.86,0.0,n/a,Normal market alignment.
2023-11-14,HDFC_BANK,HDB,HDFC.NS,55.87,1528.97,82.15,3,1529.8,0.83,0.05,0.0,n/a,Normal market alignment.
2023-11-15,HDFC_BANK,HDB,HDFC.NS,55.62,1516.64,82.11,3,1522.45,5.81,0.38,0.0,n/a,Normal market alignment.
2023-11-16,HDFC_BANK,HDB,HDFC.NS,56.77,1538.65,82.1,3,1553.67,15.02,0.98,0.0,n/a,Normal market alignment.
2023-11-17,HDFC_BANK,HDB,HDFC.NS,57.22,1553.33,82.13,3,1566.61,13.28,0.85,0.0,n/a,Normal market alignment.
2023-11-20,HDFC_BANK,HDB,HDFC.NS,57.41,1563.95,82.2,3,1573.0,9.06,0.58,0.0,n/a,Normal market alignment.
2023-11-21,HDFC_BANK,HDB,HDFC.NS,57.24,1561.76,82.15,3,1567.3,5.54,0.36,0.0,n/a,Normal market alignment.
2023-11-22,HDFC_BANK,HDB,HDFC.NS,56.92,1556.37,82.17,3,1559.07,2.7,0.17,0.0,n/a,Normal market alignment.
2023-11-23,HDFC_BANK,HDB,HDFC.NS,57.19,1570.21,82.12,3,1565.5,-4.7,-0.3,0.0,n/a,Normal market alignment.
2023-11-24,HDFC_BANK,HDB,HDFC.NS,56.99,1568.18,82.14,3,1560.43,-7.75,-0.49,0.0,n/a,Normal market alignment.
2023-11-27,HDFC_BANK,HDB,HDFC.NS,56.97,1548.37,82.14,3,1559.82,11.44,0.74,0.0,n/a,Normal market alignment.
2023-11-28,HDFC_BANK,HDB,HDFC.NS,57.05,1555.04,82.07,3,1560.75,5.71,0.37,0.0,n/a,Normal market alignment.
2023-11-29,HDFC_BANK,HDB,HDFC.NS,56.49,1551.17,82.11,3,1546.06,-5.11,-0.33,0.0,n/a,Normal market alignment.
2023-11-30,HDFC_BANK,HDB,HDFC.NS,56.96,1567.19,82.08,3,1558.43,-8.76,-0.56,0.0,n/a,Normal market alignment.
2023-12-01,HDFC_BANK,HDB,HDFC.NS,59.46,1619.57,82.06,3,1626.61,7.04,0.43,0.0,n/a,Normal market alignment.
2023-12-04,HDFC_BANK,HDB,HDFC.NS,57.9,1571.41,82.02,3,1582.94,11.53,0.73,0.0,n/a,Normal market alignment.
2023-12-05,HDFC_BANK,HDB,HDFC.NS,58.2,1577.49,82.0,3,1590.62,13.13,0.83,0.0,n/a,Normal market alignment.
2023-12-06,HDFC_BANK,HDB,HDFC.NS,57.55,1568.3,82.01,3,1573.31,5.01,0.32,0.0,n/a,Normal market alignment.
2023-12-07,HDFC_BANK,HDB,HDFC.NS,58.07,1577.92,82.01,3,1587.28,9.36,0.59,0.0,n/a,Normal market alignment.
2023-12-08,HDFC_BANK,HDB,HDFC.NS,58.12,1590.64,82.02,3,1589.14,-1.51,-0.09,0.0,n/a,Normal market alignment.
2023-12-11,HDFC_BANK,HDB,HDFC.NS,58.81,1611.92,82.04,3,1608.08,-3.85,-0.24,0.0,n/a,Normal market alignment.
2023-12-12,HDFC_BANK,HDB,HDFC.NS,59.86,1629.26,82.09,3,1637.99,8.73,0.54,0.0,n/a,Normal market alignment.
2023-12-13,HDFC_BANK,HDB,HDFC.NS,60.05,1627.76,82.08,3,1642.95,15.19,0.93,0.0,n/a,Normal market alignment.
2023-12-14,HDFC_BANK,HDB,HDFC.NS,61.09,1672.29,82.02,3,1670.16,-2.13,-0.13,0.0,n/a,Normal market alignment.
2023-12-15,HDFC_BANK,HDB,HDFC.NS,58.96,1623.75,82.06,3,1612.79,-10.96,-0.68,0.0,n/a,Normal market alignment.
2023-12-18,HDFC_BANK,HDB,HDFC.NS,60.38,1656.96,82.05,3,1651.5,-5.45,-0.33,0.0,n/a,Normal market alignment.
2023-12-19,HDFC_BANK,HDB,HDFC.NS,60.74,1645.58,82.1,3,1662.21,16.63,1.01,0.0,n/a,Normal market alignment.
2023-12-20,HDFC_BANK,HDB,HDFC.NS,61.74,1702.42,82.11,3,1689.92,-12.5,-0.73,0.0,n/a,Normal market alignment.
2023-12-21,HDFC_BANK,HDB,HDFC.NS,60.63,1663.51,82.11,3,1659.42,-4.09,-0.25,0.0,n/a,Normal market alignment.
2023-12-22,HDFC_BANK,HDB,HDFC.NS,59.89,1657.95,82.12,3,1639.54,-18.41,-1.11,0.0,n/a,Normal market alignment.
2023-12-25,HDFC_BANK,HDB,HDFC.NS,60.04,1663.67,82.2,3,1645.2,-18.47,-1.11,0.0,n/a,Normal market alignment.
2023-12-26,HDFC_BANK,HDB,HDFC.NS,60.04,1662.27,82.29,3,1646.96,-15.32,-0.92,0.0,n/a,Normal market alignment.
2023-12-27,HDFC_BANK,HDB,HDFC.NS,60.32,1668.66,82.29,3,1654.52,-14.14,-0.85,0.0,n/a,Normal market alignment.
2023-12-28,HDFC_BANK,HDB,HDFC.NS,61.32,1697.05,82.3,3,1682.08,-14.97,-0.88,0.0,n/a,Normal market alignment.
2023-12-29,HDFC_BANK,HDB,HDFC.NS,59.71,1647.56,82.34,3,1638.93,-8.64,-0.52,0.0,n/a,Normal market alignment.
2024-01-01,HDFC_BANK,HDB,HDFC.NS,60.6,1674.23,82.31,3,1662.69,-11.54,-0.69,0.0,n/a,Normal market alignment.
2024-01-02,HDFC_BANK,HDB,HDFC.NS,60.63,1687.95,82.32,3,1663.69,-24.26,-1.44,0.0,n/a,Normal market alignment.
2024-01-03,HDFC_BANK,HDB,HDFC.NS,60.46,1664.37,82.32,3,1659.1,-5.27,-0.32,0.0,n/a,Normal market alignment.
2024-01-04,HDFC_BANK,HDB,HDFC.NS,59.14,1617.8,82.34,3,1623.26,5.45,0.34,0.0,n/a,Normal market alignment.
2024-01-05,HDFC_BANK,HDB,HDFC.NS,59.61,1622.49,82.31,3,1635.35,12.86,0.79,0.0,n/a,Normal market alignment.
2024-01-08,HDFC_BANK,HDB,HDFC.NS,57.47,1584.98,82.24,3,1575.42,-9.56,-0.6,0.0,n/a,Normal market alignment.
2024-01-09,HDFC_BANK,HDB,HDFC.NS,58.04,1592.06,82.16,3,1589.63,-2.43,-0.15,0.0,n/a,Normal market alignment.
2024-01-10,HDFC_BANK,HDB,HDFC.NS,56.76,1547.8,82.12,3,1553.7,5.91,0.38,0.0,n/a,Normal market alignment.
2024-01-11,HDFC_BANK,HDB,HDFC.NS,56.82,1562.79,82.1,3,1555.09,-7.7,-0.49,0.0,n/a,Normal market alignment.
2024-01-12,HDFC_BANK,HDB,HDFC.NS,56.74,1557.08,82.09,3,1552.57,-4.5,-0.29,0.0,n/a,Normal market alignment.
2024-01-15,HDFC_BANK,HDB,HDFC.NS,57.75,1585.83,82.17,3,1581.78,-4.04,-0.25,0.0,n/a,Normal market alignment.
2024-01-16,HDFC_BANK,HDB,HDFC.NS,57.61,1561.15,82.21,3,1578.89,17.74,1.14,0.0,n/a,Normal market alignment.
2024-01-17,HDFC_BANK,HDB,HDFC.NS,57.03,1531.14,82.18,3,1562.21,31.07,2.03,2.5,offline,"Offline insight: HDFC_BANK ADR-implied price is at a 2.03% premium to its NSE close, consistent with overnight US trading and FX movement."
2024-01-18,HDFC_BANK,HDB,HDFC.NS,56.62,1550.28,82.19,3,1551.09,0.81,0.05,0.0,n/a,Normal market alignment.
2024-01-19,HDFC_BANK,HDB,HDFC.NS,57.71,1553.27,82.17,3,1580.88,27.6,1.78,-3.6,offline,"Offline insight: HDFC_BANK ADR-implied price is at a 1.78% premium to its NSE close, consistent with overnight US trading and FX movement."
2024-01-22,HDFC_BANK,HDB,HDFC.NS,58.2,1587.11,82.16,3,1593.87,6.76,0.43,0.0,n/a,Normal market alignment.
2024-01-23,HDFC_BANK,HDB,HDFC.NS,57.88,1570.5,82.17,3,1585.29,14.79,0.94,0.0,n/a,Normal market alignment.
2024-01-24,HDFC_BANK,HDB,HDFC.NS,57.69,1561.21,82.2,3,1580.64,19.43,1.24,0.0,n/a,Normal market alignment.
2024-01-25,HDFC_BANK,HDB,HDFC.NS,56.35,1542.95,82.19,3,1543.72,0.77,0.05,0.0,n/a,Normal market alignment.
2024-01-26,HDFC_BANK,HDB,HDFC.NS,56.69,1548.19,82.23,3,1554.0,5.81,0.38,0.0,n/a,Normal market alignment.
2024-01-29,HDFC_BANK,HDB,HDFC.NS,55.22,1510.36,82.18,3,1512.62,2.26,0.15,0.0,n/a,Normal market alignment.
2024-01-30,HDFC_BANK,HDB,HDFC.NS,55.85,1522.88,82.19,3,1530.16,7.28,0.48,0.0,n/a,Normal market alignment.
2024-01-31,HDFC_BANK,HDB,HDFC.NS,55.98,1528.67,82.29,3,1535.52,6.85,0.45,0.0,n/a,Normal market alignment.
2024-02-01,HDFC_BANK,HDB,HDFC.NS,58.0,1573.74,82.3,3,1591.16,17.41,1.11,0.0,n/a,Normal market alignment.
2024-02-02,HDFC_BANK,HDB,HDFC.NS,57.06,1555.34,82.36,3,1566.48,11.15,0.72,0.0,n/a,Normal market alignment.
2024-02-05,HDFC_BANK,HDB,HDFC.NS,56.99,1559.76,82.36,3,1564.63,4.87,0.31,0.0,n/a,Normal market alignment.
2024-02-06,HDFC_BANK,HDB,HDFC.NS,58.54,1592.57,82.39,3,1607.78,15.2,0.95,0.0,n/a,Normal market alignment.
2024-02-07,HDFC_BANK,HDB,HDFC.NS,59.61,1621.1,82.39,3,1636.97,15.87,0.98,0.0,n/a,Normal market alignment.
2024-02-08,HDFC_BANK,HDB,HDFC.NS,59.0,1602.62,82.38,3,1620.25,17.62,1.1,0.0,n/a,Normal market alignment.
2024-02-09,HDFC_BANK,HDB,HDFC.NS,59.22,1622.43,82.35,3,1625.58,3.16,0.19,0.0,n/a,Normal market alignment.
2024-02-12,HDFC_BANK,HDB,HDFC.NS,59.24,1636.54,82.37,3,1626.48,-10.06,-0.61,0.0,n/a,Normal market alignment.
2024-02-13,HDFC_BANK,HDB,HDFC.NS,59.51,1645.8,82.34,3,1633.19,-12.61,-0.77,0.0,n/a,Normal market alignment.
2024-02-14,HDFC_BANK,HDB,HDFC.NS,58.9,1631.7,82.36,3,1617.11,-14.59,-0.89,0.0,n/a,Normal market alignment.
2024-02-15,HDFC_BANK,HDB,HDFC.NS,58.84,1616.07,82.41,3,1616.3,0.22,0.01,0.0,n/a,Normal market alignment.
2024-02-16,HDFC_BANK,HDB,HDFC.NS,57.45,1567.5,82.42,3,1578.34,10.84,0.69,0.0,n/a,Normal market alignment.
2024-02-19,HDFC_BANK,HDB,HDFC.NS,57.58,1576.98,82.41,3,1581.81,4.83,0.31,0.0,n/a,Normal market alignment.
2024-02-20,HDFC_BANK,HDB,HDFC.NS,57.99,1574.67,82.43,3,1593.33,18.67,1.19,0.0,n/a,Normal market alignment.
2024-02-21,HDFC_BANK,HDB,HDFC.NS,57.81,1562.08,82.42,3,1588.16,26.07,1.67,-1.1,offline,"Offline insight: HDFC_BANK ADR-implied price is at a 1.67% premium to its NSE close, consistent with overnight US trading and FX movement."
2024-02-22,HDFC_BANK,HDB,HDFC.NS,56.42,1532.92,82.46,3,1550.88,17.96,1.17,0.0,n/a,Normal market alignment.
2024-02-23,HDFC_BANK,HDB,HDFC.NS,57.28,1570.95,82.39,3,1572.96,2.01,0.13,0.0,n/a,Normal market alignment.
2024-02-26,HDFC_BANK,HDB,HDFC.NS,57.61,1563.36,82.37,3,1581.8,18.44,1.18,0.0,n/a,Normal market alignment.
2024-02-27,HDFC_BANK,HDB,HDFC.NS,57.0,1553.22,82.3,3,1563.55,10.33,0.66,0.0,n/a,Normal market alignment.
2024-02-28,HDFC_BANK,HDB,HDFC.NS,56.77,1548.78,82.24,3,1556.33,7.55,0.49,0.0,n/a,Normal market alignment.
2024-02-29,HDFC_BANK,HDB,HDFC.NS,55.51,1521.96,82.29,3,1522.79,0.83,0.05,0.0,n/a,Normal market alignment.
2024-03-01,HDFC_BANK,HDB,HDFC.NS,54.68,1509.4,82.33,3,1500.49,-8.91,-0.59,0.0,n/a,Normal market alignment.
2024-03-04,HDFC_BANK,HDB,HDFC.NS,54.25,1509.19,82.3,3,1488.34,-20.86,-1.38,0.0,n/a,Normal market alignment.
2024-03-05,HDFC_BANK,HDB,HDFC.NS,55.27,1520.99,82.24,3,1515.12,-5.87,-0.39,0.0,n/a,Normal market alignment.
2024-03-06,HDFC_BANK,HDB,HDFC.NS,54.75,1510.68,82.13,3,1498.89,-11.79,-0.78,0.0,n/a,Normal market alignment.
2024-03-07,HDFC_BANK,HDB,HDFC.NS,55.3,1488.44,82.1,3,1513.35,24.91,1.67,-4.0,offline,"Offline insight: HDFC_BANK ADR-implied price is at a 1.67% premium to its NSE close, consistent with overnight US trading and FX movement."
2024-03-08,HDFC_BANK,HDB,HDFC.NS,54.87,1499.72,82.2,3,1503.38,3.66,0.24,0.0,n/a,Normal market alignment.
2024-03-11,HDFC_BANK,HDB,HDFC.NS,55.09,1520.92,82.22,3,1509.76,-11.16,-0.73,0.0,n/a,Normal market alignment.
2024-03-12,HDFC_BANK,HDB,HDFC.NS,54.99,1507.87,82.2,3,1506.62,-1.25,-0.08,0.0,n/a,Normal market alignment.
2024-03-13,HDFC_BANK,HDB,HDFC.NS,55.72,1511.73,82.22,3,1527.16,15.43,1.02,0.0,n/a,Normal market alignment.
2024-03-14,HDFC_BANK,HDB,HDFC.NS,55.29,1504.35,82.16,3,1514.24,9.89,0.66,0.0,n/a,Normal market alignment.
2024-03-15,HDFC_BANK,HDB,HDFC.NS,54.01,1467.11,82.15,3,1478.78,11.67,0.8,0.0,n/a,Normal market alignment.
2024-03-18,HDFC_BANK,HDB,HDFC.NS,52.9,1460.54,82.15,3,1448.66,-11.88,-0.81,0.0,n/a,Normal market alignment.
2024-03-19,HDFC_BANK,HDB,HDFC.NS,52.5,1451.46,82.15,3,1437.49,-13.97,-0.96,0.0,n/a,Normal market alignment.
2024-03-20,HDFC_BANK,HDB,HDFC.NS,51.53,1430.56,82.18,3,1411.55,-19.01,-1.33,0.0,n/a,Normal market alignment.
2024-03-21,HDFC_BANK,HDB,HDFC.NS,51.86,1451.75,82.2,3,1420.91,-30.83,-2.12,-5.2,offline,"Offline insight: HDFC_BANK ADR-implied price is at a 2.12% discount to its NSE close, consistent with overnight US trading and FX movement."
2024-03-22,HDFC_BANK,HDB,HDFC.NS,51.51,1428.93,82.22,3,1411.89,-17.04,-1.19,0.0,n/a,Normal market alignment.
2024-03-25,HDFC_BANK,HDB,HDFC.NS,53.36,1496.33,82.2,3,1462.13,-34.2,-2.29,-1.7,offline,"Offline insight: HDFC_BANK ADR-implied price is at a 2.29% discount to its NSE close, consistent with overnight US trading and FX movement."
2024-03-26,HDFC_BANK,HDB,HDFC.NS,51.99,1458.6,82.23,3,1425.1,-33.5,-2.3,1.1,offline,"Offline insight: HDFC_BANK ADR-implied price is at a 2.30% discount to its NSE close, consistent with overnight US trading and FX movement."
2024-03-27,HDFC_BANK,HDB,HDFC.NS,52.16,1456.58,82.3,3,1431.03,-25.55,-1.75,-2.0,offline,"Offline insight: HDFC_BANK ADR-implied price is at a 1.75% discount to its NSE close, consistent with overnight US trading and FX movement."
2024-03-28,HDFC_BANK,HDB,HDFC.NS,51.3,1429.97,82.26,3,1406.6,-23.37,-1.63,1.6,offline,"Offline insight: HDFC_BANK ADR-implied price is at a 1.63% discount to its NSE close, consistent with overnight US trading and FX movement."
2024-03-29,HDFC_BANK,HDB,HDFC.NS,50.93,1405.91,82.23,3,1396.03,-9.89,-0.7,0.0,n/a,Normal market alignment.
2024-04-01,HDFC_BANK,HDB,HDFC.NS,51.06,1403.25,82.28,3,1400.33,-2.92,-0.21,0.0,n/a,Normal market alignment.
2024-04-02,HDFC_BANK,HDB,HDFC.NS,49.29,1345.06,82.28,3,1351.8,6.74,0.5,0.0,n/a,Normal market alignment.
2024-04-03,HDFC_BANK,HDB,HDFC.NS,49.48,1346.81,82.33,3,1357.95,11.14,0.83,0.0,n/a,Normal market alignment.
2024-04-04,HDFC_BANK,HDB,HDFC.NS,50.91,1378.98,82.32,3,1396.83,17.86,1.29,0.0,n/a,Normal market alignment.
2024-04-05,HDFC_BANK,HDB,HDFC.NS,50.58,1378.06,82.38,3,1388.75,10.69,0.78,0.0,n/a,Normal market alignment.
2024-04-08,HDFC_BANK,HDB,HDFC.NS,50.79,1385.3,82.38,3,1394.68,9.39,0.68,0.0,n/a,Normal market alignment.
2024-04-09,HDFC_BANK,HDB,HDFC.NS,51.58,1405.99,82.39,3,1416.74,10.75,0.76,0.0,n/a,Normal market alignment.
2024-04-10,HDFC_BANK,HDB,HDFC.NS,51.47,1406.92,82.46,3,1414.77,7.85,0.56,0.0,n/a,Normal market alignment.
2024-04-11,HDFC_BANK,HDB,HDFC.NS,51.04,1401.84,82.44,3,1402.64,0.8,0.06,0.0,n/a,Normal market alignment.
2024-04-12,HDFC_BANK,HDB,HDFC.NS,49.31,1357.27,82.41,3,1354.58,-2.7,-0.2,0.0,n/a,Normal market alignment.
2024-04-15,HDFC_BANK,HDB,HDFC.NS,49.8,1377.25,82.39,3,1367.72,-9.52,-0.69,0.0,n/a,Normal market alignment.
2024-04-16,HDFC_BANK,HDB,HDFC.NS,49.73,1367.77,82.41,3,1366.13,-1.64,-0.12,0.0,n/a,Normal market alignment.
2024-04-17,HDFC_BANK,HDB,HDFC.NS,48.99,1346.63,82.35,3,1344.78,-1.85,-0.14,0.0,n/a,Normal market alignment.
2024-04-18,HDFC_BANK,HDB,HDFC.NS,49.1,1355.58,82.37,3,1348.17,-7.41,-0.55,0.0,n/a,Normal market alignment.
2024-04-19,HDFC_BANK,HDB,HDFC.NS,48.68,1347.1,82.35,3,1336.44,-10.66,-0.79,0.0,n/a,Normal market alignment.
2024-04-22,HDFC_BANK,HDB,HDFC.NS,48.31,1344.78,82.4,3,1327.0,-17.78,-1.32,0.0,n/a,Normal market alignment.
2024-04-23,HDFC_BANK,HDB,HDFC.NS,48.77,1339.38,82.31,3,1337.93,-1.45,-0.11,0.0,n/a,Normal market alignment.
2024-04-24,HDFC_BANK,HDB,HDFC.NS,47.8,1311.11,82.28,3,1310.98,-0.13,-0.01,0.0,n/a,Normal market alignment.
2024-04-25,HDFC_BANK,HDB,HDFC.NS,48.57,1339.06,82.21,3,1330.9,-8.17,-0.61,0.0,n/a,Normal market alignment.
2024-04-26,HDFC_BANK,HDB,HDFC.NS,47.56,1300.28,82.18,3,1302.89,2.6,0.2,0.0,n/a,Normal market alignment.
2024-04-29,HDFC_BANK,HDB,HDFC.NS,47.11,1294.02,82.19,3,1290.5,-3.52,-0.27,0.0,n/a,Normal market alignment.
2024-04-30,HDFC_BANK,HDB,HDFC.NS,48.48,1343.43,82.18,3,1328.01,-15.42,-1.15,0.0,n/a,Normal market alignment.
2024-05-01,HDFC_BANK,HDB,HDFC.NS,49.31,1350.36,82.17,3,1350.71,0.35,0.03,0.0,n/a,Normal market alignment.
2024-05-02,HDFC_BANK,HDB,HDFC.NS,49.4,1357.9,82.17,3,1353.01,-4.89,-0.36,0.0,n/a,Normal market alignment.
2024-05-03,HDFC_BANK,HDB,HDFC.NS,48.72,1341.21,82.18,3,1334.47,-6.74,-0.5,0.0,n/a,Normal market alignment.
2024-05-06,HDFC_BANK,HDB,HDFC.NS,48.35,1327.26,82.14,3,1323.64,-3.62,-0.27,0.0,n/a,Normal market alignment.
2024-05-07,HDFC_BANK,HDB,HDFC.NS,48.41,1317.59,82.17,3,1325.97,8.38,0.64,0.0,n/a,Normal market alignment.
2024-05-08,HDFC_BANK,HDB,HDFC.NS,48.45,1322.32,82.19,3,1327.56,5.23,0.4,0.0,n/a,Normal market alignment.
2024-05-09,HDFC_BANK,HDB,HDFC.NS,48.4,1334.44,82.21,3,1326.41,-8.03,-0.6,0.0,n/a,Normal market alignment.
2024-05-10,HDFC_BANK,HDB,HDFC.NS,48.4,1326.31,82.23,3,1326.57,0.26,0.02,0.0,n/a,Normal market alignment.
2024-05-13,HDFC_BANK,HDB,HDFC.NS,48.25,1327.26,82.25,3,1322.91,-4.35,-0.33,0.0,n/a,Normal market alignment.
2024-05-14,HDFC_BANK,HDB,HDFC.NS,47.23,1281.57,82.33,3,1295.99,14.42,1.12,0.0,n/a,Normal market alignment.
2024-05-15,HDFC_BANK,HDB,HDFC.NS,46.87,1277.69,82.33,3,1286.3,8.61,0.67,0.0,n/a,Normal market alignment.
2024-05-16,HDFC_BANK,HDB,HDFC.NS,47.53,1319.46,82.31,3,1304.15,-15.31,-1.16,0.0,n/a,Normal market alignment.
2024-05-17,HDFC_BANK,HDB,HDFC.NS,46.57,1283.04,82.29,3,1277.32,-5.72,-0.45,0.0,n/a,Normal market alignment.
2024-05-20,HDFC_BANK,HDB,HDFC.NS,46.45,1259.67,82.25,3,1273.45,13.78,1.09,0.0,n/a,Normal market alignment.
2024-05-21,HDFC_BANK,HDB,HDFC.NS,45.89,1235.69,82.2,3,1257.43,21.74,1.76,-2.9,offline,"Offline insight: HDFC_BANK ADR-implied price is at a 1.76% premium to its NSE close, consistent with overnight US trading and FX movement."
2024-05-22,HDFC_BANK,HDB,HDFC.NS,45.98,1230.61,82.16,3,1259.38,28.76,2.34,-2.2,offline,"Offline insight: HDFC_BANK ADR-implied price is at a 2.34% premium to its NSE close, consistent with overnight US trading and FX movement."
2024-05-23,HDFC_BANK,HDB,HDFC.NS,45.73,1243.82,82.16,3,1252.38,8.56,0.69,0.0,n/a,Normal market alignment.
2024-05-24,HDFC_BANK,HDB,HDFC.NS,46.76,1267.41,82.17,3,1280.74,13.33,1.05,0.0,n/a,Normal market alignment.
2024-05-27,HDFC_BANK,HDB,HDFC.NS,47.13,1289.28,82.18,3,1290.9,1.62,0.13,0.0,n/a,Normal market alignment.
2024-05-28,HDFC_BANK,HDB,HDFC.NS,46.21,1262.5,82.15,3,1265.43,2.93,0.23,0.0,n/a,Normal market alignment.
2024-05-29,HDFC_BANK,HDB,HDFC.NS,46.69,1288.82,82.18,3,1279.13,-9.69,-0.75,0.0,n/a,Normal market alignment.
2024-05-30,HDFC_BANK,HDB,HDFC.NS,46.16,1276.64,82.22,3,1265.12,-11.52,-0.9,0.0,n/a,Normal market alignment.
2024-05-31,HDFC_BANK,HDB,HDFC.NS,45.78,1267.33,82.21,3,1254.47,-12.86,-1.01,0.0,n/a,Normal market alignment.
2024-06-03,HDFC_BANK,HDB,HDFC.NS,46.01,1260.11,82.19,3,1260.36,0.25,0.02,0.0,n/a,Normal market alignment.
2024-06-04,HDFC_BANK,HDB,HDFC.NS,45.68,1244.67,82.21,3,1251.79,7.13,0.57,0.0,n/a,Normal market alignment.
2024-06-05,HDFC_BANK,HDB,HDFC.NS,46.31,1262.28,82.22,3,1269.07,6.78,0.54,0.0,n/a,Normal market alignment.
2024-06-06,HDFC_BANK,HDB,HDFC.NS,45.78,1261.69,82.16,3,1253.84,-7.86,-0.62,0.0,n/a,Normal market alignment.
2024-06-07,HDFC_BANK,HDB,HDFC.NS,45.37,1249.94,82.16,3,1242.54,-7.4,-0.59,0.0,n/a,Normal market alignment.
2024-06-10,HDFC_BANK,HDB,HDFC.NS,44.94,1241.75,82.17,3,1230.86,-10.9,-0.88,0.0,n/a,Normal market alignment.
2024-06-11,HDFC_BANK,HDB,HDFC.NS,44.57,1219.26,82.13,3,1220.26,1.0,0.08,0.0,n/a,Normal market alignment.
2024-06-12,HDFC_BANK,HDB,HDFC.NS,45.32,1230.12,82.14,3,1240.88,10.75,0.87,0.0,n/a,Normal market alignment.
2024-06-13,HDFC_BANK,HDB,HDFC.NS,45.76,1236.45,82.09,3,1252.08,15.63,1.26,0.0,n/a,Normal market alignment.
2024-06-14,HDFC_BANK,HDB,HDFC.NS,46.95,1282.48,82.14,3,1285.42,2.95,0.23,0.0,n/a,Normal market alignment.
2024-06-17,HDFC_BANK,HDB,HDFC.NS,48.56,1354.46,82.19,3,1330.36,-24.11,-1.78,4.1,offline,"Offline insight: HDFC_BANK ADR-implied price is at a 1.78% discount to its NSE close, consistent with overnight US trading and FX movement."
2024-06-18,HDFC_BANK,HDB,HDFC.NS,47.82,1340.95,82.18,3,1310.04,-30.91,-2.3,5.3,offline,"Offline insight: HDFC_BANK ADR-implied price is at a 2.30% discount to its NSE close, consistent with overnight US trading and FX movement."
2024-06-19,HDFC_BANK,HDB,HDFC.NS,47.89,1317.17,82.2,3,1312.07,-5.11,-0.39,0.0,n/a,Normal market alignment.
2024-06-20,HDFC_BANK,HDB,HDFC.NS,47.06,1294.46,82.1,3,1287.82,-6.65,-0.51,0.0,n/a,Normal market alignment.
2024-06-21,HDFC_BANK,HDB,HDFC.NS,46.52,1283.18,82.06,3,1272.48,-10.7,-0.83,0.0,n/a,Normal market alignment.
2024-06-24,HDFC_BANK,HDB,HDFC.NS,46.1,1252.53,82.05,3,1260.67,8.14,0.65,0.0,n/a,Normal market alignment.
2024-06-25,HDFC_BANK,HDB,HDFC.NS,45.38,1224.8,82.0,3,1240.42,15.62,1.28,0.0,n/a,Normal market alignment.
2024-06-26,HDFC_BANK,HDB,HDFC.NS,44.68,1212.18,82.03,3,1221.66,9.48,0.78,0.0,n/a,Normal market alignment.
2024-06-27,HDFC_BANK,HDB,HDFC.NS,44.59,1217.37,82.11,3,1220.59,3.21,0.26,0.0,n/a,Normal market alignment.
2024-06-28,HDFC_BANK,HDB,HDFC.NS,43.79,1197.22,82.07,3,1198.01,0.79,0.07,0.0,n/a,Normal market alignment.
2024-07-01,HDFC_BANK,HDB,HDFC.NS,44.36,1210.61,82.04,3,1213.02,2.4,0.2,0.0,n/a,Normal market alignment.
2024-07-02,HDFC_BANK,HDB,HDFC.NS,43.76,1182.19,82.05,3,1196.83,14.65,1.24,0.0,n/a,Normal market alignment.
2024-07-03,HDFC_BANK,HDB,HDFC.NS,45.62,1235.79,82.11,3,1248.63,12.84,1.04,0.0,n/a,Normal market alignment.
2024-07-04,HDFC_BANK,HDB,HDFC.NS,45.32,1225.95,82.06,3,1239.82,13.87,1.13,0.0,n/a,Normal market alignment.
2024-07-05,HDFC_BANK,HDB,HDFC.NS,45.39,1223.38,82.08,3,1241.7,18.32,1.5,0.0,n/a,Normal market alignment.
2024-07-08,HDFC_BANK,HDB,HDFC.NS,44.52,1218.07,82.15,3,1219.04,0.97,0.08,0.0,n/a,Normal market alignment.
2024-07-09,HDFC_BANK,HDB,HDFC.NS,45.67,1242.46,82.08,3,1249.62,7.16,0.58,0.0,n/a,Normal market alignment.
2024-07-10,HDFC_BANK,HDB,HDFC.NS,46.45,1268.43,82.03,3,1270.2,1.77,0.14,0.0,n/a,Normal market alignment.
2024-07-11,HDFC_BANK,HDB,HDFC.NS,46.67,1297.76,82.02,3,1275.99,-21.77,-1.68,-2.5,offline,"Offline insight: HDFC_BANK ADR-implied price is at a 1.68% discount to its NSE close, consistent with overnight US trading and FX movement."
2024-07-12,HDFC_BANK,HDB,HDFC.NS,45.74,1282.3,82.0,3,1250.29,-32.01,-2.5,1.0,offline,"Offline insight: HDFC_BANK ADR-implied price is at a 2.50% discount to its NSE close, consistent with overnight US trading and FX movement."
2024-07-15,HDFC_BANK,HDB,HDFC.NS,45.9,1283.5,82.03,3,1255.13,-28.37,-2.21,-3.1,offline,"Offline insight: HDFC_BANK ADR-implied price is at a 2.21% discount to its NSE close, consistent with overnight US trading and FX movement."
2024-07-16,HDFC_BANK,HDB,HDFC.NS,45.14,1246.45,82.04,3,1234.55,-11.9,-0.95,0.0,n/a,Normal market alignment.
2024-07-17,HDFC_BANK,HDB,HDFC.NS,46.15,1267.17,81.97,3,1260.93,-6.25,-0.49,0.0,n/a,Normal market alignment.
2024-07-18,HDFC_BANK,HDB,HDFC.NS,46.72,1279.08,81.99,3,1276.95,-2.13,-0.17,0.0,n/a,Normal market alignment.
2024-07-19,HDFC_BANK,HDB,HDFC.NS,46.8,1262.83,81.97,3,1278.81,15.98,1.27,0.0,n/a,Normal market alignment.
2024-07-22,HDFC_BANK,HDB,HDFC.NS,45.11,1234.84,82.02,3,1233.24,-1.59,-0.13,0.0,n/a,Normal market alignment.
2024-07-23,HDFC_BANK,HDB,HDFC.NS,44.45,1216.24,82.0,3,1215.06,-1.17,-0.1,0.0,n/a,Normal market alignment.
2024-07-24,HDFC_BANK,HDB,HDFC.NS,44.93,1225.7,81.97,3,1227.6,1.9,0.16,0.0,n/a,Normal market alignment.
2024-07-25,HDFC_BANK,HDB,HDFC.NS,45.76,1255.95,82.0,3,1250.64,-5.3,-0.42,0.0,n/a,Normal market alignment.
2024-07-26,HDFC_BANK,HDB,HDFC.NS,46.53,1275.3,82.03,3,1272.32,-2.98,-0.23,0.0,n/a,Normal market alignment.
2024-07-29,HDFC_BANK,HDB,HDFC.NS,45.43,1258.46,82.05,3,1242.6,-15.86,-1.26,0.0,n/a,Normal market alignment.
2024-07-30,HDFC_BANK,HDB,HDFC.NS,45.65,1244.71,81.98,3,1247.58,2.87,0.23,0.0,n/a,Normal market alignment.
2024-07-31,HDFC_BANK,HDB,HDFC.NS,46.36,1271.62,82.0,3,1267.31,-4.31,-0.34,0.0,n/a,Normal market alignment.
2024-08-01,HDFC_BANK,HDB,HDFC.NS,45.22,1220.68,81.96,3,1235.56,14.88,1.22,0.0,n/a,Normal market alignment.
2024-08-02,HDFC_BANK,HDB,HDFC.NS,45.23,1227.24,81.97,3,1235.94,8.7,0.71,0.0,n/a,Normal market alignment.
2024-08-05,HDFC_BANK,HDB,HDFC.NS,45.43,1226.5,81.92,3,1240.54,14.04,1.14,0.0,n/a,Normal market alignment.
2024-08-06,HDFC_BANK,HDB,HDFC.NS,45.24,1227.63,81.94,3,1235.6,7.97,0.65,0.0,n/a,Normal market alignment.
2024-08-07,HDFC_BANK,HDB,HDFC.NS,44.0,1196.78,81.91,3,1201.18,4.41,0.37,0.0,n/a,Normal market alignment.
2024-08-08,HDFC_BANK,HDB,HDFC.NS,43.79,1197.19,81.86,3,1194.94,-2.25,-0.19,0.0,n/a,Normal market alignment.
2024-08-09,HDFC_BANK,HDB,HDFC.NS,43.59,1190.21,81.89,3,1189.86,-0.35,-0.03,0.0,n/a,Normal market alignment.
2024-08-12,HDFC_BANK,HDB,HDFC.NS,43.51,1185.3,81.9,3,1187.73,2.43,0.2,0.0,n/a,Normal market alignment.
2024-08-13,HDFC_BANK,HDB,HDFC.NS,43.15,1182.75,81.87,3,1177.71,-5.04,-0.43,0.0,n/a,Normal market alignment.
2024-08-14,HDFC_BANK,HDB,HDFC.NS,42.88,1175.11,81.93,3,1171.08,-4.03,-0.34,0.0,n/a,Normal market alignment.
2024-08-15,HDFC_BANK,HDB,HDFC.NS,42.87,1177.95,81.91,3,1170.5,-7.46,-0.63,0.0,n/a,Normal market alignment.
2024-08-16,HDFC_BANK,HDB,HDFC.NS,43.17,1164.33,81.92,3,1178.65,14.32,1.23,0.0,n/a,Normal market alignment.
2024-08-19,HDFC_BANK,HDB,HDFC.NS,42.98,1165.92,81.93,3,1173.79,7.87,0.68,0.0,n/a,Normal market alignment.
2024-08-20,HDFC_BANK,HDB,HDFC.NS,42.73,1149.5,81.9,3,1166.59,17.09,1.49,0.0,n/a,Normal market alignment.
2024-08-21,HDFC_BANK,HDB,HDFC.NS,42.8,1160.08,81.92,3,1168.84,8.76,0.76,0.0,n/a,Normal market alignment.
2024-08-22,HDFC_BANK,HDB,HDFC.NS,41.58,1128.07,81.9,3,1135.23,7.16,0.63,0.0,n/a,Normal market alignment.
2024-08-23,HDFC_BANK,HDB,HDFC.NS,41.89,1149.73,81.89,3,1143.48,-6.26,-0.54,0.0,n/a,Normal market alignment.
2024-08-26,HDFC_BANK,HDB,HDFC.NS,41.9,1151.95,81.94,3,1144.59,-7.37,-0.64,0.0,n/a,Normal market alignment.
2024-08-27,HDFC_BANK,HDB,HDFC.NS,41.94,1147.76,81.9,3,1145.04,-2.71,-0.24,0.0,n/a,Normal market alignment.
2024-08-28,HDFC_BANK,HDB,HDFC.NS,42.56,1149.4,81.81,3,1160.53,11.13,0.97,0.0,n/a,Normal market alignment.
2024-08-29,HDFC_BANK,HDB,HDFC.NS,41.32,1119.54,81.87,3,1127.79,8.24,0.74,0.0,n/a,Normal market alignment.
2024-08-30,HDFC_BANK,HDB,HDFC.NS,40.11,1080.87,81.98,3,1096.11,15.25,1.41,0.0,n/a,Normal market alignment.
2024-09-02,HDFC_BANK,HDB,HDFC.NS,40.29,1086.67,81.96,3,1100.74,14.07,1.29,0.0,n/a,Normal market alignment.
2024-09-03,HDFC_BANK,HDB,HDFC.NS,40.3,1079.24,81.88,3,1099.92,20.68,1.92,-6.3,offline,"Offline insight: HDFC_BANK ADR-implied price is at a 1.92% premium to its NSE close, consistent with overnight US trading and FX movement."
2024-09-04,HDFC_BANK,HDB,HDFC.NS,40.41,1090.82,81.87,3,1102.91,12.09,1.11,0.0,n/a,Normal market alignment.
2024-09-05,HDFC_BANK,HDB,HDFC.NS,40.14,1070.43,81.86,3,1095.45,25.03,2.34,3.3,offline,"Offline insight: HDFC_BANK ADR-implied price is at a 2.34% premium to its NSE close, consistent with overnight US trading and FX movement."
2024-09-06,HDFC_BANK,HDB,HDFC.NS,40.56,1094.97,81.86,3,1106.61,11.64,1.06,0.0,n/a,Normal market alignment.
2024-09-09,HDFC_BANK,HDB,HDFC.NS,41.14,1120.69,81.81,3,1121.83,1.14,0.1,0.0,n/a,Normal market alignment.
2024-09-10,HDFC_BANK,HDB,HDFC.NS,41.45,1139.6,81.84,3,1130.64,-8.96,-0.79,0.0,n/a,Normal market alignment.
2024-09-11,HDFC_BANK,HDB,HDFC.NS,41.3,1113.94,81.86,3,1126.86,12.92,1.16,0.0,n/a,Normal market alignment.
2024-09-12,HDFC_BANK,HDB,HDFC.NS,40.0,1077.11,81.8,3,1090.79,13.68,1.27,0.0,n/a,Normal market alignment.
2024-09-13,HDFC_BANK,HDB,HDFC.NS,40.48,1098.29,81.83,3,1104.09,5.8,0.53,0.0,n/a,Normal market alignment.
2024-09-16,HDFC_BANK,HDB,HDFC.NS,41.23,1112.55,81.91,3,1125.8,13.25,1.19,0.0,n/a,Normal market alignment.
2024-09-17,HDFC_BANK,HDB,HDFC.NS,41.64,1123.69,81.92,3,1137.13,13.44,1.2,0.0,n/a,Normal market alignment.
2024-09-18,HDFC_BANK,HDB,HDFC.NS,41.11,1099.28,81.91,3,1122.3,23.02,2.09,-4.6,offline,"Offline insight: HDFC_BANK ADR-implied price is at a 2.09% premium to its NSE close, consistent with overnight US trading and FX movement."
2024-09-19,HDFC_BANK,HDB,HDFC.NS,41.53,1131.95,81.9,3,1133.91,1.96,0.17,0.0,n/a,Normal market alignment.
2024-09-20,HDFC_BANK,HDB,HDFC.NS,42.08,1150.19,81.93,3,1149.25,-0.94,-0.08,0.0,n/a,Normal market alignment.
2024-09-23,HDFC_BANK,HDB,HDFC.NS,43.08,1179.88,81.86,3,1175.48,-4.4,-0.37,0.0,n/a,Normal market alignment.
2024-09-24,HDFC_BANK,HDB,HDFC.NS,42.53,1179.43,81.87,3,1160.5,-18.93,-1.61,-1.0,offline,"Offline insight: HDFC_BANK ADR-implied price is at a 1.61% discount to its NSE close, consistent with overnight US trading and FX movement."
2024-09-25,HDFC_BANK,HDB,HDFC.NS,42.39,1159.26,81.85,3,1156.7,-2.56,-0.22,0.0,n/a,Normal market alignment.
2024-09-26,HDFC_BANK,HDB,HDFC.NS,42.88,1174.86,81.93,3,1171.08,-3.78,-0.32,0.0,n/a,Normal market alignment.
2024-09-27,HDFC_BANK,HDB,HDFC.NS,42.93,1168.56,81.92,3,1172.35,3.79,0.32,0.0,n/a,Normal market alignment.
2024-09-30,HDFC_BANK,HDB,HDFC.NS,42.22,1133.09,81.99,3,1154.01,20.92,1.85,-0.2,offline,"Offline insight: HDFC_BANK ADR-implied price is at a 1.85% premium to its NSE close, consistent with overnight US trading and FX movement."
2024-10-01,HDFC_BANK,HDB,HDFC.NS,42.5,1151.01,81.95,3,1160.92,9.91,0.86,0.0,n/a,Normal market alignment.
2024-10-02,HDFC_BANK,HDB,HDFC.NS,42.88,1169.11,81.97,3,1171.7,2.59,0.22,0.0,n/a,Normal market alignment.
2024-10-03,HDFC_BANK,HDB,HDFC.NS,42.95,1171.26,81.99,3,1173.79,2.53,0.22,0.0,n/a,Normal market alignment.
2024-10-04,HDFC_BANK,HDB,HDFC.NS,43.11,1167.94,81.95,3,1177.52,9.59,0.82,0.0,n/a,Normal market alignment.
2024-10-07,HDFC_BANK,HDB,HDFC.NS,42.95,1172.3,81.96,3,1173.42,1.12,0.1,0.0,n/a,Normal market alignment.
2024-10-08,HDFC_BANK,HDB,HDFC.NS,43.92,1205.15,82.01,3,1200.52,-4.63,-0.38,0.0,n/a,Normal market alignment.
2024-10-09,HDFC_BANK,HDB,HDFC.NS,43.34,1178.48,82.0,3,1184.49,6.0,0.51,0.0,n/a,Normal market alignment.
2024-10-10,HDFC_BANK,HDB,HDFC.NS,42.97,1166.79,81.93,3,1173.45,6.66,0.57,0.0,n/a,Normal market alignment.
2024-10-11,HDFC_BANK,HDB,HDFC.NS,42.99,1186.93,81.93,3,1174.0,-12.92,-1.09,0.0,n/a,Normal market alignment.
2024-10-14,HDFC_BANK,HDB,HDFC.NS,43.57,1207.57,81.9,3,1189.32,-18.25,-1.51,-4.4,offline,"Offline insight: HDFC_BANK ADR-implied price is at a 1.51% discount to its NSE close, consistent with overnight US trading and FX movement."
2024-10-15,HDFC_BANK,HDB,HDFC.NS,42.6,1161.11,81.88,3,1162.79,1.67,0.14,0.0,n/a,Normal market alignment.
2024-10-16,HDFC_BANK,HDB,HDFC.NS,41.78,1136.07,81.88,3,1140.25,4.18,0.37,0.0,n/a,Normal market alignment.
2024-10-17,HDFC_BANK,HDB,HDFC.NS,40.51,1108.3,81.81,3,1104.83,-3.47,-0.31,0.0,n/a,Normal market alignment.
2024-10-18,HDFC_BANK,HDB,HDFC.NS,40.54,1108.25,81.75,3,1104.85,-3.4,-0.31,0.0,n/a,Normal market alignment.
2024-10-21,HDFC_BANK,HDB,HDFC.NS,39.88,1088.82,81.77,3,1086.91,-1.9,-0.17,0.0,n/a,Normal market alignment.
2024-10-22,HDFC_BANK,HDB,HDFC.NS,39.66,1076.29,81.75,3,1080.71,4.41,0.41,0.0,n/a,Normal market alignment.
2024-10-23,HDFC_BANK,HDB,HDFC.NS,40.06,1098.13,81.65,3,1090.4,-7.74,-0.7,0.0,n/a,Normal market alignment.
2024-10-24,HDFC_BANK,HDB,HDFC.NS,39.69,1091.7,81.68,3,1080.66,-11.04,-1.01,0.0,n/a,Normal market alignment.
2024-10-25,HDFC_BANK,HDB,HDFC.NS,39.84,1089.42,81.69,3,1084.89,-4.53,-0.42,0.0,n/a,Normal market alignment.
2024-10-28,HDFC_BANK,HDB,HDFC.NS,39.67,1083.44,81.67,3,1079.98,-3.46,-0.32,0.0,n/a,Normal market alignment.
2024-10-29,HDFC_BANK,HDB,HDFC.NS,40.09,1088.23,81.61,3,1090.5,2.27,0.21,0.0,n/a,Normal market alignment.
2024-10-30,HDFC_BANK,HDB,HDFC.NS,40.38,1107.21,81.65,3,1099.06,-8.14,-0.74,0.0,n/a,Normal market alignment.
2024-10-31,HDFC_BANK,HDB,HDFC.NS,39.98,1090.27,81.66,3,1088.19,-2.09,-0.19,0.0,n/a,Normal market alignment.
2024-11-01,HDFC_BANK,HDB,HDFC.NS,39.89,1080.03,81.76,3,1087.04,7.01,0.65,0.0,n/a,Normal market alignment.
2024-11-04,HDFC_BANK,HDB,HDFC.NS,40.52,1096.62,81.78,3,1104.63,8.01,0.73,0.0,n/a,Normal market alignment.
2024-11-05,HDFC_BANK,HDB,HDFC.NS,40.77,1105.78,81.79,3,1111.7,5.92,0.54,0.0,n/a,Normal market alignment.
2024-11-06,HDFC_BANK,HDB,HDFC.NS,39.93,1085.9,81.79,3,1088.66,2.76,0.25,0.0,n/a,Normal market alignment.
2024-11-07,HDFC_BANK,HDB,HDFC.NS,40.34,1104.92,81.82,3,1100.15,-4.77,-0.43,0.0,n/a,Normal market alignment.
2024-11-08,HDFC_BANK,HDB,HDFC.NS,39.69,1086.29,81.85,3,1082.92,-3.36,-0.31,0.0,n/a,Normal market alignment.
2024-11-11,HDFC_BANK,HDB,HDFC.NS,40.55,1099.23,81.9,3,1106.88,7.65,0.7,0.0,n/a,Normal market alignment.
2024-11-12,HDFC_BANK,HDB,HDFC.NS,41.18,1120.2,81.88,3,1123.95,3.75,0.33,0.0,n/a,Normal market alignment.
2024-11-13,HDFC_BANK,HDB,HDFC.NS,41.37,1133.73,81.86,3,1128.94,-4.79,-0.42,0.0,n/a,Normal market alignment.
2024-11-14,HDFC_BANK,HDB,HDFC.NS,41.48,1138.5,81.84,3,1131.69,-6.81,-0.6,0.0,n/a,Normal market alignment.
2024-11-15,HDFC_BANK,HDB,HDFC.NS,41.36,1131.4,81.88,3,1128.93,-2.47,-0.22,0.0,n/a,Normal market alignment.
2024-11-18,HDFC_BANK,HDB,HDFC.NS,41.8,1146.11,81.94,3,1141.61,-4.5,-0.39,0.0,n/a,Normal market alignment.
2024-11-19,HDFC_BANK,HDB,HDFC.NS,41.58,1134.18,81.92,3,1135.37,1.18,0.1,0.0,n/a,Normal market alignment.
2024-11-20,HDFC_BANK,HDB,HDFC.NS,41.74,1134.63,81.9,3,1139.5,4.86,0.43,0.0,n/a,Normal market alignment.
2024-11-21,HDFC_BANK,HDB,HDFC.NS,42.3,1144.86,81.92,3,1154.93,10.07,0.88,0.0,n/a,Normal market alignment.
2024-11-22,HDFC_BANK,HDB,HDFC.NS,41.95,1128.23,81.91,3,1145.42,17.2,1.52,-5.7,offline,"Offline insight: HDFC_BANK ADR-implied price is at a 1.52% premium to its NSE close, consistent with overnight US trading and FX movement."
2024-11-25,HDFC_BANK,HDB,HDFC.NS,41.58,1117.71,81.95,3,1135.72,18.01,1.61,-2.1,offline,"Offline insight: HDFC_BANK ADR-implied price is at a 1.61% premium to its NSE close, consistent with overnight US trading and FX movement."
2024-11-26,HDFC_BANK,HDB,HDFC.NS,40.84,1111.02,81.86,3,1114.5,3.48,0.31,0.0,n/a,Normal market alignment.
2024-11-27,HDFC_BANK,HDB,HDFC.NS,40.2,1101.51,81.83,3,1096.61,-4.9,-0.44,0.0,n/a,Normal market alignment.
2024-11-28,HDFC_BANK,HDB,HDFC.NS,39.11,1069.89,81.8,3,1066.47,-3.42,-0.32,0.0,n/a,Normal market alignment.
2024-11-29,HDFC_BANK,HDB,HDFC.NS,39.55,1082.75,81.71,3,1077.25,-5.5,-0.51,0.0,n/a,Normal market alignment.
2024-12-02,HDFC_BANK,HDB,HDFC.NS,40.64,1118.62,81.67,3,1106.3,-12.32,-1.1,0.0,n/a,Normal market alignment.
2024-12-03,HDFC_BANK,HDB,HDFC.NS,41.52,1140.86,81.63,3,1129.79,-11.07,-0.97,0.0,n/a,Normal market alignment.
2024-12-04,HDFC_BANK,HDB,HDFC.NS,40.52,1112.65,81.62,3,1102.48,-10.17,-0.91,0.0,n/a,Normal market alignment.
2024-12-05,HDFC_BANK,HDB,HDFC.NS,40.97,1126.9,81.67,3,1115.42,-11.48,-1.02,0.0,n/a,Normal market alignment.
2024-12-06,HDFC_BANK,HDB,HDFC.NS,41.86,1148.98,81.66,3,1139.42,-9.56,-0.83,0.0,n/a,Normal market alignment.
2024-12-09,HDFC_BANK,HDB,HDFC.NS,41.58,1127.73,81.62,3,1131.4,3.67,0.33,0.0,n/a,Normal market alignment.
2024-12-10,HDFC_BANK,HDB,HDFC.NS,41.66,1129.66,81.62,3,1133.44,3.78,0.33,0.0,n/a,Normal market alignment.
2024-12-11,HDFC_BANK,HDB,HDFC.NS,40.42,1079.38,81.66,3,1100.22,20.84,1.93,6.3,offline,"Offline insight: HDFC_BANK ADR-implied price is at a 1.93% premium to its NSE close, consistent with overnight US trading and FX movement."
2024-12-12,HDFC_BANK,HDB,HDFC.NS,40.59,1090.5,81.63,3,1104.44,13.94,1.28,0.0,n/a,Normal market alignment.
2024-12-13,HDFC_BANK,HDB,HDFC.NS,39.96,1080.59,81.59,3,1086.68,6.09,0.56,0.0,n/a,Normal market alignment.
2024-12-16,HDFC_BANK,HDB,HDFC.NS,40.09,1086.86,81.61,3,1090.57,3.71,0.34,0.0,n/a,Normal market alignment.
2024-12-17,HDFC_BANK,HDB,HDFC.NS,39.16,1061.18,81.61,3,1065.26,4.08,0.38,0.0,n/a,Normal market alignment.
2024-12-18,HDFC_BANK,HDB,HDFC.NS,39.49,1068.88,81.63,3,1074.61,5.72,0.54,0.0,n/a,Normal market alignment.
2024-12-19,HDFC_BANK,HDB,HDFC.NS,40.11,1072.41,81.63,3,1091.45,19.03,1.77,1.6,offline,"Offline insight: HDFC_BANK ADR-implied price is at a 1.77% premium to its NSE close, consistent with overnight US trading and FX movement."
2024-12-20,HDFC_BANK,HDB,HDFC.NS,39.65,1074.25,81.66,3,1079.34,5.08,0.47,0.0,n/a,Normal market alignment.
2024-12-23,HDFC_BANK,HDB,HDFC.NS,38.99,1051.42,81.62,3,1060.73,9.31,0.89,0.0,n/a,Normal market alignment.
2024-12-24,HDFC_BANK,HDB,HDFC.NS,37.74,1019.85,81.62,3,1026.75,6.9,0.68,0.0,n/a,Normal market alignment.
2024-12-25,HDFC_BANK,HDB,HDFC.NS,37.6,1030.01,81.61,3,1022.86,-7.15,-0.69,0.0,n/a,Normal market alignment.
2024-12-26,HDFC_BANK,HDB,HDFC.NS,37.28,1012.41,81.57,3,1013.65,1.25,0.12,0.0,n/a,Normal market alignment.
2024-12-27,HDFC_BANK,HDB,HDFC.NS,36.43,980.21,81.51,3,989.63,9.42,0.96,0.0,n/a,Normal market alignment.
2024-12-30,HDFC_BANK,HDB,HDFC.NS,36.68,997.23,81.53,3,997.0,-0.23,-0.02,0.0,n/a,Normal market alignment.
2024-12-31,HDFC_BANK,HDB,HDFC.NS,36.45,990.61,81.52,3,990.41,-0.2,-0.02,0.0,n/a,Normal market alignment.
2025-01-01,HDFC_BANK,HDB,HDFC.NS,35.87,986.28,81.48,3,974.25,-12.03,-1.22,0.0,n/a,Normal market alignment.
2025-01-02,HDFC_BANK,HDB,HDFC.NS,35.58,982.25,81.48,3,966.4,-15.84,-1.61,-1.7,offline,"Offline insight: HDFC_BANK ADR-implied price is at a 1.61% discount to its NSE close, consistent with overnight US trading and FX movement."
2025-01-03,HDFC_BANK,HDB,HDFC.NS,36.17,985.08,81.52,3,982.78,-2.31,-0.23,0.0,n/a,Normal market alignment.
2025-01-06,HDFC_BANK,HDB,HDFC.NS,36.5,995.51,81.43,3,990.86,-4.65,-0.47,0.0,n/a,Normal market alignment.
2025-01-07,HDFC_BANK,HDB,HDFC.NS,36.44,999.07,81.37,3,988.51,-10.55,-1.06,0.0,n/a,Normal market alignment.
2025-01-08,HDFC_BANK,HDB,HDFC.NS,36.79,1002.29,81.34,3,997.55,-4.74,-0.47,0.0,n/a,Normal market alignment.
2025-01-09,HDFC_BANK,HDB,HDFC.NS,36.16,987.61,81.4,3,981.19,-6.42,-0.65,0.0,n/a,Normal market alignment.
2025-01-10,HDFC_BANK,HDB,HDFC.NS,36.19,989.23,81.41,3,982.11,-7.12,-0.72,0.0,n/a,Normal market alignment.
2025-01-13,HDFC_BANK,HDB,HDFC.NS,36.28,984.11,81.44,3,984.96,0.85,0.09,0.0,n/a,Normal market alignment.
2025-01-14,HDFC_BANK,HDB,HDFC.NS,36.04,985.28,81.4,3,977.78,-7.5,-0.76,0.0,n/a,Normal market alignment.
2025-01-15,HDFC_BANK,HDB,HDFC.NS,36.28,994.78,81.35,3,983.93,-10.85,-1.09,0.0,n/a,Normal market alignment.
2025-01-16,HDFC_BANK,HDB,HDFC.NS,35.87,978.28,81.37,3,972.93,-5.35,-0.55,0.0,n/a,Normal market alignment.
2025-01-17,HDFC_BANK,HDB,HDFC.NS,36.15,977.28,81.38,3,980.7,3.43,0.35,0.0,n/a,Normal market alignment.
2025-01-20,HDFC_BANK,HDB,HDFC.NS,36.46,978.85,81.4,3,989.4,10.54,1.08,0.0,n/a,Normal market alignment.
2025-01-21,HDFC_BANK,HDB,HDFC.NS,34.88,944.62,81.39,3,946.32,1.71,0.18,0.0,n/a,Normal market alignment.
2025-01-22,HDFC_BANK,HDB,HDFC.NS,35.51,956.33,81.4,3,963.65,7.31,0.76,0.0,n/a,Normal market alignment.
2025-01-23,HDFC_BANK,HDB,HDFC.NS,33.9,920.8,81.41,3,919.97,-0.83,-0.09,0.0,n/a,Normal market alignment.
2025-01-24,HDFC_BANK,HDB,HDFC.NS,33.6,901.07,81.44,3,912.1,11.03,1.22,0.0,n/a,Normal market alignment.
2025-01-27,HDFC_BANK,HDB,HDFC.NS,34.12,927.33,81.48,3,926.78,-0.55,-0.06,0.0,n/a,Normal market alignment.
2025-01-28,HDFC_BANK,HDB,HDFC.NS,33.97,913.75,81.41,3,921.93,8.17,0.89,0.0,n/a,Normal market alignment.
2025-01-29,HDFC_BANK,HDB,HDFC.NS,33.23,900.25,81.32,3,900.94,0.69,0.08,0.0,n/a,Normal market alignment.
2025-01-30,HDFC_BANK,HDB,HDFC.NS,32.7,874.15,81.37,3,886.88,12.72,1.46,0.0,n/a,Normal market alignment.
2025-01-31,HDFC_BANK,HDB,HDFC.NS,33.21,889.89,81.41,3,901.34,11.46,1.29,0.0,n/a,Normal market alignment.
2025-02-03,HDFC_BANK,HDB,HDFC.NS,32.27,874.67,81.37,3,875.21,0.53,0.06,0.0,n/a,Normal market alignment.
2025-02-04,HDFC_BANK,HDB,HDFC.NS,32.82,892.42,81.3,3,889.49,-2.93,-0.33,0.0,n/a,Normal market alignment.
2025-02-05,HDFC_BANK,HDB,HDFC.NS,32.8,885.98,81.31,3,889.07,3.1,0.35,0.0,n/a,Normal market alignment.
2025-02-06,HDFC_BANK,HDB,HDFC.NS,32.23,865.65,81.34,3,873.85,8.19,0.95,0.0,n/a,Normal market alignment.
2025-02-07,HDFC_BANK,HDB,HDFC.NS,31.96,862.77,81.42,3,867.24,4.47,0.52,0.0,n/a,Normal market alignment.
2025-02-10,HDFC_BANK,HDB,HDFC.NS,31.48,851.58,81.44,3,854.5,2.92,0.34,0.0,n/a,Normal market alignment.
2025-02-11,HDFC_BANK,HDB,HDFC.NS,31.9,859.38,81.42,3,865.71,6.33,0.74,0.0,n/a,Normal market alignment.
2025-02-12,HDFC_BANK,HDB,HDFC.NS,32.26,870.46,81.39,3,875.11,4.65,0.53,0.0,n/a,Normal market alignment.
2025-02-13,HDFC_BANK,HDB,HDFC.NS,31.43,857.84,81.39,3,852.82,-5.02,-0.59,0.0,n/a,Normal market alignment.
2025-02-14,HDFC_BANK,HDB,HDFC.NS,31.25,855.67,81.38,3,847.8,-7.87,-0.92,0.0,n/a,Normal market alignment.
2025-02-17,HDFC_BANK,HDB,HDFC.NS,30.86,839.92,81.34,3,836.67,-3.25,-0.39,0.0,n/a,Normal market alignment.
2025-02-18,HDFC_BANK,HDB,HDFC.NS,31.47,848.77,81.42,3,854.02,5.25,0.62,0.0,n/a,Normal market alignment.
2025-02-19,HDFC_BANK,HDB,HDFC.NS,30.84,825.33,81.5,3,837.73,12.4,1.5,-6.5,offline,"Offline insight: HDFC_BANK ADR-implied price is at a 1.50% premium to its NSE close, consistent with overnight US trading and FX movement."
2025-02-20,HDFC_BANK,HDB,HDFC.NS,31.59,846.38,81.54,3,858.63,12.25,1.45,0.0,n/a,Normal market alignment.
2025-02-21,HDFC_BANK,HDB,HDFC.NS,31.58,849.0,81.51,3,858.08,9.08,1.07,0.0,n/a,Normal market alignment.
2025-02-24,HDFC_BANK,HDB,HDFC.NS,31.04,834.02,81.54,3,843.74,9.72,1.17,0.0,n/a,Normal market alignment.
2025-02-25,HDFC_BANK,HDB,HDFC.NS,30.74,833.76,81.57,3,835.7,1.94,0.23,0.0,n/a,Normal market alignment.
2025-02-26,HDFC_BANK,HDB,HDFC.NS,30.38,825.82,81.59,3,826.09,0.27,0.03,0.0,n/a,Normal market alignment.
2025-02-27,HDFC_BANK,HDB,HDFC.NS,29.8,815.6,81.64,3,811.05,-4.55,-0.56,0.0,n/a,Normal market alignment.
2025-02-28,HDFC_BANK,HDB,HDFC.NS,29.86,822.65,81.67,3,812.71,-9.94,-1.21,0.0,n/a,Normal market alignment.
2025-03-03,HDFC_BANK,HDB,HDFC.NS,29.31,802.23,81.7,3,798.28,-3.94,-0.49,0.0,n/a,Normal market alignment.
2025-03-04,HDFC_BANK,HDB,HDFC.NS,28.36,773.94,81.72,3,772.66,-1.28,-0.17,0.0,n/a,Normal market alignment.
2025-03-05,HDFC_BANK,HDB,HDFC.NS,28.21,765.71,81.74,3,768.63,2.93,0.38,0.0,n/a,Normal market alignment.
2025-03-06,HDFC_BANK,HDB,HDFC.NS,27.46,742.89,81.67,3,747.43,4.54,0.61,0.0,n/a,Normal market alignment.
2025-03-07,HDFC_BANK,HDB,HDFC.NS,27.16,735.32,81.67,3,739.26,3.95,0.54,0.0,n/a,Normal market alignment.
2025-03-10,HDFC_BANK,HDB,HDFC.NS,26.79,724.06,81.65,3,729.22,5.15,0.71,0.0,n/a,Normal market alignment.
2025-03-11,HDFC_BANK,HDB,HDFC.NS,26.45,716.62,81.6,3,719.46,2.85,0.4,0.0,n/a,Normal market alignment.
2025-03-12,HDFC_BANK,HDB,HDFC.NS,27.25,738.0,81.67,3,741.89,3.89,0.53,0.0,n/a,Normal market alignment.
2025-03-13,HDFC_BANK,HDB,HDFC.NS,27.28,744.81,81.74,3,743.38,-1.43,-0.19,0.0,n/a,Normal market alignment.
2025-03-14,HDFC_BANK,HDB,HDFC.NS,27.39,745.77,81.79,3,746.85,1.07,0.14,0.0,n/a,Normal market alignment.
2025-03-17,HDFC_BANK,HDB,HDFC.NS,26.67,723.26,81.8,3,727.27,4.01,0.55,0.0,n/a,Normal market alignment.
2025-03-18,HDFC_BANK,HDB,HDFC.NS,26.42,721.82,81.86,3,720.84,-0.98,-0.14,0.0,n/a,Normal market alignment.
2025-03-19,HDFC_BANK,HDB,HDFC.NS,26.51,723.72,81.86,3,723.39,-0.33,-0.05,0.0,n/a,Normal market alignment.
2025-03-20,HDFC_BANK,HDB,HDFC.NS,26.11,715.89,81.87,3,712.57,-3.32,-0.46,0.0,n/a,Normal market alignment.
2025-03-21,HDFC_BANK,HDB,HDFC.NS,26.47,726.82,81.83,3,722.12,-4.7,-0.65,0.0,n/a,Normal market alignment.
2025-03-24,HDFC_BANK,HDB,HDFC.NS,26.01,717.89,81.84,3,709.45,-8.44,-1.18,0.0,n/a,Normal market alignment.
2025-03-25,HDFC_BANK,HDB,HDFC.NS,25.9,705.37,81.85,3,706.65,1.27,0.18,0.0,n/a,Normal market alignment.
2025-03-26,HDFC_BANK,HDB,HDFC.NS,25.68,694.28,81.8,3,700.21,5.93,0.85,0.0,n/a,Normal market alignment.
2025-03-27,HDFC_BANK,HDB,HDFC.NS,25.75,695.95,81.8,3,702.14,6.19,0.89,0.0,n/a,Normal market alignment.
2025-03-28,HDFC_BANK,HDB,HDFC.NS,25.51,682.52,81.79,3,695.58,13.06,1.91,1.4,offline,"Offline insight: HDFC_BANK ADR-implied price is at a 1.91% premium to its NSE close, consistent with overnight US trading and FX movement."
2025-03-31,HDFC_BANK,HDB,HDFC.NS,25.42,686.61,81.87,3,693.58,6.97,1.02,0.0,n/a,Normal market alignment.
2025-04-01,HDFC_BANK,HDB,HDFC.NS,25.33,673.25,81.9,3,691.64,18.39,2.73,-5.7,offline,"Offline insight: HDFC_BANK ADR-implied price is at a 2.73% premium to its NSE close, consistent with overnight US trading and FX movement."
2025-04-02,HDFC_BANK,HDB,HDFC.NS,25.06,674.27,81.9,3,684.25,9.98,1.48,0.0,n/a,Normal market alignment.
2025-04-03,HDFC_BANK,HDB,HDFC.NS,25.25,682.25,81.92,3,689.52,7.28,1.07,0.0,n/a,Normal market alignment.
2025-04-04,HDFC_BANK,HDB,HDFC.NS,25.35,689.72,81.92,3,692.22,2.49,0.36,0.0,n/a,Normal market alignment.
2025-04-07,HDFC_BANK,HDB,HDFC.NS,25.32,688.16,81.91,3,691.45,3.29,0.48,0.0,n/a,Normal market alignment.
2025-04-08,HDFC_BANK,HDB,HDFC.NS,25.17,680.9,81.87,3,686.83,5.93,0.87,0.0,n/a,Normal market alignment.
2025-04-09,HDFC_BANK,HDB,HDFC.NS,25.48,692.14,81.86,3,695.2,3.07,0.44,0.0,n/a,Normal market alignment.
2025-04-10,HDFC_BANK,HDB,HDFC.NS,25.39,682.41,81.83,3,692.71,10.3,1.51,0.6,offline,"Offline insight: HDFC_BANK ADR-implied price is at a 1.51% premium to its NSE close, consistent with overnight US trading and FX movement."
2025-04-11,HDFC_BANK,HDB,HDFC.NS,25.28,682.0,81.79,3,689.32,7.32,1.07,0.0,n/a,Normal market alignment.
2025-04-14,HDFC_BANK,HDB,HDFC.NS,25.33,685.08,81.81,3,690.79,5.71,0.83,0.0,n/a,Normal market alignment.
2025-04-15,HDFC_BANK,HDB,HDFC.NS,25.98,709.69,81.82,3,708.72,-0.97,-0.14,0.0,n/a,Normal market alignment.
2025-04-16,HDFC_BANK,HDB,HDFC.NS,25.47,692.62,81.75,3,694.08,1.46,0.21,0.0,n/a,Normal market alignment.
2025-04-17,HDFC_BANK,HDB,HDFC.NS,25.77,702.04,81.75,3,702.27,0.23,0.03,0.0,n/a,Normal market alignment.
2025-04-18,HDFC_BANK,HDB,HDFC.NS,25.05,685.67,81.79,3,682.88,-2.78,-0.41,0.0,n/a,Normal market alignment.
2025-04-21,HDFC_BANK,HDB,HDFC.NS,25.14,691.12,81.83,3,685.68,-5.44,-0.79,0.0,n/a,Normal market alignment.
2025-04-22,HDFC_BANK,HDB,HDFC.NS,25.74,692.76,81.88,3,702.44,9.68,1.4,0.0,n/a,Normal market alignment.
2025-04-23,HDFC_BANK,HDB,HDFC.NS,25.93,703.22,81.88,3,707.82,4.6,0.65,0.0,n/a,Normal market alignment.
2025-04-24,HDFC_BANK,HDB,HDFC.NS,26.01,714.04,81.85,3,709.56,-4.48,-0.63,0.0,n/a,Normal market alignment.
2025-04-25,HDFC_BANK,HDB,HDFC.NS,25.8,709.59,81.8,3,703.45,-6.14,-0.87,0.0,n/a,Normal market alignment.
2025-04-28,HDFC_BANK,HDB,HDFC.NS,25.82,708.04,81.82,3,704.11,-3.93,-0.56,0.0,n/a,Normal market alignment.
2025-04-29,HDFC_BANK,HDB,HDFC.NS,25.73,701.45,81.83,3,701.8,0.35,0.05,0.0,n/a,Normal market alignment.
2025-04-30,HDFC_BANK,HDB,HDFC.NS,25.43,691.29,81.89,3,694.18,2.89,0.42,0.0,n/a,Normal market alignment.
2025-05-01,HDFC_BANK,HDB,HDFC.NS,25.33,686.78,81.93,3,691.75,4.98,0.72,0.0,n/a,Normal market alignment.
2025-05-02,HDFC_BANK,HDB,HDFC.NS,25.41,694.1,81.93,3,693.98,-0.12,-0.02,0.0,n/a,Normal market alignment.
2025-05-05,HDFC_BANK,HDB,HDFC.NS,25.13,684.23,81.88,3,685.79,1.56,0.23,0.0,n/a,Normal market alignment.
2025-05-06,HDFC_BANK,HDB,HDFC.NS,24.83,680.85,81.87,3,677.61,-3.24,-0.48,0.0,n/a,Normal market alignment.
2025-05-07,HDFC_BANK,HDB,HDFC.NS,24.33,668.88,81.88,3,664.06,-4.81,-0.72,0.0,n/a,Normal market alignment.
2025-05-08,HDFC_BANK,HDB,HDFC.NS,24.48,675.35,81.87,3,668.1,-7.25,-1.07,0.0,n/a,Normal market alignment.
2025-05-09,HDFC_BANK,HDB,HDFC.NS,24.69,683.67,81.85,3,673.58,-10.09,-1.48,0.0,n/a,Normal market alignment.
2025-05-12,HDFC_BANK,HDB,HDFC.NS,24.78,677.17,81.86,3,676.22,-0.95,-0.14,0.0,n/a,Normal market alignment.
2025-05-13,HDFC_BANK,HDB,HDFC.NS,25.15,683.33,81.84,3,686.05,2.72,0.4,0.0,n/a,Normal market alignment.
2025-05-14,HDFC_BANK,HDB,HDFC.NS,25.19,680.68,81.81,3,686.96,6.28,0.92,0.0,n/a,Normal market alignment.
2025-05-15,HDFC_BANK,HDB,HDFC.NS,25.35,687.32,81.83,3,691.31,3.99,0.58,0.0,n/a,Normal market alignment.
2025-05-16,HDFC_BANK,HDB,HDFC.NS,25.47,688.4,81.81,3,694.54,6.14,0.89,0.0,n/a,Normal market alignment.
2025-05-19,HDFC_BANK,HDB,HDFC.NS,25.44,698.76,81.82,3,693.89,-4.87,-0.7,0.0,n/a,Normal market alignment.
2025-05-20,HDFC_BANK,HDB,HDFC.NS,25.25,687.4,81.84,3,688.67,1.28,0.19,0.0,n/a,Normal market alignment.
2025-05-21,HDFC_BANK,HDB,HDFC.NS,26.09,709.7,81.79,3,711.37,1.67,0.24,0.0,n/a,Normal market alignment.
2025-05-22,HDFC_BANK,HDB,HDFC.NS,25.92,702.52,81.77,3,706.6,4.08,0.58,0.0,n/a,Normal market alignment.
2025-05-23,HDFC_BANK,HDB,HDFC.NS,25.67,695.98,81.83,3,700.25,4.27,0.61,0.0,n/a,Normal market alignment.
2025-05-26,HDFC_BANK,HDB,HDFC.NS,25.85,706.91,81.79,3,704.63,-2.28,-0.32,0.0,n/a,Normal market alignment.
2025-05-27,HDFC_BANK,HDB,HDFC.NS,25.95,715.67,81.7,3,706.78,-8.89,-1.24,0.0,n/a,Normal market alignment.
2025-05-28,HDFC_BANK,HDB,HDFC.NS,25.41,700.19,81.63,3,691.48,-8.71,-1.24,0.0,n/a,Normal market alignment.
2025-05-29,HDFC_BANK,HDB,HDFC.NS,25.85,705.82,81.63,3,703.35,-2.48,-0.35,0.0,n/a,Normal market alignment.
2025-05-30,HDFC_BANK,HDB,HDFC.NS,25.82,700.67,81.63,3,702.58,1.91,0.27,0.0,n/a,Normal market alignment.
2025-06-02,HDFC_BANK,HDB,HDFC.NS,25.4,696.59,81.63,3,691.06,-5.53,-0.79,0.0,n/a,Normal market alignment.
2025-06-03,HDFC_BANK,HDB,HDFC.NS,25.86,712.3,81.68,3,704.01,-8.29,-1.16,0.0,n/a,Normal market alignment.
2025-06-04,HDFC_BANK,HDB,HDFC.NS,26.11,718.56,81.57,3,709.91,-8.65,-1.2,0.0,n/a,Normal market alignment.
2025-06-05,HDFC_BANK,HDB,HDFC.NS,25.62,703.64,81.59,3,696.8,-6.84,-0.97,0.0,n/a,Normal market alignment.
2025-06-06,HDFC_BANK,HDB,HDFC.NS,26.31,727.32,81.65,3,716.14,-11.18,-1.54,3.5,offline,"Offline insight: HDFC_BANK ADR-implied price is at a 1.54% discount to its NSE close, consistent with overnight US trading and FX movement."
2025-06-09,HDFC_BANK,HDB,HDFC.NS,26.58,737.18,81.61,3,723.04,-14.14,-1.92,-1.1,offline,"Offline insight: HDFC_BANK ADR-implied price is at a 1.92% discount to its NSE close, consistent with overnight US trading and FX movement."
2025-06-10,HDFC_BANK,HDB,HDFC.NS,26.58,735.72,81.6,3,723.02,-12.7,-1.73,-2.8,offline,"Offline insight: HDFC_BANK ADR-implied price is at a 1.73% discount to its NSE close, consistent with overnight US trading and FX movement."
2025-06-11,HDFC_BANK,HDB,HDFC.NS,27.23,747.51,81.57,3,740.22,-7.29,-0.98,0.0,n/a,Normal market alignment.
2025-06-12,HDFC_BANK,HDB,HDFC.NS,27.3,752.52,81.53,3,741.9,-10.62,-1.41,0.0,n/a,Normal market alignment.
2025-06-13,HDFC_BANK,HDB,HDFC.NS,27.3,748.64,81.52,3,741.7,-6.95,-0.93,0.0,n/a,Normal market alignment.
2025-06-16,HDFC_BANK,HDB,HDFC.NS,27.03,733.75,81.58,3,735.1,1.35,0.18,0.0,n/a,Normal market alignment.
2025-06-17,HDFC_BANK,HDB,HDFC.NS,27.28,748.4,81.65,3,742.41,-5.99,-0.8,0.0,n/a,Normal market alignment.
2025-06-18,HDFC_BANK,HDB,HDFC.NS,27.48,752.53,81.64,3,747.83,-4.7,-0.62,0.0,n/a,Normal market alignment.
2025-06-19,HDFC_BANK,HDB,HDFC.NS,27.49,746.37,81.72,3,748.92,2.56,0.34,0.0,n/a,Normal market alignment.
2025-06-20,HDFC_BANK,HDB,HDFC.NS,27.18,740.94,81.72,3,740.3,-0.65,-0.09,0.0,n/a,Normal market alignment.
2025-06-23,HDFC_BANK,HDB,HDFC.NS,27.24,745.99,81.79,3,742.61,-3.39,-0.45,0.0,n/a,Normal market alignment.
2025-06-24,HDFC_BANK,HDB,HDFC.NS,27.22,738.03,81.79,3,742.03,4.0,0.54,0.0,n/a,Normal market alignment.
2025-06-25,HDFC_BANK,HDB,HDFC.NS,26.68,726.66,81.79,3,727.46,0.81,0.11,0.0,n/a,Normal market alignment.
2025-06-26,HDFC_BANK,HDB,HDFC.NS,26.1,705.83,81.81,3,711.76,5.93,0.84,0.0,n/a,Normal market alignment.
2025-06-27,HDFC_BANK,HDB,HDFC.NS,26.33,713.39,81.94,3,719.13,5.74,0.8,0.0,n/a,Normal market alignment.
2025-06-30,HDFC_BANK,HDB,HDFC.NS,25.31,689.9,81.97,3,691.57,1.67,0.24,0.0,n/a,Normal market alignment.
2025-07-01,HDFC_BANK,HDB,HDFC.NS,25.4,690.36,81.95,3,693.68,3.32,0.48,0.0,n/a,Normal market alignment.
2025-07-02,HDFC_BANK,HDB,HDFC.NS,25.22,685.73,81.99,3,689.25,3.52,0.51,0.0,n/a,Normal market alignment.
2025-07-03,HDFC_BANK,HDB,HDFC.NS,25.72,695.75,81.97,3,702.87,7.11,1.02,0.0,n/a,Normal market alignment.
2025-07-04,HDFC_BANK,HDB,HDFC.NS,25.54,696.12,81.95,3,697.72,1.6,0.23,0.0,n/a,Normal market alignment.
2025-07-07,HDFC_BANK,HDB,HDFC.NS,25.8,703.98,81.99,3,705.15,1.17,0.17,0.0,n/a,Normal market alignment.
2025-07-08,HDFC_BANK,HDB,HDFC.NS,25.66,700.78,81.99,3,701.18,0.4,0.06,0.0,n/a,Normal market alignment.
2025-07-09,HDFC_BANK,HDB,HDFC.NS,25.71,699.01,82.0,3,702.69,3.68,0.53,0.0,n/a,Normal market alignment.
2025-07-10,HDFC_BANK,HDB,HDFC.NS,26.0,713.55,82.01,3,710.68,-2.86,-0.4,0.0,n/a,Normal market alignment.
2025-07-11,HDFC_BANK,HDB,HDFC.NS,25.83,702.78,82.02,3,706.09,3.31,0.47,0.0,n/a,Normal market alignment.
2025-07-14,HDFC_BANK,HDB,HDFC.NS,26.22,712.67,82.04,3,717.01,4.34,0.61,0.0,n/a,Normal market alignment.
2025-07-15,HDFC_BANK,HDB,HDFC.NS,25.84,709.83,81.96,3,705.88,-3.95,-0.56,0.0,n/a,Normal market alignment.
2025-07-16,HDFC_BANK,HDB,HDFC.NS,25.96,705.84,81.99,3,709.45,3.61,0.51,0.0,n/a,Normal market alignment.
2025-07-17,HDFC_BANK,HDB,HDFC.NS,26.33,705.94,81.95,3,719.15,13.21,1.87,-6.3,offline,"Offline insight: HDFC_BANK ADR-implied price is at a 1.87% premium to its NSE close, consistent with overnight US trading and FX movement."
2025-07-18,HDFC_BANK,HDB,HDFC.NS,26.59,712.98,81.9,3,725.98,13.0,1.82,-6.7,offline,"Offline insight: HDFC_BANK ADR-implied price is at a 1.82% premium to its NSE close, consistent with overnight US trading and FX movement."
2025-07-21,HDFC_BANK,HDB,HDFC.NS,27.37,731.74,81.89,3,747.06,15.32,2.09,-1.0,offline,"Offline insight: HDFC_BANK ADR-implied price is at a 2.09% premium to its NSE close, consistent with overnight US trading and FX movement."
2025-07-22,HDFC_BANK,HDB,HDFC.NS,27.06,729.17,81.9,3,738.76,9.59,1.32,0.0,n/a,Normal market alignment.
2025-07-23,HDFC_BANK,HDB,HDFC.NS,26.51,726.18,81.87,3,723.47,-2.71,-0.37,0.0,n/a,Normal market alignment.
2025-07-24,HDFC_BANK,HDB,HDFC.NS,26.12,724.16,81.91,3,713.19,-10.97,-1.52,5.4,offline,"Offline insight: HDFC_BANK ADR-implied price is at a 1.52% discount to its NSE close, consistent with overnight US trading and FX movement."
2025-07-25,HDFC_BANK,HDB,HDFC.NS,26.39,725.31,81.85,3,720.01,-5.3,-0.73,0.0,n/a,Normal market alignment.
2025-07-28,HDFC_BANK,HDB,HDFC.NS,26.59,731.7,81.84,3,725.47,-6.24,-0.85,0.0,n/a,Normal market alignment.
2025-07-29,HDFC_BANK,HDB,HDFC.NS,26.64,735.06,81.82,3,726.6,-8.47,-1.15,0.0,n/a,Normal market alignment.
2025-07-30,HDFC_BANK,HDB,HDFC.NS,26.2,719.86,81.81,3,714.57,-5.29,-0.74,0.0,n/a,Normal market alignment.
2025-07-31,HDFC_BANK,HDB,HDFC.NS,26.51,723.18,81.83,3,723.11,-0.07,-0.01,0.0,n/a,Normal market alignment.
2025-08-01,HDFC_BANK,HDB,HDFC.NS,26.03,717.04,81.79,3,709.7,-7.34,-1.02,0.0,n/a,Normal market alignment.
2025-08-04,HDFC_BANK,HDB,HDFC.NS,26.49,729.28,81.82,3,722.52,-6.77,-0.93,0.0,n/a,Normal market alignment.
2025-08-05,HDFC_BANK,HDB,HDFC.NS,27.64,749.98,81.82,3,753.73,3.75,0.5,0.0,n/a,Normal market alignment.
2025-08-06,HDFC_BANK,HDB,HDFC.NS,27.8,760.86,81.75,3,757.41,-3.44,-0.45,0.0,n/a,Normal market alignment.
2025-08-07,HDFC_BANK,HDB,HDFC.NS,28.05,760.97,81.67,3,763.54,2.57,0.34,0.0,n/a,Normal market alignment.
2025-08-08,HDFC_BANK,HDB,HDFC.NS,27.85,759.17,81.67,3,758.13,-1.04,-0.14,0.0,n/a,Normal market alignment.
2025-08-11,HDFC_BANK,HDB,HDFC.NS,27.1,735.49,81.66,3,737.7,2.21,0.3,0.0,n/a,Normal market alignment.
2025-08-12,HDFC_BANK,HDB,HDFC.NS,26.86,724.36,81.66,3,731.22,6.87,0.95,0.0,n/a,Normal market alignment.
2025-08-13,HDFC_BANK,HDB,HDFC.NS,26.43,711.71,81.66,3,719.46,7.74,1.09,0.0,n/a,Normal market alignment.
2025-08-14,HDFC_BANK,HDB,HDFC.NS,25.87,695.18,81.67,3,704.14,8.96,1.29,0.0,n/a,Normal market alignment.
2025-08-15,HDFC_BANK,HDB,HDFC.NS,26.54,723.13,81.71,3,722.89,-0.24,-0.03,0.0,n/a,Normal market alignment.
2025-08-18,HDFC_BANK,HDB,HDFC.NS,26.66,720.21,81.66,3,725.68,5.47,0.76,0.0,n/a,Normal market alignment.
2025-08-19,HDFC_BANK,HDB,HDFC.NS,26.82,730.65,81.62,3,729.62,-1.03,-0.14,0.0,n/a,Normal market alignment.
2025-08-20,HDFC_BANK,HDB,HDFC.NS,26.7,725.37,81.58,3,726.08,0.7,0.1,0.0,n/a,Normal market alignment.
2025-08-21,HDFC_BANK,HDB,HDFC.NS,26.64,722.79,81.59,3,724.52,1.73,0.24,0.0,n/a,Normal market alignment.
2025-08-22,HDFC_BANK,HDB,HDFC.NS,27.03,732.14,81.64,3,735.68,3.54,0.48,0.0,n/a,Normal market alignment.
2025-08-25,HDFC_BANK,HDB,HDFC.NS,27.03,731.55,81.62,3,735.4,3.85,0.53,0.0,n/a,Normal market alignment.
2025-08-26,HDFC_BANK,HDB,HDFC.NS,27.25,742.62,81.52,3,740.57,-2.04,-0.28,0.0,n/a,Normal market alignment.
2025-08-27,HDFC_BANK,HDB,HDFC.NS,27.18,746.29,81.46,3,738.01,-8.28,-1.11,0.0,n/a,Normal market alignment.
2025-08-28,HDFC_BANK,HDB,HDFC.NS,27.05,734.56,81.42,3,734.15,-0.41,-0.06,0.0,n/a,Normal market alignment.
2025-08-29,HDFC_BANK,HDB,HDFC.NS,26.49,717.99,81.4,3,718.69,0.7,0.1,0.0,n/a,Normal market alignment.
2025-09-01,HDFC_BANK,HDB,HDFC.NS,25.71,691.49,81.39,3,697.45,5.97,0.86,0.0,n/a,Normal market alignment.
2025-09-02,HDFC_BANK,HDB,HDFC.NS,25.62,691.58,81.39,3,694.95,3.36,0.49,0.0,n/a,Normal market alignment.
2025-09-03,HDFC_BANK,HDB,HDFC.NS,25.65,700.49,81.38,3,695.65,-4.85,-0.69,0.0,n/a,Normal market alignment.
2025-09-04,HDFC_BANK,HDB,HDFC.NS,25.16,681.02,81.42,3,682.8,1.78,0.26,0.0,n/a,Normal market alignment.
2025-09-05,HDFC_BANK,HDB,HDFC.NS,25.15,683.13,81.39,3,682.43,-0.7,-0.1,0.0,n/a,Normal market alignment.
2025-09-08,HDFC_BANK,HDB,HDFC.NS,25.18,681.69,81.36,3,682.9,1.21,0.18,0.0,n/a,Normal market alignment.
2025-09-09,HDFC_BANK,HDB,HDFC.NS,24.37,663.49,81.38,3,661.19,-2.3,-0.35,0.0,n/a,Normal market alignment.
2025-09-10,HDFC_BANK,HDB,HDFC.NS,24.05,645.73,81.32,3,651.82,6.09,0.94,0.0,n/a,Normal market alignment.
2025-09-11,HDFC_BANK,HDB,HDFC.NS,24.2,656.45,81.34,3,656.14,-0.31,-0.05,0.0,n/a,Normal market alignment.
2025-09-12,HDFC_BANK,HDB,HDFC.NS,24.35,661.94,81.34,3,660.18,-1.75,-0.26,0.0,n/a,Normal market alignment.
2025-09-15,HDFC_BANK,HDB,HDFC.NS,23.93,649.46,81.34,3,648.92,-0.54,-0.08,0.0,n/a,Normal market alignment.
2025-09-16,HDFC_BANK,HDB,HDFC.NS,24.0,656.52,81.4,3,651.17,-5.35,-0.81,0.0,n/a,Normal market alignment.
2025-09-17,HDFC_BANK,HDB,HDFC.NS,24.37,662.87,81.38,3,661.16,-1.71,-0.26,0.0,n/a,Normal market alignment.
2025-09-18,HDFC_BANK,HDB,HDFC.NS,24.66,663.29,81.46,3,669.75,6.46,0.97,0.0,n/a,Normal market alignment.
2025-09-19,HDFC_BANK,HDB,HDFC.NS,24.64,667.32,81.45,3,668.93,1.61,0.24,0.0,n/a,Normal market alignment.
2025-09-22,HDFC_BANK,HDB,HDFC.NS,24.47,661.24,81.4,3,664.02,2.79,0.42,0.0,n/a,Normal market alignment.
2025-09-23,HDFC_BANK,HDB,HDFC.NS,24.25,669.17,81.41,3,657.98,-11.19,-1.67,-3.6,offline,"Offline insight: HDFC_BANK ADR-implied price is at a 1.67% discount to its NSE close, consistent with overnight US trading and FX movement."
2025-09-24,HDFC_BANK,HDB,HDFC.NS,24.43,669.35,81.37,3,662.46,-6.9,-1.03,0.0,n/a,Normal market alignment.
2025-09-25,HDFC_BANK,HDB,HDFC.NS,24.5,669.97,81.34,3,664.36,-5.61,-0.84,0.0,n/a,Normal market alignment.
2025-09-26,HDFC_BANK,HDB,HDFC.NS,24.74,678.26,81.35,3,670.97,-7.29,-1.08,0.0,n/a,Normal market alignment.
2025-09-29,HDFC_BANK,HDB,HDFC.NS,24.8,671.94,81.38,3,672.69,0.75,0.11,0.0,n/a,Normal market alignment.
2025-09-30,HDFC_BANK,HDB,HDFC.NS,25.11,682.05,81.35,3,680.95,-1.1,-0.16,0.0,n/a,Normal market alignment.
2025-10-01,HDFC_BANK,HDB,HDFC.NS,25.15,683.97,81.39,3,682.46,-1.51,-0.22,0.0,n/a,Normal market alignment.
2025-10-02,HDFC_BANK,HDB,HDFC.NS,25.46,693.85,81.44,3,691.1,-2.75,-0.4,0.0,n/a,Normal market alignment.
2025-10-03,HDFC_BANK,HDB,HDFC.NS,25.8,712.09,81.5,3,700.84,-11.25,-1.58,1.0,offline,"Offline insight: HDFC_BANK ADR-implied price is at a 1.58% discount to its NSE close, consistent with overnight US trading and FX movement."
2025-10-06,HDFC_BANK,HDB,HDFC.NS,25.49,705.05,81.52,3,692.78,-12.27,-1.74,2.6,offline,"Offline insight: HDFC_BANK ADR-implied price is at a 1.74% discount to its NSE close, consistent with overnight US trading and FX movement."
2025-10-07,HDFC_BANK,HDB,HDFC.NS,24.81,677.17,81.58,3,674.66,-2.51,-0.37,0.0,n/a,Normal market alignment.
2025-10-08,HDFC_BANK,HDB,HDFC.NS,25.39,701.78,81.5,3,689.85,-11.93,-1.7,-6.1,offline,"Offline insight: HDFC_BANK ADR-implied price is at a 1.70% discount to its NSE close, consistent with overnight US trading and FX movement."
2025-10-09,HDFC_BANK,HDB,HDFC.NS,25.5,703.56,81.49,3,692.61,-10.95,-1.56,-4.9,offline,"Offline insight: HDFC_BANK ADR-implied price is at a 1.56% discount to its NSE close, consistent with overnight US trading and FX movement."
2025-10-10,HDFC_BANK,HDB,HDFC.NS,24.85,683.02,81.46,3,674.73,-8.29,-1.21,0.0,n/a,Normal market alignment.
2025-10-13,HDFC_BANK,HDB,HDFC.NS,24.59,664.48,81.46,3,667.76,3.27,0.49,0.0,n/a,Normal market alignment.
2025-10-14,HDFC_BANK,HDB,HDFC.NS,24.88,669.92,81.44,3,675.51,5.58,0.83,0.0,n/a,Normal market alignment.
2025-10-15,HDFC_BANK,HDB,HDFC.NS,24.79,672.09,81.44,3,672.83,0.74,0.11,0.0,n/a,Normal market alignment.
2025-10-16,HDFC_BANK,HDB,HDFC.NS,24.6,662.01,81.51,3,668.49,6.48,0.98,0.0,n/a,Normal market alignment.
2025-10-17,HDFC_BANK,HDB,HDFC.NS,25.13,682.22,81.51,3,682.69,0.47,0.07,0.0,n/a,Normal market alignment.
2025-10-20,HDFC_BANK,HDB,HDFC.NS,24.74,667.32,81.52,3,672.31,4.99,0.75,0.0,n/a,Normal market alignment.
2025-10-21,HDFC_BANK,HDB,HDFC.NS,24.45,667.75,81.52,3,664.4,-3.36,-0.5,0.0,n/a,Normal market alignment.
2025-10-22,HDFC_BANK,HDB,HDFC.NS,24.54,663.75,81.52,3,666.74,2.99,0.45,0.0,n/a,Normal market alignment.
2025-10-23,HDFC_BANK,HDB,HDFC.NS,24.69,670.95,81.52,3,670.85,-0.1,-0.01,0.0,n/a,Normal market alignment.
2025-10-24,HDFC_BANK,HDB,HDFC.NS,24.88,681.17,81.54,3,676.2,-4.96,-0.73,0.0,n/a,Normal market alignment.
2025-10-27,HDFC_BANK,HDB,HDFC.NS,25.23,690.12,81.59,3,686.05,-4.07,-0.59,0.0,n/a,Normal market alignment.
2025-10-28,HDFC_BANK,HDB,HDFC.NS,25.31,689.96,81.65,3,688.86,-1.1,-0.16,0.0,n/a,Normal market alignment.
2025-10-29,HDFC_BANK,HDB,HDFC.NS,25.5,697.32,81.67,3,694.24,-3.08,-0.44,0.0,n/a,Normal market alignment.
2025-10-30,HDFC_BANK,HDB,HDFC.NS,25.41,691.11,81.69,3,691.96,0.85,0.12,0.0,n/a,Normal market alignment.
2025-10-31,HDFC_BANK,HDB,HDFC.NS,25.44,694.76,81.65,3,692.43,-2.32,-0.33,0.0,n/a,Normal market alignment.
2025-11-03,HDFC_BANK,HDB,HDFC.NS,25.49,692.12,81.64,3,693.74,1.62,0.23,0.0,n/a,Normal market alignment.
2025-11-04,HDFC_BANK,HDB,HDFC.NS,25.58,693.4,81.68,3,696.51,3.12,0.45,0.0,n/a,Normal market alignment.
2025-11-05,HDFC_BANK,HDB,HDFC.NS,25.89,703.5,81.72,3,705.1,1.6,0.23,0.0,n/a,Normal market alignment.
2025-11-06,HDFC_BANK,HDB,HDFC.NS,26.11,712.5,81.73,3,711.27,-1.23,-0.17,0.0,n/a,Normal market alignment.
2025-11-07,HDFC_BANK,HDB,HDFC.NS,26.13,712.25,81.76,3,712.27,0.02,0.0,0.0,n/a,Normal market alignment.
2025-11-10,HDFC_BANK,HDB,HDFC.NS,25.82,701.3,81.79,3,704.02,2.71,0.39,0.0,n/a,Normal market alignment.
2025-11-11,HDFC_BANK,HDB,HDFC.NS,25.86,693.74,81.83,3,705.36,11.62,1.68,-2.4,offline,"Offline insight: HDFC_BANK ADR-implied price is at a 1.68% premium to its NSE close, consistent with overnight US trading and FX movement."
2025-11-12,HDFC_BANK,HDB,HDFC.NS,25.86,693.85,81.85,3,705.39,11.54,1.66,2.4,offline,"Offline insight: HDFC_BANK ADR-implied price is at a 1.66% premium to its NSE close, consistent with overnight US trading and FX movement."
2025-11-13,HDFC_BANK,HDB,HDFC.NS,25.94,695.83,81.83,3,707.53,11.7,1.68,-0.9,offline,"Offline insight: HDFC_BANK ADR-implied price is at a 1.68% premium to its NSE close, consistent with overnight US trading and FX movement."
2025-11-14,HDFC_BANK,HDB,HDFC.NS,26.8,708.82,81.85,3,731.29,22.47,3.17,3.3,offline,"Offline insight: HDFC_BANK ADR-implied price is at a 3.17% premium to its NSE close, consistent with overnight US trading and FX movement."
2025-11-17,HDFC_BANK,HDB,HDFC.NS,26.6,708.69,81.73,3,724.73,16.04,2.26,5.1,offline,"Offline insight: HDFC_BANK ADR-implied price is at a 2.26% premium to its NSE close, consistent with overnight US trading and FX movement."
2025-11-18,HDFC_BANK,HDB,HDFC.NS,26.78,717.51,81.75,3,729.69,12.18,1.7,3.6,offline,"Offline insight: HDFC_BANK ADR-implied price is at a 1.70% premium to its NSE close, consistent with overnight US trading and FX movement."
2025-11-19,HDFC_BANK,HDB,HDFC.NS,27.22,729.26,81.6,3,740.28,11.02,1.51,6.9,offline,"Offline insight: HDFC_BANK ADR-implied price is at a 1.51% premium to its NSE close, consistent with overnight US trading and FX movement."
2025-11-20,HDFC_BANK,HDB,HDFC.NS,27.26,739.49,81.54,3,740.98,1.48,0.2,0.0,n/a,Normal market alignment.
2025-11-21,HDFC_BANK,HDB,HDFC.NS,28.23,768.83,81.55,3,767.36,-1.46,-0.19,0.0,n/a,Normal market alignment.
2025-11-24,HDFC_BANK,HDB,HDFC.NS,28.08,767.02,81.57,3,763.43,-3.59,-0.47,0.0,n/a,Normal market alignment.
2025-11-25,HDFC_BANK,HDB,HDFC.NS,28.22,765.62,81.53,3,766.94,1.32,0.17,0.0,n/a,Normal market alignment.
2025-11-26,HDFC_BANK,HDB,HDFC.NS,27.89,757.87,81.5,3,757.73,-0.14,-0.02,0.0,n/a,Normal market alignment.
2025-11-27,HDFC_BANK,HDB,HDFC.NS,27.75,753.83,81.56,3,754.48,0.65,0.09,0.0,n/a,Normal market alignment.
2025-11-28,HDFC_BANK,HDB,HDFC.NS,27.86,751.24,81.54,3,757.35,6.1,0.81,0.0,n/a,Normal market alignment.
2025-12-01,HDFC_BANK,HDB,HDFC.NS,28.23,759.75,81.63,3,768.04,8.29,1.09,0.0,n/a,Normal market alignment.
2025-12-02,HDFC_BANK,HDB,HDFC.NS,28.37,767.8,81.63,3,771.96,4.16,0.54,0.0,n/a,Normal market alignment.
2025-12-03,HDFC_BANK,HDB,HDFC.NS,28.91,788.07,81.65,3,786.94,-1.13,-0.14,0.0,n/a,Normal market alignment.
2025-12-04,HDFC_BANK,HDB,HDFC.NS,28.88,781.15,81.71,3,786.68,5.53,0.71,0.0,n/a,Normal market alignment.
2025-12-05,HDFC_BANK,HDB,HDFC.NS,28.75,775.56,81.72,3,783.06,7.5,0.97,0.0,n/a,Normal market alignment.
2025-12-08,HDFC_BANK,HDB,HDFC.NS,29.92,819.13,81.68,3,814.67,-4.46,-0.54,0.0,n/a,Normal market alignment.
2025-12-09,HDFC_BANK,HDB,HDFC.NS,30.11,824.19,81.68,3,819.69,-4.5,-0.55,0.0,n/a,Normal market alignment.
2025-12-10,HDFC_BANK,HDB,HDFC.NS,29.79,812.81,81.68,3,811.09,-1.72,-0.21,0.0,n/a,Normal market alignment.
2025-12-11,HDFC_BANK,HDB,HDFC.NS,29.49,799.02,81.62,3,802.36,3.34,0.42,0.0,n/a,Normal market alignment.
2025-12-12,HDFC_BANK,HDB,HDFC.NS,29.08,784.2,81.61,3,791.17,6.96,0.89,0.0,n/a,Normal market alignment.
2025-12-15,HDFC_BANK,HDB,HDFC.NS,29.5,796.41,81.59,3,802.24,5.83,0.73,0.0,n/a,Normal market alignment.
2025-12-16,HDFC_BANK,HDB,HDFC.NS,29.35,791.74,81.62,3,798.46,6.72,0.85,0.0,n/a,Normal market alignment.
2025-12-17,HDFC_BANK,HDB,HDFC.NS,29.41,795.84,81.63,3,800.25,4.41,0.55,0.0,n/a,Normal market alignment.
2025-12-18,HDFC_BANK,HDB,HDFC.NS,29.39,800.74,81.62,3,799.63,-1.12,-0.14,0.0,n/a,Normal market alignment.
2025-12-19,HDFC_BANK,HDB,HDFC.NS,29.72,810.77,81.61,3,808.61,-2.16,-0.27,0.0,n/a,Normal market alignment.
2025-12-22,HDFC_BANK,HDB,HDFC.NS,29.36,799.85,81.62,3,798.68,-1.17,-0.15,0.0,n/a,Normal market alignment.
2025-12-23,HDFC_BANK,HDB,HDFC.NS,28.89,787.16,81.65,3,786.28,-0.88,-0.11,0.0,n/a,Normal market alignment.
2025-12-24,HDFC_BANK,HDB,HDFC.NS,29.0,799.88,81.61,3,788.78,-11.1,-1.39,0.0,n/a,Normal market alignment.
2025-12-25,HDFC_BANK,HDB,HDFC.NS,29.27,804.67,81.57,3,795.73,-8.94,-1.11,0.0,n/a,Normal market alignment.
2025-12-26,HDFC_BANK,HDB,HDFC.NS,29.42,805.44,81.61,3,800.39,-5.05,-0.63,0.0,n/a,Normal market alignment.
2025-12-29,HDFC_BANK,HDB,HDFC.NS,29.07,795.32,81.6,3,790.76,-4.56,-0.57,0.0,n/a,Normal market alignment.
2025-12-30,HDFC_BANK,HDB,HDFC.NS,29.38,802.63,81.54,3,798.49,-4.15,-0.52,0.0,n/a,Normal market alignment.
2025-12-31,HDFC_BANK,HDB,HDFC.NS,29.06,789.75,81.56,3,790.0,0.25,0.03,0.0,n/a,Normal market alignment.
2026-01-01,HDFC_BANK,HDB,HDFC.NS,28.84,790.06,81.58,3,784.24,-5.82,-0.74,0.0,n/a,Normal market alignment.
2026-01-02,HDFC_BANK,HDB,HDFC.NS,28.44,785.22,81.52,3,772.8,-12.42,-1.58,3.6,offline,"Offline insight: HDFC_BANK ADR-implied price is at a 1.58% discount to its NSE close, consistent with overnight US trading and FX movement."
2026-01-05,HDFC_BANK,HDB,HDFC.NS,29.0,797.73,81.53,3,788.21,-9.51,-1.19,0.0,n/a,Normal market alignment.
2026-01-06,HDFC_BANK,HDB,HDFC.NS,29.29,797.68,81.56,3,796.24,-1.44,-0.18,0.0,n/a,Normal market alignment.
2026-01-07,HDFC_BANK,HDB,HDFC.NS,29.56,795.33,81.58,3,803.86,8.53,1.07,0.0,n/a,Normal market alignment.
2026-01-08,HDFC_BANK,HDB,HDFC.NS,30.12,809.76,81.6,3,819.4,9.65,1.19,0.0,n/a,Normal market alignment.
2026-01-09,HDFC_BANK,HDB,HDFC.NS,31.4,856.32,81.55,3,853.64,-2.68,-0.31,0.0,n/a,Normal market alignment.
2026-01-12,HDFC_BANK,HDB,HDFC.NS,30.61,835.08,81.56,3,832.16,-2.93,-0.35,0.0,n/a,Normal market alignment.
2026-01-13,HDFC_BANK,HDB,HDFC.NS,30.28,823.33,81.55,3,823.08,-0.25,-0.03,0.0,n/a,Normal market alignment.
2026-01-14,HDFC_BANK,HDB,HDFC.NS,30.01,814.67,81.53,3,815.53,0.86,0.11,0.0,n/a,Normal market alignment.
2026-01-15,HDFC_BANK,HDB,HDFC.NS,29.63,802.19,81.57,3,805.73,3.54,0.44,0.0,n/a,Normal market alignment.
2026-01-16,HDFC_BANK,HDB,HDFC.NS,29.16,796.53,81.63,3,793.53,-3.01,-0.38,0.0,n/a,Normal market alignment.
2026-01-19,HDFC_BANK,HDB,HDFC.NS,29.04,792.34,81.7,3,790.9,-1.43,-0.18,0.0,n/a,Normal market alignment.
2026-01-20,HDFC_BANK,HDB,HDFC.NS,28.52,775.78,81.75,3,777.22,1.44,0.19,0.0,n/a,Normal market alignment.
2026-01-21,HDFC_BANK,HDB,HDFC.NS,28.67,775.97,81.75,3,781.32,5.35,0.69,0.0,n/a,Normal market alignment.
2026-01-22,HDFC_BANK,HDB,HDFC.NS,28.7,783.49,81.77,3,782.31,-1.18,-0.15,0.0,n/a,Normal market alignment.
2026-01-23,HDFC_BANK,HDB,HDFC.NS,28.92,791.12,81.8,3,788.49,-2.63,-0.33,0.0,n/a,Normal market alignment.
2026-01-26,HDFC_BANK,HDB,HDFC.NS,29.15,811.77,81.8,3,794.79,-16.98,-2.09,4.9,offline,"Offline insight: HDFC_BANK ADR-implied price is at a 2.09% discount to its NSE close, consistent with overnight US trading and FX movement."
2026-01-27,HDFC_BANK,HDB,HDFC.NS,29.42,816.07,81.81,3,802.28,-13.79,-1.69,4.7,offline,"Offline insight: HDFC_BANK ADR-implied price is at a 1.69% discount to its NSE close, consistent with overnight US trading and FX movement."
2026-01-28,HDFC_BANK,HDB,HDFC.NS,29.26,809.54,81.84,3,798.36,-11.18,-1.38,0.0,n/a,Normal market alignment.
2026-01-29,HDFC_BANK,HDB,HDFC.NS,30.2,836.89,81.84,3,823.99,-12.91,-1.54,3.2,offline,"Offline insight: HDFC_BANK ADR-implied price is at a 1.54% discount to its NSE close, consistent with overnight US trading and FX movement."
2026-01-30,HDFC_BANK,HDB,HDFC.NS,30.32,833.59,81.81,3,826.85,-6.75,-0.81,0.0,n/a,Normal market alignment.
2026-02-02,HDFC_BANK,HDB,HDFC.NS,29.48,808.08,81.8,3,803.84,-4.24,-0.52,0.0,n/a,Normal market alignment.
2026-02-03,HDFC_BANK,HDB,HDFC.NS,29.05,807.57,81.83,3,792.25,-15.31,-1.9,4.2,offline,"Offline insight: HDFC_BANK ADR-implied price is at a 1.90% discount to its NSE close, consistent with overnight US trading and FX movement."
2026-02-04,HDFC_BANK,HDB,HDFC.NS,28.3,779.51,81.83,3,771.82,-7.69,-0.99,0.0,n/a,Normal market alignment.
2026-02-05,HDFC_BANK,HDB,HDFC.NS,28.31,782.1,81.84,3,772.39,-9.71,-1.24,0.0,n/a,Normal market alignment.
2026-02-06,HDFC_BANK,HDB,HDFC.NS,28.27,774.61,81.87,3,771.47,-3.14,-0.41,0.0,n/a,Normal market alignment.
2026-02-09,HDFC_BANK,HDB,HDFC.NS,28.08,774.99,81.86,3,766.15,-8.84,-1.14,0.0,n/a,Normal market alignment.
2026-02-10,HDFC_BANK,HDB,HDFC.NS,28.93,795.06,81.89,3,789.79,-5.27,-0.66,0.0,n/a,Normal market alignment.
2026-02-11,HDFC_BANK,HDB,HDFC.NS,29.18,801.47,81.9,3,796.69,-4.78,-0.6,0.0,n/a,Normal market alignment.
2026-02-12,HDFC_BANK,HDB,HDFC.NS,29.51,806.3,81.85,3,805.13,-1.17,-0.15,0.0,n/a,Normal market alignment.
2026-02-13,HDFC_BANK,HDB,HDFC.NS,29.11,794.69,81.91,3,794.69,-0.0,-0.0,0.0,n/a,Normal market alignment.
2026-02-16,HDFC_BANK,HDB,HDFC.NS,28.68,784.24,81.89,3,782.84,-1.4,-0.18,0.0,n/a,Normal market alignment.
2026-02-17,HDFC_BANK,HDB,HDFC.NS,28.7,792.25,81.83,3,782.88,-9.37,-1.18,0.0,n/a,Normal market alignment.
2026-02-18,HDFC_BANK,HDB,HDFC.NS,28.79,798.68,81.79,3,784.76,-13.93,-1.74,6.1,offline,"Offline insight: HDFC_BANK ADR-implied price is at a 1.74% discount to its NSE close, consistent with overnight US trading and FX movement."
2026-02-19,HDFC_BANK,HDB,HDFC.NS,27.99,774.03,81.75,3,762.77,-11.26,-1.45,0.0,n/a,Normal market alignment.
2026-02-20,HDFC_BANK,HDB,HDFC.NS,27.92,767.71,81.75,3,760.97,-6.75,-0.88,0.0,n/a,Normal market alignment.
2026-02-23,HDFC_BANK,HDB,HDFC.NS,27.94,768.59,81.74,3,761.26,-7.32,-0.95,0.0,n/a,Normal market alignment.
2026-02-24,HDFC_BANK,HDB,HDFC.NS,27.86,759.94,81.73,3,758.92,-1.02,-0.13,0.0,n/a,Normal market alignment.
2026-02-25,HDFC_BANK,HDB,HDFC.NS,27.53,752.2,81.75,3,750.12,-2.08,-0.28,0.0,n/a,Normal market alignment.
2026-02-26,HDFC_BANK,HDB,HDFC.NS,27.31,750.72,81.77,3,744.41,-6.31,-0.84,0.0,n/a,Normal market alignment.
2026-02-27,HDFC_BANK,HDB,HDFC.NS,27.25,748.01,81.78,3,742.78,-5.23,-0.7,0.0,n/a,Normal market alignment.
2026-03-02,HDFC_BANK,HDB,HDFC.NS,27.29,746.13,81.8,3,744.17,-1.95,-0.26,0.0,n/a,Normal market alignment.
2026-03-03,HDFC_BANK,HDB,HDFC.NS,27.55,750.85,81.83,3,751.38,0.53,0.07,0.0,n/a,Normal market alignment.
2026-03-04,HDFC_BANK,HDB,HDFC.NS,28.0,752.8,81.74,3,763.01,10.22,1.36,0.0,n/a,Normal market alignment.
2026-03-05,HDFC_BANK,HDB,HDFC.NS,27.89,757.13,81.73,3,759.75,2.62,0.35,0.0,n/a,Normal market alignment.
2026-03-06,HDFC_BANK,HDB,HDFC.NS,27.71,752.81,81.64,3,753.98,1.18,0.16,0.0,n/a,Normal market alignment.
2026-03-09,HDFC_BANK,HDB,HDFC.NS,27.9,756.22,81.64,3,759.18,2.96,0.39,0.0,n/a,Normal market alignment.
2026-03-10,HDFC_BANK,HDB,HDFC.NS,28.16,764.7,81.65,3,766.37,1.67,0.22,0.0,n/a,Normal market alignment.
2026-03-11,HDFC_BANK,HDB,HDFC.NS,27.98,763.68,81.69,3,762.01,-1.67,-0.22,0.0,n/a,Normal market alignment.
2026-03-12,HDFC_BANK,HDB,HDFC.NS,28.32,781.23,81.74,3,771.73,-9.5,-1.22,0.0,n/a,Normal market alignment.
2026-03-13,HDFC_BANK,HDB,HDFC.NS,28.75,792.0,81.75,3,783.39,-8.61,-1.09,0.0,n/a,Normal market alignment.
2026-03-16,HDFC_BANK,HDB,HDFC.NS,29.32,809.99,81.73,3,798.62,-11.37,-1.4,0.0,n/a,Normal market alignment.
2026-03-17,HDFC_BANK,HDB,HDFC.NS,30.11,837.54,81.75,3,820.36,-17.18,-2.05,-0.3,offline,"Offline insight: HDFC_BANK ADR-implied price is at a 2.05% discount to its NSE close, consistent with overnight US trading and FX movement."
2026-03-18,HDFC_BANK,HDB,HDFC.NS,29.72,824.49,81.73,3,809.75,-14.74,-1.79,1.9,offline,"Offline insight: HDFC_BANK ADR-implied price is at a 1.79% discount to its NSE close, consistent with overnight US trading and FX movement."
2026-03-19,HDFC_BANK,HDB,HDFC.NS,29.74,825.07,81.73,3,810.17,-14.9,-1.81,0.2,offline,"Offline insight: HDFC_BANK ADR-implied price is at a 1.81% discount to its NSE close, consistent with overnight US trading and FX movement."
2026-03-20,HDFC_BANK,HDB,HDFC.NS,29.75,816.46,81.77,3,810.95,-5.51,-0.67,0.0,n/a,Normal market alignment.
2026-03-23,HDFC_BANK,HDB,HDFC.NS,29.72,809.66,81.75,3,809.79,0.13,0.02,0.0,n/a,Normal market alignment.
2026-03-24,HDFC_BANK,HDB,HDFC.NS,29.44,807.5,81.78,3,802.47,-5.03,-0.62,0.0,n/a,Normal market alignment.
2026-03-25,HDFC_BANK,HDB,HDFC.NS,28.79,789.49,81.81,3,785.1,-4.39,-0.56,0.0,n/a,Normal market alignment.
2026-03-26,HDFC_BANK,HDB,HDFC.NS,28.84,799.13,81.77,3,786.07,-13.06,-1.63,4.9,offline,"Offline insight: HDFC_BANK ADR-implied price is at a 1.63% discount to its NSE close, consistent with overnight US trading and FX movement."
2026-03-27,HDFC_BANK,HDB,HDFC.NS,28.52,788.08,81.81,3,777.63,-10.46,-1.33,0.0,n/a,Normal market alignment.
2026-03-30,HDFC_BANK,HDB,HDFC.NS,28.56,783.19,81.84,3,779.14,-4.05,-0.52,0.0,n/a,Normal market alignment.
2026-03-31,HDFC_BANK,HDB,HDFC.NS,28.23,768.09,81.85,3,770.14,2.05,0.27,0.0,n/a,Normal market alignment.
2026-04-01,HDFC_BANK,HDB,HDFC.NS,27.77,759.97,81.82,3,757.39,-2.57,-0.34,0.0,n/a,Normal market alignment.
2026-04-02,HDFC_BANK,HDB,HDFC.NS,27.88,755.94,81.78,3,759.97,4.03,0.53,0.0,n/a,Normal market alignment.
2026-04-03,HDFC_BANK,HDB,HDFC.NS,27.95,767.42,81.76,3,761.73,-5.69,-0.74,0.0,n/a,Normal market alignment.
2026-04-06,HDFC_BANK,HDB,HDFC.NS,28.2,779.06,81.79,3,768.79,-10.27,-1.32,0.0,n/a,Normal market alignment.
2026-04-07,HDFC_BANK,HDB,HDFC.NS,29.13,796.21,81.75,3,793.87,-2.34,-0.29,0.0,n/a,Normal market alignment.
2026-04-08,HDFC_BANK,HDB,HDFC.NS,29.26,789.74,81.77,3,797.59,7.84,0.99,0.0,n/a,Normal market alignment.
2026-04-09,HDFC_BANK,HDB,HDFC.NS,29.49,795.66,81.72,3,803.15,7.49,0.94,0.0,n/a,Normal market alignment.
2026-04-10,HDFC_BANK,HDB,HDFC.NS,29.02,786.12,81.71,3,790.34,4.22,0.54,0.0,n/a,Normal market alignment.
2026-04-13,HDFC_BANK,HDB,HDFC.NS,28.47,784.91,81.72,3,775.37,-9.53,-1.21,0.0,n/a,Normal market alignment.
2026-04-14,HDFC_BANK,HDB,HDFC.NS,29.15,812.4,81.81,3,794.98,-17.42,-2.14,-1.0,offline,"Offline insight: HDFC_BANK ADR-implied price is at a 2.14% discount to its NSE close, consistent with overnight US trading and FX movement."
2026-04-15,HDFC_BANK,HDB,HDFC.NS,28.76,793.17,81.76,3,783.68,-9.49,-1.2,0.0,n/a,Normal market alignment.
2026-04-16,HDFC_BANK,HDB,HDFC.NS,28.31,779.76,81.82,3,772.21,-7.55,-0.97,0.0,n/a,Normal market alignment.
2026-04-17,HDFC_BANK,HDB,HDFC.NS,28.31,782.66,81.83,3,772.06,-10.61,-1.36,0.0,n/a,Normal market alignment.
2026-04-20,HDFC_BANK,HDB,HDFC.NS,28.28,777.37,81.84,3,771.41,-5.96,-0.77,0.0,n/a,Normal market alignment.
2026-04-21,HDFC_BANK,HDB,HDFC.NS,27.9,764.15,81.85,3,761.25,-2.9,-0.38,0.0,n/a,Normal market alignment.
2026-04-22,HDFC_BANK,HDB,HDFC.NS,27.78,754.9,81.87,3,758.17,3.27,0.43,0.0,n/a,Normal market alignment.
2026-04-23,HDFC_BANK,HDB,HDFC.NS,28.3,769.59,81.86,3,772.33,2.74,0.36,0.0,n/a,Normal market alignment.
2026-04-24,HDFC_BANK,HDB,HDFC.NS,27.97,755.67,81.92,3,763.78,8.11,1.07,0.0,n/a,Normal market alignment.
2026-04-27,HDFC_BANK,HDB,HDFC.NS,27.39,743.06,81.91,3,747.88,4.83,0.65,0.0,n/a,Normal market alignment.
2026-04-28,HDFC_BANK,HDB,HDFC.NS,27.79,756.77,81.95,3,759.11,2.34,0.31,0.0,n/a,Normal market alignment.
2026-04-29,HDFC_BANK,HDB,HDFC.NS,28.0,757.66,81.93,3,764.71,7.05,0.93,0.0,n/a,Normal market alignment.
2026-04-30,HDFC_BANK,HDB,HDFC.NS,27.75,758.77,81.93,3,757.81,-0.96,-0.13,0.0,n/a,Normal market alignment.
2026-05-01,HDFC_BANK,HDB,HDFC.NS,27.1,725.92,81.88,3,739.67,13.75,1.89,4.5,offline,"Offline insight: HDFC_BANK ADR-implied price is at a 1.89% premium to its NSE close, consistent with overnight US trading and FX movement."
2026-05-04,HDFC_BANK,HDB,HDFC.NS,26.8,721.71,81.9,3,731.81,10.1,1.4,0.0,n/a,Normal market alignment.
2026-05-05,HDFC_BANK,HDB,HDFC.NS,26.79,723.94,81.96,3,731.95,8.01,1.11,0.0,n/a,Normal market alignment.
2026-05-06,HDFC_BANK,HDB,HDFC.NS,27.27,737.35,81.96,3,744.95,7.6,1.03,0.0,n/a,Normal market alignment.
2026-05-07,HDFC_BANK,HDB,HDFC.NS,26.85,719.62,81.95,3,733.53,13.91,1.93,4.2,offline,"Offline insight: HDFC_BANK ADR-implied price is at a 1.93% premium to its NSE close, consistent with overnight US trading and FX movement."
2026-05-08,HDFC_BANK,HDB,HDFC.NS,26.83,720.08,81.91,3,732.43,12.35,1.71,6.5,offline,"Offline insight: HDFC_BANK ADR-implied price is at a 1.71% premium to its NSE close, consistent with overnight US trading and FX movement."
2026-05-11,HDFC_BANK,HDB,HDFC.NS,27.11,740.69,81.9,3,739.99,-0.7,-0.09,0.0,n/a,Normal market alignment.
2026-05-12,HDFC_BANK,HDB,HDFC.NS,26.15,706.69,81.84,3,713.24,6.54,0.93,0.0,n/a,Normal market alignment.
2026-05-13,HDFC_BANK,HDB,HDFC.NS,26.56,721.91,81.8,3,724.19,2.29,0.32,0.0,n/a,Normal market alignment.
2026-05-14,HDFC_BANK,HDB,HDFC.NS,26.1,709.77,81.81,3,711.65,1.88,0.27,0.0,n/a,Normal market alignment.
2026-05-15,HDFC_BANK,HDB,HDFC.NS,26.23,721.19,81.87,3,715.88,-5.31,-0.74,0.0,n/a,Normal market alignment.
2026-05-18,HDFC_BANK,HDB,HDFC.NS,26.34,720.27,81.98,3,719.74,-0.53,-0.07,0.0,n/a,Normal market alignment.
2026-05-19,HDFC_BANK,HDB,HDFC.NS,26.77,735.14,81.96,3,731.47,-3.68,-0.5,0.0,n/a,Normal market alignment.
2026-05-20,HDFC_BANK,HDB,HDFC.NS,27.0,739.96,82.02,3,738.26,-1.7,-0.23,0.0,n/a,Normal market alignment.
2026-05-21,HDFC_BANK,HDB,HDFC.NS,26.05,714.65,82.03,3,712.25,-2.41,-0.34,0.0,n/a,Normal market alignment.
2026-05-22,HDFC_BANK,HDB,HDFC.NS,25.75,696.06,82.02,3,704.03,7.97,1.15,0.0,n/a,Normal market alignment.
2026-05-25,HDFC_BANK,HDB,HDFC.NS,25.81,691.51,82.04,3,705.86,14.35,2.07,-3.5,offline,"Offline insight: HDFC_BANK ADR-implied price is at a 2.07% premium to its NSE close, consistent with overnight US trading and FX movement."
2026-05-26,HDFC_BANK,HDB,HDFC.NS,25.74,695.16,82.04,3,704.04,8.88,1.28,0.0,n/a,Normal market alignment.
2026-05-27,HDFC_BANK,HDB,HDFC.NS,25.94,703.63,82.05,3,709.34,5.71,0.81,0.0,n/a,Normal market alignment.
2026-05-28,HDFC_BANK,HDB,HDFC.NS,26.25,716.2,82.03,3,717.82,1.61,0.23,0.0,n/a,Normal market alignment.
2026-05-29,HDFC_BANK,HDB,HDFC.NS,26.5,717.57,81.98,3,724.1,6.53,0.91,0.0,n/a,Normal market alignment.
2026-06-01,HDFC_BANK,HDB,HDFC.NS,26.42,719.18,81.92,3,721.45,2.27,0.32,0.0,n/a,Normal market alignment.
2026-06-02,HDFC_BANK,HDB,HDFC.NS,25.7,702.66,81.95,3,701.92,-0.74,-0.11,0.0,n/a,Normal market alignment.
2026-06-03,HDFC_BANK,HDB,HDFC.NS,25.53,692.94,81.94,3,697.25,4.31,0.62,0.0,n/a,Normal market alignment.
2026-06-04,HDFC_BANK,HDB,HDFC.NS,25.7,701.64,81.91,3,701.62,-0.03,-0.0,0.0,n/a,Normal market alignment.
2026-06-05,HDFC_BANK,HDB,HDFC.NS,25.28,690.56,81.91,3,690.36,-0.2,-0.03,0.0,n/a,Normal market alignment.
2026-06-08,HDFC_BANK,HDB,HDFC.NS,25.53,705.32,81.95,3,697.39,-7.93,-1.12,0.0,n/a,Normal market alignment.
2026-06-09,HDFC_BANK,HDB,HDFC.NS,25.89,708.46,81.96,3,707.17,-1.29,-0.18,0.0,n/a,Normal market alignment.
2026-06-10,HDFC_BANK,HDB,HDFC.NS,25.94,699.76,81.93,3,708.51,8.74,1.25,0.0,n/a,Normal market alignment.
2026-06-11,HDFC_BANK,HDB,HDFC.NS,24.76,668.19,81.98,3,676.57,8.38,1.25,0.0,n/a,Normal market alignment.
2026-06-12,HDFC_BANK,HDB,HDFC.NS,24.29,652.73,82.04,3,664.33,11.59,1.78,2.9,offline,"Offline insight: HDFC_BANK ADR-implied price is at a 1.78% premium to its NSE close, consistent with overnight US trading and FX movement."
2026-06-15,HDFC_BANK,HDB,HDFC.NS,24.99,680.27,82.06,3,683.49,3.22,0.47,0.0,n/a,Normal market alignment.
2026-06-16,HDFC_BANK,HDB,HDFC.NS,24.79,675.39,82.1,3,678.43,3.04,0.45,0.0,n/a,Normal market alignment.
2026-06-17,HDFC_BANK,HDB,HDFC.NS,24.06,661.43,82.16,3,658.84,-2.58,-0.39,0.0,n/a,Normal market alignment.
2026-06-18,HDFC_BANK,HDB,HDFC.NS,24.51,674.28,82.2,3,671.63,-2.66,-0.39,0.0,n/a,Normal market alignment.
2026-06-19,HDFC_BANK,HDB,HDFC.NS,24.52,670.13,82.23,3,672.17,2.04,0.3,0.0,n/a,Normal market alignment.
2026-06-22,HDFC_BANK,HDB,HDFC.NS,24.94,681.99,82.25,3,683.72,1.73,0.25,0.0,n/a,Normal market alignment.
2026-06-23,HDFC_BANK,HDB,HDFC.NS,25.05,692.74,82.27,3,686.95,-5.8,-0.84,0.0,n/a,Normal market alignment.
2026-06-24,HDFC_BANK,HDB,HDFC.NS,25.23,701.5,82.23,3,691.52,-9.98,-1.42,0.0,n/a,Normal market alignment.
2026-06-25,HDFC_BANK,HDB,HDFC.NS,25.37,708.64,82.26,3,695.74,-12.9,-1.82,3.6,offline,"Offline insight: HDFC_BANK ADR-implied price is at a 1.82% discount to its NSE close, consistent with overnight US trading and FX movement."
2026-06-26,HDFC_BANK,HDB,HDFC.NS,25.65,708.07,82.21,3,702.77,-5.3,-0.75,0.0,n/a,Normal market alignment.
2026-06-29,HDFC_BANK,HDB,HDFC.NS,26.53,719.55,82.18,3,726.72,7.17,1.0,0.0,n/a,Normal market alignment.
2026-06-30,HDFC_BANK,HDB,HDFC.NS,26.92,726.72,82.23,3,738.0,11.27,1.55,6.1,offline,"Offline insight: HDFC_BANK ADR-implied price is at a 1.55% premium to its NSE close, consistent with overnight US trading and FX movement."
2026-07-01,HDFC_BANK,HDB,HDFC.NS,26.29,723.9,82.26,3,721.03,-2.87,-0.4,0.0,n/a,Normal market alignment.
2026-07-02,HDFC_BANK,HDB,HDFC.NS,26.48,721.15,82.32,3,726.61,5.46,0.76,0.0,n/a,Normal market alignment.
2026-07-03,HDFC_BANK,HDB,HDFC.NS,26.94,731.07,82.31,3,739.18,8.11,1.11,0.0,n/a,Normal market alignment.
2026-07-06,HDFC_BANK,HDB,HDFC.NS,27.43,755.47,82.27,3,752.32,-3.14,-0.42,0.0,n/a,Normal market alignment.
2026-07-07,HDFC_BANK,HDB,HDFC.NS,27.27,751.12,82.26,3,747.66,-3.47,-0.46,0.0,n/a,Normal market alignment.
2026-07-08,HDFC_BANK,HDB,HDFC.NS,27.75,757.28,82.27,3,760.99,3.71,0.49,0.0,n/a,Normal market alignment.
2026-07-09,HDFC_BANK,HDB,HDFC.NS,28.15,766.64,82.27,3,771.85,5.21,0.68,0.0,n/a,Normal market alignment.
2026-07-10,HDFC_BANK,HDB,HDFC.NS,29.24,806.42,82.32,3,802.32,-4.1,-0.51,0.0,n/a,Normal market alignment.
2026-07-13,HDFC_BANK,HDB,HDFC.NS,28.92,792.43,82.3,3,793.4,0.97,0.12,0.0,n/a,Normal market alignment.
2026-07-14,HDFC_BANK,HDB,HDFC.NS,28.71,799.12,82.32,3,787.75,-11.37,-1.42,0.0,n/a,Normal market alignment.
2026-07-15,HDFC_BANK,HDB,HDFC.NS,28.59,791.99,82.28,3,784.0,-8.0,-1.01,0.0,n/a,Normal market alignment.
2026-07-16,HDFC_BANK,HDB,HDFC.NS,28.38,777.17,82.3,3,778.65,1.48,0.19,0.0,n/a,Normal market alignment.
2026-07-17,HDFC_BANK,HDB,HDFC.NS,28.01,767.52,82.3,3,768.5,0.98,0.13,0.0,n/a,Normal market alignment.
2026-07-20,HDFC_BANK,HDB,HDFC.NS,26.86,738.64,82.27,3,736.62,-2.02,-0.27,0.0,n/a,Normal market alignment.
2026-07-21,HDFC_BANK,HDB,HDFC.NS,26.69,728.62,82.26,3,731.96,3.34,0.46,0.0,n/a,Normal market alignment.
2026-07-22,HDFC_BANK,HDB,HDFC.NS,26.85,729.2,82.26,3,736.18,6.98,0.96,0.0,n/a,Normal market alignment.
2026-07-23,HDFC_BANK,HDB,HDFC.NS,26.66,720.13,82.25,3,730.87,10.74,1.49,0.0,n/a,Normal market alignment.
2026-07-24,HDFC_BANK,HDB,HDFC.NS,27.44,741.78,82.32,3,752.96,11.18,1.51,5.7,offline,"Offline insight: HDFC_BANK ADR-implied price is at a 1.51% premium to its NSE close, consistent with overnight US trading and FX movement."
2026-07-27,HDFC_BANK,HDB,HDFC.NS,27.45,741.0,82.31,3,753.31,12.31,1.66,1.0,offline,"Offline insight: HDFC_BANK ADR-implied price is at a 1.66% premium to its NSE close, consistent with overnight US trading and FX movement."
2026-07-28,HDFC_BANK,HDB,HDFC.NS,27.99,756.62,82.31,3,768.05,11.42,1.51,1.1,offline,"Offline insight: HDFC_BANK ADR-implied price is at a 1.51% premium to its NSE close, consistent with overnight US trading and FX movement."
2026-07-29,HDFC_BANK,HDB,HDFC.NS,28.11,762.19,82.22,3,770.51,8.32,1.09,0.0,n/a,Normal market alignment.
2026-07-30,HDFC_BANK,HDB,HDFC.NS,28.47,774.41,82.19,3,779.96,5.56,0.72,0.0,n/a,Normal market alignment.
2026-07-31,HDFC_BANK,HDB,HDFC.NS,28.6,781.31,82.18,3,783.37,2.07,0.26,0.0,n/a,Normal market alignment.
2026-08-03,HDFC_BANK,HDB,HDFC.NS,29.19,804.99,82.15,3,799.44,-5.55,-0.69,0.0,n/a,Normal market alignment.
2026-08-04,HDFC_BANK,HDB,HDFC.NS,29.23,809.66,82.21,3,800.89,-8.77,-1.08,0.0,n/a,Normal market alignment.
2026-08-05,HDFC_BANK,HDB,HDFC.NS,29.45,813.93,82.2,3,807.04,-6.89,-0.85,0.0,n/a,Normal market alignment.
2026-08-06,HDFC_BANK,HDB,HDFC.NS,29.62,815.0,82.26,3,812.24,-2.76,-0.34,0.0,n/a,Normal market alignment.
2026-08-07,HDFC_BANK,HDB,HDFC.NS,29.5,802.54,82.26,3,809.0,6.46,0.81,0.0,n/a,Normal market alignment.
2026-08-10,HDFC_BANK,HDB,HDFC.NS,29.69,810.5,82.26,3,814.18,3.68,0.45,0.0,n/a,Normal market alignment.
2026-08-11,HDFC_BANK,HDB,HDFC.NS,30.7,833.56,82.26,3,841.69,8.12,0.97,0.0,n/a,Normal market alignment.
2026-08-12,HDFC_BANK,HDB,HDFC.NS,30.58,827.45,82.26,3,838.54,11.09,1.34,0.0,n/a,Normal market alignment.
2026-08-13,HDFC_BANK,HDB,HDFC.NS,30.78,839.39,82.33,3,844.78,5.39,0.64,0.0,n/a,Normal market alignment.
2026-08-14,HDFC_BANK,HDB,HDFC.NS,31.37,853.17,82.24,3,860.01,6.84,0.8,0.0,n/a,Normal market alignment.
2026-08-17,HDFC_BANK,HDB,HDFC.NS,31.92,871.43,82.16,3,874.14,2.71,0.31,0.0,n/a,Normal market alignment.
2026-08-18,HDFC_BANK,HDB,HDFC.NS,31.93,864.72,82.14,3,874.34,9.61,1.11,0.0,n/a,Normal market alignment.
2026-08-19,HDFC_BANK,HDB,HDFC.NS,30.8,834.08,82.14,3,843.36,9.28,1.11,0.0,n/a,Normal market alignment.
2026-08-20,HDFC_BANK,HDB,HDFC.NS,31.05,851.86,82.17,3,850.44,-1.41,-0.17,0.0,n/a,Normal market alignment.
2026-08-21,HDFC_BANK,HDB,HDFC.NS,30.03,822.47,82.19,3,822.58,0.11,0.01,0.0,n/a,Normal market alignment.
2026-08-24,HDFC_BANK,HDB,HDFC.NS,30.7,831.16,82.17,3,840.82,9.66,1.16,0.0,n/a,Normal market alignment.
2026-08-25,HDFC_BANK,HDB,HDFC.NS,30.78,838.86,82.22,3,843.64,4.78,0.57,0.0,n/a,Normal market alignment.
2026-08-26,HDFC_BANK,HDB,HDFC.NS,31.25,851.4,82.26,3,856.98,5.58,0.66,0.0,n/a,Normal market alignment.
2026-08-27,HDFC_BANK,HDB,HDFC.NS,30.84,839.22,82.27,3,845.73,6.51,0.78,0.0,n/a,Normal market alignment.
2026-08-28,HDFC_BANK,HDB,HDFC.NS,30.13,828.84,82.31,3,826.68,-2.16,-0.26,0.0,n/a,Normal market alignment.
2026-08-31,HDFC_BANK,HDB,HDFC.NS,30.26,828.62,82.32,3,830.29,1.67,0.2,0.0,n/a,Normal market alignment.
2026-09-01,HDFC_BANK,HDB,HDFC.NS,30.25,837.06,82.3,3,829.9,-7.16,-0.85,0.0,n/a,Normal market alignment.
2026-09-02,HDFC_BANK,HDB,HDFC.NS,30.04,832.23,82.33,3,824.32,-7.91,-0.95,0.0,n/a,Normal market alignment.
2026-09-03,HDFC_BANK,HDB,HDFC.NS,30.09,824.16,82.33,3,825.67,1.5,0.18,0.0,n/a,Normal market alignment.
2026-09-04,HDFC_BANK,HDB,HDFC.NS,31.34,857.12,82.33,3,860.2,3.08,0.36,0.0,n/a,Normal market alignment.
2026-09-07,HDFC_BANK,HDB,HDFC.NS,31.75,871.84,82.39,3,871.86,0.02,0.0,0.0,n/a,Normal market alignment.
2026-09-08,HDFC_BANK,HDB,HDFC.NS,32.25,882.03,82.29,3,884.8,2.77,0.31,0.0,n/a,Normal market alignment.
2026-09-09,HDFC_BANK,HDB,HDFC.NS,32.67,894.36,82.24,3,895.66,1.31,0.15,0.0,n/a,Normal market alignment.
2026-09-10,HDFC_BANK,HDB,HDFC.NS,33.41,914.41,82.19,3,915.29,0.88,0.1,0.0,n/a,Normal market alignment.
2026-09-11,HDFC_BANK,HDB,HDFC.NS,33.32,908.1,82.18,3,912.81,4.7,0.52,0.0,n/a,Normal market alignment.
2026-09-14,HDFC_BANK,HDB,HDFC.NS,32.31,886.61,82.17,3,884.85,-1.76,-0.2,0.0,n/a,Normal market alignment.
2026-09-15,HDFC_BANK,HDB,HDFC.NS,32.22,882.77,82.11,3,881.97,-0.8,-0.09,0.0,n/a,Normal market alignment.
2026-09-16,HDFC_BANK,HDB,HDFC.NS,32.63,895.0,82.07,3,892.56,-2.44,-0.27,0.0,n/a,Normal market alignment.
2026-09-17,HDFC_BANK,HDB,HDFC.NS,32.16,890.83,82.04,3,879.48,-11.35,-1.27,0.0,n/a,Normal market alignment.
2026-09-18,HDFC_BANK,HDB,HDFC.NS,32.09,891.03,82.14,3,878.48,-12.55,-1.41,0.0,n/a,Normal market alignment.
2026-09-21,HDFC_BANK,HDB,HDFC.NS,31.76,868.21,82.21,3,870.4,2.19,0.25,0.0,n/a,Normal market alignment.
2026-09-22,HDFC_BANK,HDB,HDFC.NS,32.49,886.38,82.2,3,890.11,3.73,0.42,0.0,n/a,Normal market alignment.
2026-09-23,HDFC_BANK,HDB,HDFC.NS,32.86,906.34,82.18,3,900.23,-6.11,-0.67,0.0,n/a,Normal market alignment.
2026-09-24,HDFC_BANK,HDB,HDFC.NS,33.19,922.48,82.14,3,908.8,-13.68,-1.48,0.0,n/a,Normal market alignment.
2026-09-25,HDFC_BANK,HDB,HDFC.NS,33.51,925.67,82.06,3,916.71,-8.96,-0.97,0.0,n/a,Normal market alignment.
2026-09-28,HDFC_BANK,HDB,HDFC.NS,33.5,911.76,82.06,3,916.43,4.67,0.51,0.0,n/a,Normal market alignment.
2026-09-29,HDFC_BANK,HDB,HDFC.NS,33.61,917.37,82.02,3,918.99,1.62,0.18,0.0,n/a,Normal market alignment.
2026-09-30,HDFC_BANK,HDB,HDFC.NS,33.03,893.77,82.02,3,902.9,9.12,1.02,0.0,n/a,Normal market alignment.
2026-10-01,HDFC_BANK,HDB,HDFC.NS,31.95,865.45,81.95,3,872.89,7.43,0.86,0.0,n/a,Normal market alignment.
2026-10-02,HDFC_BANK,HDB,HDFC.NS,32.03,867.47,81.92,3,874.8,7.33,0.85,0.0,n/a,Normal market alignment.
2026-10-05,HDFC_BANK,HDB,HDFC.NS,32.2,883.16,81.93,3,879.39,-3.78,-0.43,0.0,n/a,Normal market alignment.
2026-10-06,HDFC_BANK,HDB,HDFC.NS,32.79,892.21,81.95,3,895.77,3.56,0.4,0.0,n/a,Normal market alignment.
2022-03-31,INFOSYS,INFY,INFY.NS,41.74,3423.53,82.01,1,3423.53,0.0,0.0,0.0,n/a,Normal market alignment.
2022-04-01,INFOSYS,INFY,INFY.NS,41.79,3431.41,81.97,1,3425.52,-5.9,-0.17,0.0,n/a,Normal market alignment.
2022-04-04,INFOSYS,INFY,INFY.NS,42.7,3473.69,82.0,1,3501.32,27.64,0.8,0.0,n/a,Normal market alignment.
2022-04-05,INFOSYS,INFY,INFY.NS,42.87,3547.51,82.04,1,3517.51,-30.0,-0.85,0.0,n/a,Normal market alignment.
2022-04-06,INFOSYS,INFY,INFY.NS,43.44,3611.82,81.97,1,3560.24,-51.59,-1.43,0.0,n/a,Normal market alignment.
2022-04-07,INFOSYS,INFY,INFY.NS,43.92,3679.14,81.91,1,3597.46,-81.68,-2.22,4.3,offline,"Offline insight: INFOSYS ADR-implied price is at a 2.22% discount to its NSE close, consistent with overnight US trading and FX movement."
2022-04-08,INFOSYS,INFY,INFY.NS,44.34,3710.11,81.92,1,3632.45,-77.66,-2.09,3.1,offline,"Offline insight: INFOSYS ADR-implied price is at a 2.09% discount to its NSE close, consistent with overnight US trading and FX movement."
2022-04-11,INFOSYS,INFY,INFY.NS,44.59,3719.83,81.91,1,3651.98,-67.85,-1.82,-2.0,offline,"Offline insight: INFOSYS ADR-implied price is at a 1.82% discount to its NSE close, consistent with overnight US trading and FX movement."
2022-04-12,INFOSYS,INFY,INFY.NS,44.44,3723.16,81.91,1,3640.33,-82.83,-2.22,-3.0,offline,"Offline insight: INFOSYS ADR-implied price is at a 2.22% discount to its NSE close, consistent with overnight US trading and FX movement."
2022-04-13,INFOSYS,INFY,INFY.NS,45.73,3815.03,81.88,1,3744.5,-70.53,-1.85,-1.1,offline,"Offline insight: INFOSYS ADR-implied price is at a 1.85% discount to its NSE close, consistent with overnight US trading and FX movement."
2022-04-14,INFOSYS,INFY,INFY.NS,45.13,3791.85,81.91,1,3696.32,-95.54,-2.52,-5.6,offline,"Offline insight: INFOSYS ADR-implied price is at a 2.52% discount to its NSE close, consistent with overnight US trading and FX movement."
2022-04-15,INFOSYS,INFY,INFY.NS,45.14,3783.26,81.94,1,3699.11,-84.15,-2.22,-0.7,offline,"Offline insight: INFOSYS ADR-implied price is at a 2.22% discount to its NSE close, consistent with overnight US trading and FX movement."
2022-04-18,INFOSYS,INFY,INFY.NS,45.17,3719.6,81.95,1,3701.21,-18.39,-0.49,0.0,n/a,Normal market alignment.
2022-04-19,INFOSYS,INFY,INFY.NS,45.45,3727.28,81.99,1,3726.76,-0.52,-0.01,0.0,n/a,Normal market alignment.
2022-04-20,INFOSYS,INFY,INFY.NS,45.17,3700.22,82.01,1,3704.76,4.54,0.12,0.0,n/a,Normal market alignment.
2022-04-21,INFOSYS,INFY,INFY.NS,45.4,3745.38,81.98,1,3721.85,-23.53,-0.63,0.0,n/a,Normal market alignment.
2022-04-22,INFOSYS,INFY,INFY.NS,45.3,3768.99,82.0,1,3714.25,-54.73,-1.45,0.0,n/a,Normal market alignment.
2022-04-25,INFOSYS,INFY,INFY.NS,44.24,3687.11,81.96,1,3625.58,-61.53,-1.67,-6.4,offline,"Offline insight: INFOSYS ADR-implied price is at a 1.67% discount to its NSE close, consistent with overnight US trading and FX movement."
2022-04-26,INFOSYS,INFY,INFY.NS,44.26,3666.6,81.99,1,3628.78,-37.82,-1.03,0.0,n/a,Normal market alignment.
2022-04-27,INFOSYS,INFY,INFY.NS,43.54,3570.32,81.99,1,3569.92,-0.4,-0.01,0.0,n/a,Normal market alignment.
2022-04-28,INFOSYS,INFY,INFY.NS,42.42,3456.25,81.99,1,3477.85,21.6,0.62,0.0,n/a,Normal market alignment.
2022-04-29,INFOSYS,INFY,INFY.NS,42.52,3456.7,81.96,1,3484.92,28.22,0.82,0.0,n/a,Normal market alignment.
2022-05-02,INFOSYS,INFY,INFY.NS,42.84,3514.53,82.01,1,3513.6,-0.93,-0.03,0.0,n/a,Normal market alignment.
2022-05-03,INFOSYS,INFY,INFY.NS,43.19,3542.15,82.01,1,3542.19,0.05,0.0,0.0,n/a,Normal market alignment.
2022-05-04,INFOSYS,INFY,INFY.NS,43.57,3580.71,81.99,1,3572.69,-8.03,-0.22,0.0,n/a,Normal market alignment.
2022-05-05,INFOSYS,INFY,INFY.NS,42.32,3479.22,81.98,1,3469.64,-9.58,-0.28,0.0,n/a,Normal market alignment.
2022-05-06,INFOSYS,INFY,INFY.NS,41.47,3358.43,82.0,1,3400.77,42.34,1.26,0.0,n/a,Normal market alignment.
2022-05-09,INFOSYS,INFY,INFY.NS,42.71,3519.92,82.01,1,3503.13,-16.79,-0.48,0.0,n/a,Normal market alignment.
2022-05-10,INFOSYS,INFY,INFY.NS,42.06,3465.5,82.03,1,3449.89,-15.61,-0.45,0.0,n/a,Normal market alignment.
2022-05-11,INFOSYS,INFY,INFY.NS,42.45,3463.29,82.05,1,3483.31,20.02,0.58,0.0,n/a,Normal market alignment.
2022-05-12,INFOSYS,INFY,INFY.NS,42.03,3475.72,82.14,1,3452.1,-23.61,-0.68,0.0,n/a,Normal market alignment.
2022-05-13,INFOSYS,INFY,INFY.NS,42.09,3486.54,82.12,1,3456.62,-29.92,-0.86,0.0,n/a,Normal market alignment.
2022-05-16,INFOSYS,INFY,INFY.NS,41.7,3454.59,82.1,1,3424.01,-30.58,-0.89,0.0,n/a,Normal market alignment.
2022-05-17,INFOSYS,INFY,INFY.NS,42.07,3476.45,82.07,1,3452.55,-23.9,-0.69,0.0,n/a,Normal market alignment.
2022-05-18,INFOSYS,INFY,INFY.NS,42.17,3515.53,82.1,1,3461.75,-53.78,-1.53,-6.9,offline,"Offline insight: INFOSYS ADR-implied price is at a 1.53% discount to its NSE close, consistent with overnight US trading and FX movement."
2022-05-19,INFOSYS,INFY,INFY.NS,41.9,3458.78,82.14,1,3441.45,-17.33,-0.5,0.0,n/a,Normal market alignment.
2022-05-20,INFOSYS,INFY,INFY.NS,41.25,3382.52,82.14,1,3388.12,5.61,0.17,0.0,n/a,Normal market alignment.
2022-05-23,INFOSYS,INFY,INFY.NS,41.43,3385.98,82.11,1,3401.4,15.42,0.46,0.0,n/a,Normal market alignment.
2022-05-24,INFOSYS,INFY,INFY.NS,40.69,3350.5,82.07,1,3339.24,-11.26,-0.34,0.0,n/a,Normal market alignment.
2022-05-25,INFOSYS,INFY,INFY.NS,40.96,3367.51,82.1,1,3362.76,-4.75,-0.14,0.0,n/a,Normal market alignment.
2022-05-26,INFOSYS,INFY,INFY.NS,42.58,3522.72,82.13,1,3497.56,-25.16,-0.71,0.0,n/a,Normal market alignment.
2022-05-27,INFOSYS,INFY,INFY.NS,43.46,3594.21,82.15,1,3570.43,-23.77,-0.66,0.0,n/a,Normal market alignment.
2022-05-30,INFOSYS,INFY,INFY.NS,43.94,3569.21,82.13,1,3608.85,39.64,1.11,0.0,n/a,Normal market alignment.
2022-05-31,INFOSYS,INFY,INFY.NS,43.9,3579.5,82.14,1,3605.75,26.25,0.73,0.0,n/a,Normal market alignment.
2022-06-01,INFOSYS,INFY,INFY.NS,42.63,3515.97,82.15,1,3502.22,-13.76,-0.39,0.0,n/a,Normal market alignment.
2022-06-02,INFOSYS,INFY,INFY.NS,41.8,3437.94,82.15,1,3434.21,-3.73,-0.11,0.0,n/a,Normal market alignment.
2022-06-03,INFOSYS,INFY,INFY.NS,42.62,3538.64,82.19,1,3502.85,-35.79,-1.01,0.0,n/a,Normal market alignment.
2022-06-06,INFOSYS,INFY,INFY.NS,42.13,3513.63,82.2,1,3462.82,-50.81,-1.45,0.0,n/a,Normal market alignment.
2022-06-07,INFOSYS,INFY,INFY.NS,41.7,3484.34,82.23,1,3428.72,-55.63,-1.6,6.0,offline,"Offline insight: INFOSYS ADR-implied price is at a 1.60% discount to its NSE close, consistent with overnight US trading and FX movement."
2022-06-08,INFOSYS,INFY,INFY.NS,41.61,3465.35,82.23,1,3421.38,-43.97,-1.27,0.0,n/a,Normal market alignment.
2022-06-09,INFOSYS,INFY,INFY.NS,40.96,3371.97,82.24,1,3368.41,-3.56,-0.11,0.0,n/a,Normal market alignment.
2022-06-10,INFOSYS,INFY,INFY.NS,40.21,3297.23,82.27,1,3308.5,11.26,0.34,0.0,n/a,Normal market alignment.
2022-06-13,INFOSYS,INFY,INFY.NS,40.2,3285.92,82.21,1,3304.68,18.76,0.57,0.0,n/a,Normal market alignment.
2022-06-14,INFOSYS,INFY,INFY.NS,39.67,3274.98,82.2,1,3261.01,-13.97,-0.43,0.0,n/a,Normal market alignment.
2022-06-15,INFOSYS,INFY,INFY.NS,39.24,3245.65,82.18,1,3225.04,-20.61,-0.63,0.0,n/a,Normal market alignment.
2022-06-16,INFOSYS,INFY,INFY.NS,38.79,3193.35,82.16,1,3187.27,-6.08,-0.19,0.0,n/a,Normal market alignment.
2022-06-17,INFOSYS,INFY,INFY.NS,39.11,3230.71,82.15,1,3212.81,-17.9,-0.55,0.0,n/a,Normal market alignment.
2022-06-20,INFOSYS,INFY,INFY.NS,38.98,3221.95,82.21,1,3204.95,-16.99,-0.53,0.0,n/a,Normal market alignment.
2022-06-21,INFOSYS,INFY,INFY.NS,38.89,3196.26,82.18,1,3196.02,-0.24,-0.01,0.0,n/a,Normal market alignment.
2022-06-22,INFOSYS,INFY,INFY.NS,39.25,3235.2,82.22,1,3227.16,-8.04,-0.25,0.0,n/a,Normal market alignment.
2022-06-23,INFOSYS,INFY,INFY.NS,39.18,3218.36,82.15,1,3218.65,0.29,0.01,0.0,n/a,Normal market alignment.
2022-06-24,INFOSYS,INFY,INFY.NS,39.03,3170.18,82.14,1,3205.7,35.52,1.12,0.0,n/a,Normal market alignment.
2022-06-27,INFOSYS,INFY,INFY.NS,39.32,3211.85,82.15,1,3229.58,17.73,0.55,0.0,n/a,Normal market alignment.
2022-06-28,INFOSYS,INFY,INFY.NS,39.72,3226.57,82.17,1,3263.89,37.32,1.16,0.0,n/a,Normal market alignment.
2022-06-29,INFOSYS,INFY,INFY.NS,39.65,3223.84,82.2,1,3258.84,35.0,1.09,0.0,n/a,Normal market alignment.
2022-06-30,INFOSYS,INFY,INFY.NS,39.71,3277.37,82.23,1,3265.05,-12.31,-0.38,0.0,n/a,Normal market alignment.
2022-07-01,INFOSYS,INFY,INFY.NS,39.25,3259.73,82.22,1,3227.24,-32.5,-1.0,0.0,n/a,Normal market alignment.
2022-07-04,INFOSYS,INFY,INFY.NS,38.76,3223.96,82.2,1,3185.86,-38.1,-1.18,0.0,n/a,Normal market alignment.
2022-07-05,INFOSYS,INFY,INFY.NS,39.22,3267.68,82.24,1,3224.96,-42.72,-1.31,0.0,n/a,Normal market alignment.
2022-07-06,INFOSYS,INFY,INFY.NS,39.49,3274.95,82.23,1,3247.19,-27.76,-0.85,0.0,n/a,Normal market alignment.
2022-07-07,INFOSYS,INFY,INFY.NS,39.77,3270.91,82.18,1,3268.35,-2.56,-0.08,0.0,n/a,Normal market alignment.
2022-07-08,INFOSYS,INFY,INFY.NS,39.95,3254.26,82.14,1,3281.33,27.06,0.83,0.0,n/a,Normal market alignment.
2022-07-11,INFOSYS,INFY,INFY.NS,39.99,3259.86,82.1,1,3283.15,23.3,0.71,0.0,n/a,Normal market alignment.
2022-07-12,INFOSYS,INFY,INFY.NS,40.42,3315.41,82.12,1,3319.28,3.87,0.12,0.0,n/a,Normal market alignment.
2022-07-13,INFOSYS,INFY,INFY.NS,41.0,3414.48,82.13,1,3367.11,-47.37,-1.39,0.0,n/a,Normal market alignment.
2022-07-14,INFOSYS,INFY,INFY.NS,41.57,3442.29,82.16,1,3415.33,-26.96,-0.78,0.0,n/a,Normal market alignment.
2022-07-15,INFOSYS,INFY,INFY.NS,41.52,3426.0,82.14,1,3410.53,-15.48,-0.45,0.0,n/a,Normal market alignment.
2022-07-18,INFOSYS,INFY,INFY.NS,42.4,3487.8,82.15,1,3482.82,-4.99,-0.14,0.0,n/a,Normal market alignment.
2022-07-19,INFOSYS,INFY,INFY.NS,42.56,3449.01,82.17,1,3496.9,47.89,1.39,0.0,n/a,Normal market alignment.
2022-07-20,INFOSYS,INFY,INFY.NS,42.97,3471.56,82.16,1,3530.63,59.07,1.7,2.7,offline,"Offline insight: INFOSYS ADR-implied price is at a 1.70% premium to its NSE close, consistent with overnight US trading and FX movement."
2022-07-21,INFOSYS,INFY,INFY.NS,43.17,3492.61,82.18,1,3547.46,54.85,1.57,0.9,offline,"Offline insight: INFOSYS ADR-implied price is at a 1.57% premium to its NSE close, consistent with overnight US trading and FX movement."
2022-07-22,INFOSYS,INFY,INFY.NS,43.34,3551.02,82.16,1,3560.57,9.55,0.27,0.0,n/a,Normal market alignment.
2022-07-25,INFOSYS,INFY,INFY.NS,42.87,3528.74,82.14,1,3521.76,-6.98,-0.2,0.0,n/a,Normal market alignment.
2022-07-26,INFOSYS,INFY,INFY.NS,43.34,3565.85,82.13,1,3559.25,-6.6,-0.19,0.0,n/a,Normal market alignment.
2022-07-27,INFOSYS,INFY,INFY.NS,45.2,3734.52,82.08,1,3710.11,-24.42,-0.65,0.0,n/a,Normal market alignment.
2022-07-28,INFOSYS,INFY,INFY.NS,44.96,3692.83,82.1,1,3691.28,-1.55,-0.04,0.0,n/a,Normal market alignment.
2022-07-29,INFOSYS,INFY,INFY.NS,45.02,3687.24,82.08,1,3695.52,8.28,0.22,0.0,n/a,Normal market alignment.
2022-08-01,INFOSYS,INFY,INFY.NS,44.73,3695.13,82.09,1,3671.96,-23.17,-0.63,0.0,n/a,Normal market alignment.
2022-08-02,INFOSYS,INFY,INFY.NS,44.42,3630.33,82.11,1,3647.08,16.76,0.46,0.0,n/a,Normal market alignment.
2022-08-03,INFOSYS,INFY,INFY.NS,45.46,3720.56,82.12,1,3733.52,12.97,0.35,0.0,n/a,Normal market alignment.
2022-08-04,INFOSYS,INFY,INFY.NS,45.02,3735.6,82.15,1,3698.2,-37.4,-1.0,0.0,n/a,Normal market alignment.
2022-08-05,INFOSYS,INFY,INFY.NS,44.71,3696.41,82.15,1,3672.88,-23.53,-0.64,0.0,n/a,Normal market alignment.
2022-08-08,INFOSYS,INFY,INFY.NS,43.66,3592.48,82.13,1,3585.83,-6.65,-0.19,0.0,n/a,Normal market alignment.
2022-08-09,INFOSYS,INFY,INFY.NS,43.18,3525.96,82.13,1,3546.06,20.09,0.57,0.0,n/a,Normal market alignment.
2022-08-10,INFOSYS,INFY,INFY.NS,42.08,3449.8,82.06,1,3453.45,3.65,0.11,0.0,n/a,Normal market alignment.
2022-08-11,INFOSYS,INFY,INFY.NS,42.49,3462.54,82.01,1,3484.8,22.26,0.64,0.0,n/a,Normal market alignment.
2022-08-12,INFOSYS,INFY,INFY.NS,44.29,3611.23,81.96,1,3629.89,18.66,0.52,0.0,n/a,Normal market alignment.
2022-08-15,INFOSYS,INFY,INFY.NS,44.06,3631.47,81.92,1,3609.3,-22.17,-0.61,0.0,n/a,Normal market alignment.
2022-08-16,INFOSYS,INFY,INFY.NS,42.97,3569.31,81.93,1,3520.88,-48.43,-1.36,0.0,n/a,Normal market alignment.
2022-08-17,INFOSYS,INFY,INFY.NS,43.57,3568.94,81.9,1,3567.93,-1.01,-0.03,0.0,n/a,Normal market alignment.
2022-08-18,INFOSYS,INFY,INFY.NS,43.1,3500.77,81.88,1,3529.49,28.71,0.82,0.0,n/a,Normal market alignment.
2022-08-19,INFOSYS,INFY,INFY.NS,43.96,3575.98,81.94,1,3601.66,25.68,0.72,0.0,n/a,Normal market alignment.
2022-08-22,INFOSYS,INFY,INFY.NS,43.78,3534.69,81.92,1,3586.93,52.24,1.48,0.0,n/a,Normal market alignment.
2022-08-23,INFOSYS,INFY,INFY.NS,43.38,3498.44,81.96,1,3555.33,56.9,1.63,-2.2,offline,"Offline insight: INFOSYS ADR-implied price is at a 1.63% premium to its NSE close, consistent with overnight US trading and FX movement."
2022-08-24,INFOSYS,INFY,INFY.NS,43.28,3494.51,81.92,1,3545.34,50.82,1.45,0.0,n/a,Normal market alignment.
2022-08-25,INFOSYS,INFY,INFY.NS,43.78,3577.99,81.91,1,3586.38,8.4,0.23,0.0,n/a,Normal market alignment.
2022-08-26,INFOSYS,INFY,INFY.NS,43.65,3525.91,81.87,1,3573.61,47.7,1.35,0.0,n/a,Normal market alignment.
2022-08-29,INFOSYS,INFY,INFY.NS,43.34,3505.89,81.86,1,3547.51,41.62,1.19,0.0,n/a,Normal market alignment.
2022-08-30,INFOSYS,INFY,INFY.NS,43.22,3523.91,81.9,1,3539.49,15.58,0.44,0.0,n/a,Normal market alignment.
2022-08-31,INFOSYS,INFY,INFY.NS,42.41,3477.18,81.83,1,3470.14,-7.04,-0.2,0.0,n/a,Normal market alignment.
2022-09-01,INFOSYS,INFY,INFY.NS,42.67,3490.6,81.85,1,3492.63,2.03,0.06,0.0,n/a,Normal market alignment.
2022-09-02,INFOSYS,INFY,INFY.NS,41.54,3439.54,81.86,1,3400.51,-39.03,-1.13,0.0,n/a,Normal market alignment.
2022-09-05,INFOSYS,INFY,INFY.NS,41.28,3384.4,81.83,1,3377.94,-6.47,-0.19,0.0,n/a,Normal market alignment.
2022-09-06,INFOSYS,INFY,INFY.NS,41.76,3441.97,81.78,1,3415.05,-26.92,-0.78,0.0,n/a,Normal market alignment.
2022-09-07,INFOSYS,INFY,INFY.NS,41.96,3438.98,81.78,1,3431.76,-7.22,-0.21,0.0,n/a,Normal market alignment.
2022-09-08,INFOSYS,INFY,INFY.NS,42.35,3479.41,81.76,1,3462.33,-17.09,-0.49,0.0,n/a,Normal market alignment.
2022-09-09,INFOSYS,INFY,INFY.NS,42.32,3477.1,81.77,1,3460.42,-16.68,-0.48,0.0,n/a,Normal market alignment.
2022-09-12,INFOSYS,INFY,INFY.NS,43.07,3551.3,81.77,1,3522.26,-29.04,-0.82,0.0,n/a,Normal market alignment.
2022-09-13,INFOSYS,INFY,INFY.NS,43.68,3596.72,81.84,1,3575.01,-21.7,-0.6,0.0,n/a,Normal market alignment.
2022-09-14,INFOSYS,INFY,INFY.NS,43.99,3565.39,81.83,1,3599.63,34.25,0.96,0.0,n/a,Normal market alignment.
2022-09-15,INFOSYS,INFY,INFY.NS,44.61,3593.47,81.79,1,3649.01,55.55,1.55,1.0,offline,"Offline insight: INFOSYS ADR-implied price is at a 1.55% premium to its NSE close, consistent with overnight US trading and FX movement."
2022-09-16,INFOSYS,INFY,INFY.NS,45.13,3648.66,81.8,1,3691.55,42.89,1.18,0.0,n/a,Normal market alignment.
2022-09-19,INFOSYS,INFY,INFY.NS,44.85,3643.71,81.81,1,3668.77,25.06,0.69,0.0,n/a,Normal market alignment.
2022-09-20,INFOSYS,INFY,INFY.NS,43.96,3562.59,81.86,1,3598.34,35.75,1.0,0.0,n/a,Normal market alignment.
2022-09-21,INFOSYS,INFY,INFY.NS,44.25,3573.85,81.9,1,3623.63,49.79,1.39,0.0,n/a,Normal market alignment.
2022-09-22,INFOSYS,INFY,INFY.NS,44.62,3645.79,81.91,1,3655.08,9.3,0.25,0.0,n/a,Normal market alignment.
2022-09-23,INFOSYS,INFY,INFY.NS,45.36,3715.0,81.97,1,3718.67,3.67,0.1,0.0,n/a,Normal market alignment.
2022-09-26,INFOSYS,INFY,INFY.NS,44.74,3710.6,81.93,1,3665.47,-45.12,-1.22,0.0,n/a,Normal market alignment.
2022-09-27,INFOSYS,INFY,INFY.NS,44.15,3613.61,81.9,1,3615.65,2.04,0.06,0.0,n/a,Normal market alignment.
2022-09-28,INFOSYS,INFY,INFY.NS,44.46,3587.01,81.87,1,3640.07,53.07,1.48,0.0,n/a,Normal market alignment.
2022-09-29,INFOSYS,INFY,INFY.NS,44.43,3602.63,81.85,1,3636.63,34.0,0.94,0.0,n/a,Normal market alignment.
2022-09-30,INFOSYS,INFY,INFY.NS,43.19,3565.37,81.8,1,3532.52,-32.85,-0.92,0.0,n/a,Normal market alignment.
2022-10-03,INFOSYS,INFY,INFY.NS,43.44,3559.11,81.82,1,3554.6,-4.5,-0.13,0.0,n/a,Normal market alignment.
2022-10-04,INFOSYS,INFY,INFY.NS,42.25,3481.24,81.82,1,3456.57,-24.67,-0.71,0.0,n/a,Normal market alignment.
2022-10-05,INFOSYS,INFY,INFY.NS,41.66,3436.76,81.76,1,3406.18,-30.57,-0.89,0.0,n/a,Normal market alignment.
2022-10-06,INFOSYS,INFY,INFY.NS,42.52,3477.89,81.72,1,3474.58,-3.31,-0.1,0.0,n/a,Normal market alignment.
2022-10-07,INFOSYS,INFY,INFY.NS,43.7,3567.01,81.73,1,3571.33,4.32,0.12,0.0,n/a,Normal market alignment.
2022-10-10,INFOSYS,INFY,INFY.NS,42.91,3518.22,81.77,1,3508.76,-9.46,-0.27,0.0,n/a,Normal market alignment.
2022-10-11,INFOSYS,INFY,INFY.NS,42.71,3517.6,81.85,1,3495.93,-21.67,-0.62,0.0,n/a,Normal market alignment.
2022-10-12,INFOSYS,INFY,INFY.NS,42.75,3514.13,81.96,1,3504.24,-9.9,-0.28,0.0,n/a,Normal market alignment.
2022-10-13,INFOSYS,INFY,INFY.NS,43.91,3616.16,81.98,1,3599.69,-16.47,-0.46,0.0,n/a,Normal market alignment.
2022-10-14,INFOSYS,INFY,INFY.NS,43.6,3610.38,81.94,1,3572.47,-37.9,-1.05,0.0,n/a,Normal market alignment.
2022-10-17,INFOSYS,INFY,INFY.NS,43.3,3575.18,81.86,1,3544.34,-30.84,-0.86,0.0,n/a,Normal market alignment.
2022-10-18,INFOSYS,INFY,INFY.NS,44.32,3638.45,81.87,1,3628.26,-10.18,-0.28,0.0,n/a,Normal market alignment.
2022-10-19,INFOSYS,INFY,INFY.NS,44.08,3618.15,81.84,1,3607.56,-10.59,-0.29,0.0,n/a,Normal market alignment.
2022-10-20,INFOSYS,INFY,INFY.NS,44.57,3690.02,81.82,1,3647.03,-42.99,-1.17,0.0,n/a,Normal market alignment.
2022-10-21,INFOSYS,INFY,INFY.NS,43.6,3566.53,81.8,1,3566.29,-0.24,-0.01,0.0,n/a,Normal market alignment.
2022-10-24,INFOSYS,INFY,INFY.NS,43.5,3627.7,81.8,1,3558.0,-69.69,-1.92,5.5,offline,"Offline insight: INFOSYS ADR-implied price is at a 1.92% discount to its NSE close, consistent with overnight US trading and FX movement."
2022-10-25,INFOSYS,INFY,INFY.NS,42.43,3523.98,81.84,1,3472.35,-51.63,-1.47,0.0,n/a,Normal market alignment.
2022-10-26,INFOSYS,INFY,INFY.NS,41.77,3464.21,81.85,1,3418.72,-45.49,-1.31,0.0,n/a,Normal market alignment.
2022-10-27,INFOSYS,INFY,INFY.NS,42.31,3486.41,81.84,1,3462.56,-23.85,-0.68,0.0,n/a,Normal market alignment.
2022-10-28,INFOSYS,INFY,INFY.NS,42.29,3459.89,81.8,1,3459.29,-0.6,-0.02,0.0,n/a,Normal market alignment.
2022-10-31,INFOSYS,INFY,INFY.NS,42.1,3414.42,81.73,1,3440.99,26.57,0.78,0.0,n/a,Normal market alignment.
2022-11-01,INFOSYS,INFY,INFY.NS,41.64,3403.69,81.72,1,3402.61,-1.08,-0.03,0.0,n/a,Normal market alignment.
2022-11-02,INFOSYS,INFY,INFY.NS,41.51,3379.09,81.72,1,3392.32,13.23,0.39,0.0,n/a,Normal market alignment.
2022-11-03,INFOSYS,INFY,INFY.NS,41.71,3399.01,81.79,1,3411.65,12.65,0.37,0.0,n/a,Normal market alignment.
2022-11-04,INFOSYS,INFY,INFY.NS,42.34,3497.33,81.79,1,3463.24,-34.09,-0.97,0.0,n/a,Normal market alignment.
2022-11-07,INFOSYS,INFY,INFY.NS,40.69,3304.91,81.83,1,3329.55,24.64,0.75,0.0,n/a,Normal market alignment.
2022-11-08,INFOSYS,INFY,INFY.NS,40.19,3306.76,81.81,1,3288.24,-18.51,-0.56,0.0,n/a,Normal market alignment.
2022-11-09,INFOSYS,INFY,INFY.NS,40.3,3296.6,81.77,1,3295.21,-1.39,-0.04,0.0,n/a,Normal market alignment.
2022-11-10,INFOSYS,INFY,INFY.NS,40.25,3281.67,81.73,1,3289.79,8.13,0.25,0.0,n/a,Normal market alignment.
2022-11-11,INFOSYS,INFY,INFY.NS,40.51,3298.29,81.7,1,3309.55,11.26,0.34,0.0,n/a,Normal market alignment.
2022-11-14,INFOSYS,INFY,INFY.NS,40.68,3332.04,81.79,1,3327.33,-4.71,-0.14,0.0,n/a,Normal market alignment.
2022-11-15,INFOSYS,INFY,INFY.NS,40.51,3295.53,81.76,1,3311.82,16.29,0.49,0.0,n/a,Normal market alignment.
2022-11-16,INFOSYS,INFY,INFY.NS,40.2,3314.4,81.79,1,3288.03,-26.37,-0.8,0.0,n/a,Normal market alignment.
2022-11-17,INFOSYS,INFY,INFY.NS,40.06,3292.74,81.76,1,3275.5,-17.24,-0.52,0.0,n/a,Normal market alignment.
2022-11-18,INFOSYS,INFY,INFY.NS,40.77,3358.29,81.79,1,3334.49,-23.8,-0.71,0.0,n/a,Normal market alignment.
2022-11-21,INFOSYS,INFY,INFY.NS,40.33,3329.48,81.81,1,3299.54,-29.95,-0.9,0.0,n/a,Normal market alignment.
2022-11-22,INFOSYS,INFY,INFY.NS,40.31,3305.12,81.81,1,3297.2,-7.92,-0.24,0.0,n/a,Normal market alignment.
2022-11-23,INFOSYS,INFY,INFY.NS,40.43,3287.17,81.8,1,3307.24,20.07,0.61,0.0,n/a,Normal market alignment.
2022-11-24,INFOSYS,INFY,INFY.NS,41.39,3380.33,81.78,1,3384.59,4.26,0.13,0.0,n/a,Normal market alignment.
2022-11-25,INFOSYS,INFY,INFY.NS,41.21,3350.3,81.8,1,3371.14,20.84,0.62,0.0,n/a,Normal market alignment.
2022-11-28,INFOSYS,INFY,INFY.NS,41.82,3406.01,81.78,1,3419.91,13.9,0.41,0.0,n/a,Normal market alignment.
2022-11-29,INFOSYS,INFY,INFY.NS,42.6,3495.38,81.73,1,3482.09,-13.28,-0.38,0.0,n/a,Normal market alignment.
2022-11-30,INFOSYS,INFY,INFY.NS,42.58,3491.94,81.68,1,3477.67,-14.27,-0.41,0.0,n/a,Normal market alignment.
2022-12-01,INFOSYS,INFY,INFY.NS,42.45,3483.91,81.69,1,3468.06,-15.84,-0.45,0.0,n/a,Normal market alignment.
2022-12-02,INFOSYS,INFY,INFY.NS,42.26,3481.17,81.76,1,3454.69,-26.48,-0.76,0.0,n/a,Normal market alignment.
2022-12-05,INFOSYS,INFY,INFY.NS,42.11,3448.18,81.76,1,3442.79,-5.39,-0.16,0.0,n/a,Normal market alignment.
2022-12-06,INFOSYS,INFY,INFY.NS,42.66,3485.32,81.76,1,3487.77,2.45,0.07,0.0,n/a,Normal market alignment.
2022-12-07,INFOSYS,INFY,INFY.NS,42.82,3539.35,81.77,1,3501.44,-37.91,-1.07,0.0,n/a,Normal market alignment.
2022-12-08,INFOSYS,INFY,INFY.NS,42.98,3581.56,81.82,1,3517.13,-64.42,-1.8,2.1,offline,"Offline insight: INFOSYS ADR-implied price is at a 1.80% discount to its NSE close, consistent with overnight US trading and FX movement."
2022-12-09,INFOSYS,INFY,INFY.NS,42.27,3486.5,81.83,1,3459.24,-27.26,-0.78,0.0,n/a,Normal market alignment.
2022-12-12,INFOSYS,INFY,INFY.NS,41.67,3445.26,81.82,1,3409.43,-35.83,-1.04,0.0,n/a,Normal market alignment.
2022-12-13,INFOSYS,INFY,INFY.NS,43.02,3536.61,81.86,1,3522.02,-14.59,-0.41,0.0,n/a,Normal market alignment.
2022-12-14,INFOSYS,INFY,INFY.NS,42.92,3503.98,81.88,1,3514.46,10.48,0.3,0.0,n/a,Normal market alignment.
2022-12-15,INFOSYS,INFY,INFY.NS,42.43,3502.19,81.94,1,3477.32,-24.87,-0.71,0.0,n/a,Normal market alignment.
2022-12-16,INFOSYS,INFY,INFY.NS,43.36,3604.34,81.95,1,3553.37,-50.97,-1.41,0.0,n/a,Normal market alignment.
2022-12-19,INFOSYS,INFY,INFY.NS,43.55,3555.86,81.91,1,3567.37,11.51,0.32,0.0,n/a,Normal market alignment.
2022-12-20,INFOSYS,INFY,INFY.NS,43.95,3581.25,81.85,1,3597.02,15.77,0.44,0.0,n/a,Normal market alignment.
2022-12-21,INFOSYS,INFY,INFY.NS,43.87,3594.64,81.92,1,3593.59,-1.05,-0.03,0.0,n/a,Normal market alignment.
2022-12-22,INFOSYS,INFY,INFY.NS,43.67,3604.74,81.99,1,3580.54,-24.2,-0.67,0.0,n/a,Normal market alignment.
2022-12-23,INFOSYS,INFY,INFY.NS,43.57,3599.6,81.98,1,3572.24,-27.36,-0.76,0.0,n/a,Normal market alignment.
2022-12-26,INFOSYS,INFY,INFY.NS,42.68,3544.31,81.97,1,3498.61,-45.7,-1.29,0.0,n/a,Normal market alignment.
2022-12-27,INFOSYS,INFY,INFY.NS,42.64,3503.02,82.03,1,3497.58,-5.44,-0.16,0.0,n/a,Normal market alignment.
2022-12-28,INFOSYS,INFY,INFY.NS,42.84,3534.82,81.98,1,3512.3,-22.51,-0.64,0.0,n/a,Normal market alignment.
2022-12-29,INFOSYS,INFY,INFY.NS,44.04,3595.53,81.95,1,3609.32,13.78,0.38,0.0,n/a,Normal market alignment.
2022-12-30,INFOSYS,INFY,INFY.NS,44.11,3618.06,81.98,1,3616.23,-1.82,-0.05,0.0,n/a,Normal market alignment.
2023-01-02,INFOSYS,INFY,INFY.NS,42.58,3516.82,81.96,1,3490.07,-26.75,-0.76,0.0,n/a,Normal market alignment.
2023-01-03,INFOSYS,INFY,INFY.NS,42.53,3512.75,81.96,1,3486.24,-26.51,-0.75,0.0,n/a,Normal market alignment.
2023-01-04,INFOSYS,INFY,INFY.NS,44.3,3715.37,81.96,1,3630.29,-85.07,-2.29,1.4,offline,"Offline insight: INFOSYS ADR-implied price is at a 2.29% discount to its NSE close, consistent with overnight US trading and FX movement."
2023-01-05,INFOSYS,INFY,INFY.NS,44.88,3733.66,81.97,1,3679.21,-54.45,-1.46,0.0,n/a,Normal market alignment.
2023-01-06,INFOSYS,INFY,INFY.NS,44.35,3674.64,82.03,1,3638.11,-36.53,-0.99,0.0,n/a,Normal market alignment.
2023-01-09,INFOSYS,INFY,INFY.NS,44.76,3672.37,82.03,1,3671.66,-0.7,-0.02,0.0,n/a,Normal market alignment.
2023-01-10,INFOSYS,INFY,INFY.NS,44.27,3682.12,82.06,1,3633.08,-49.04,-1.33,0.0,n/a,Normal market alignment.
2023-01-11,INFOSYS,INFY,INFY.NS,43.39,3556.38,81.98,1,3556.88,0.5,0.01,0.0,n/a,Normal market alignment.
2023-01-12,INFOSYS,INFY,INFY.NS,43.17,3518.81,81.98,1,3539.32,20.51,0.58,0.0,n/a,Normal market alignment.
2023-01-13,INFOSYS,INFY,INFY.NS,43.25,3500.9,81.94,1,3543.82,42.93,1.23,0.0,n/a,Normal market alignment.
2023-01-16,INFOSYS,INFY,INFY.NS,42.04,3419.47,81.9,1,3443.36,23.9,0.7,0.0,n/a,Normal market alignment.
2023-01-17,INFOSYS,INFY,INFY.NS,41.33,3345.85,81.86,1,3383.63,37.78,1.13,0.0,n/a,Normal market alignment.
2023-01-18,INFOSYS,INFY,INFY.NS,41.35,3396.63,81.85,1,3384.66,-11.97,-0.35,0.0,n/a,Normal market alignment.
2023-01-19,INFOSYS,INFY,INFY.NS,41.11,3356.84,81.89,1,3366.5,9.66,0.29,0.0,n/a,Normal market alignment.
2023-01-20,INFOSYS,INFY,INFY.NS,41.37,3397.77,81.84,1,3385.29,-12.48,-0.37,0.0,n/a,Normal market alignment.
2023-01-23,INFOSYS,INFY,INFY.NS,40.63,3371.11,81.84,1,3324.72,-46.4,-1.38,0.0,n/a,Normal market alignment.
2023-01-24,INFOSYS,INFY,INFY.NS,41.07,3415.66,81.82,1,3360.57,-55.08,-1.61,-0.6,offline,"Offline insight: INFOSYS ADR-implied price is at a 1.61% discount to its NSE close, consistent with overnight US trading and FX movement."
2023-01-25,INFOSYS,INFY,INFY.NS,40.36,3333.55,81.81,1,3301.42,-32.13,-0.96,0.0,n/a,Normal market alignment.
2023-01-26,INFOSYS,INFY,INFY.NS,41.36,3425.03,81.85,1,3385.46,-39.57,-1.16,0.0,n/a,Normal market alignment.
2023-01-27,INFOSYS,INFY,INFY.NS,40.31,3314.5,81.87,1,3300.26,-14.25,-0.43,0.0,n/a,Normal market alignment.
2023-01-30,INFOSYS,INFY,INFY.NS,39.66,3299.6,81.93,1,3249.32,-50.28,-1.52,-2.2,offline,"Offline insight: INFOSYS ADR-implied price is at a 1.52% discount to its NSE close, consistent with overnight US trading and FX movement."
2023-01-31,INFOSYS,INFY,INFY.NS,39.92,3350.96,81.92,1,3270.43,-80.53,-2.4,2.8,offline,"Offline insight: INFOSYS ADR-implied price is at a 2.40% discount to its NSE close, consistent with overnight US trading and FX movement."
2023-02-01,INFOSYS,INFY,INFY.NS,40.93,3368.17,81.89,1,3351.96,-16.21,-0.48,0.0,n/a,Normal market alignment.
2023-02-02,INFOSYS,INFY,INFY.NS,41.14,3356.93,81.89,1,3368.47,11.54,0.34,0.0,n/a,Normal market alignment.
2023-02-03,INFOSYS,INFY,INFY.NS,41.5,3416.41,81.9,1,3398.37,-18.04,-0.53,0.0,n/a,Normal market alignment.
2023-02-06,INFOSYS,INFY,INFY.NS,41.52,3411.5,81.9,1,3400.62,-10.88,-0.32,0.0,n/a,Normal market alignment.
2023-02-07,INFOSYS,INFY,INFY.NS,40.89,3330.16,81.86,1,3347.55,17.39,0.52,0.0,n/a,Normal market alignment.
2023-02-08,INFOSYS,INFY,INFY.NS,40.6,3304.08,81.87,1,3324.13,20.05,0.61,0.0,n/a,Normal market alignment.
2023-02-09,INFOSYS,INFY,INFY.NS,39.88,3249.9,81.88,1,3265.1,15.2,0.47,0.0,n/a,Normal market alignment.
2023-02-10,INFOSYS,INFY,INFY.NS,39.13,3174.19,81.98,1,3207.43,33.24,1.05,0.0,n/a,Normal market alignment.
2023-02-13,INFOSYS,INFY,INFY.NS,39.37,3226.95,82.06,1,3230.72,3.77,0.12,0.0,n/a,Normal market alignment.
2023-02-14,INFOSYS,INFY,INFY.NS,38.72,3173.06,82.02,1,3175.98,2.92,0.09,0.0,n/a,Normal market alignment.
2023-02-15,INFOSYS,INFY,INFY.NS,38.92,3190.38,82.01,1,3191.74,1.36,0.04,0.0,n/a,Normal market alignment.
2023-02-16,INFOSYS,INFY,INFY.NS,38.17,3133.36,81.95,1,3128.18,-5.18,-0.17,0.0,n/a,Normal market alignment.
2023-02-17,INFOSYS,INFY,INFY.NS,38.35,3153.89,81.93,1,3142.16,-11.73,-0.37,0.0,n/a,Normal market alignment.
2023-02-20,INFOSYS,INFY,INFY.NS,38.08,3125.97,81.94,1,3120.59,-5.38,-0.17,0.0,n/a,Normal market alignment.
2023-02-21,INFOSYS,INFY,INFY.NS,38.9,3191.81,81.99,1,3189.28,-2.53,-0.08,0.0,n/a,Normal market alignment.
2023-02-22,INFOSYS,INFY,INFY.NS,39.1,3229.86,81.97,1,3204.62,-25.24,-0.78,0.0,n/a,Normal market alignment.
2023-02-23,INFOSYS,INFY,INFY.NS,39.83,3260.97,81.94,1,3263.98,3.01,0.09,0.0,n/a,Normal market alignment.
2023-02-24,INFOSYS,INFY,INFY.NS,39.39,3245.0,81.86,1,3224.62,-20.38,-0.63,0.0,n/a,Normal market alignment.
2023-02-27,INFOSYS,INFY,INFY.NS,39.44,3245.27,81.85,1,3228.09,-17.19,-0.53,0.0,n/a,Normal market alignment.
2023-02-28,INFOSYS,INFY,INFY.NS,38.87,3196.7,81.81,1,3179.94,-16.77,-0.52,0.0,n/a,Normal market alignment.
2023-03-01,INFOSYS,INFY,INFY.NS,38.64,3162.41,81.79,1,3160.38,-2.02,-0.06,0.0,n/a,Normal market alignment.
2023-03-02,INFOSYS,INFY,INFY.NS,38.5,3196.23,81.75,1,3147.59,-48.64,-1.52,6.7,offline,"Offline insight: INFOSYS ADR-implied price is at a 1.52% discount to its NSE close, consistent with overnight US trading and FX movement."
2023-03-03,INFOSYS,INFY,INFY.NS,38.09,3123.2,81.75,1,3114.16,-9.04,-0.29,0.0,n/a,Normal market alignment.
2023-03-06,INFOSYS,INFY,INFY.NS,37.41,3075.64,81.68,1,3055.72,-19.92,-0.65,0.0,n/a,Normal market alignment.
2023-03-07,INFOSYS,INFY,INFY.NS,36.63,2975.89,81.62,1,2989.74,13.85,0.47,0.0,n/a,Normal market alignment.
2023-03-08,INFOSYS,INFY,INFY.NS,35.35,2890.36,81.71,1,2888.75,-1.6,-0.06,0.0,n/a,Normal market alignment.
2023-03-09,INFOSYS,INFY,INFY.NS,34.8,2844.01,81.66,1,2842.09,-1.92,-0.07,0.0,n/a,Normal market alignment.
2023-03-10,INFOSYS,INFY,INFY.NS,35.14,2831.4,81.62,1,2868.19,36.78,1.3,0.0,n/a,Normal market alignment.
2023-03-13,INFOSYS,INFY,INFY.NS,34.31,2786.52,81.69,1,2802.83,16.31,0.59,0.0,n/a,Normal market alignment.
2023-03-14,INFOSYS,INFY,INFY.NS,33.62,2716.99,81.81,1,2750.09,33.1,1.22,0.0,n/a,Normal market alignment.
2023-03-15,INFOSYS,INFY,INFY.NS,34.53,2801.96,81.76,1,2823.21,21.25,0.76,0.0,n/a,Normal market alignment.
2023-03-16,INFOSYS,INFY,INFY.NS,34.21,2775.93,81.75,1,2796.63,20.7,0.75,0.0,n/a,Normal market alignment.
2023-03-17,INFOSYS,INFY,INFY.NS,34.38,2797.56,81.76,1,2811.44,13.89,0.5,0.0,n/a,Normal market alignment.
2023-03-20,INFOSYS,INFY,INFY.NS,34.73,2816.7,81.83,1,2841.81,25.11,0.89,0.0,n/a,Normal market alignment.
2023-03-21,INFOSYS,INFY,INFY.NS,35.08,2867.98,81.8,1,2869.56,1.58,0.05,0.0,n/a,Normal market alignment.
2023-03-22,INFOSYS,INFY,INFY.NS,34.29,2823.1,81.79,1,2804.59,-18.52,-0.66,0.0,n/a,Normal market alignment.
2023-03-23,INFOSYS,INFY,INFY.NS,34.18,2820.51,81.82,1,2796.81,-23.71,-0.84,0.0,n/a,Normal market alignment.
2023-03-24,INFOSYS,INFY,INFY.NS,33.36,2742.29,81.84,1,2730.37,-11.92,-0.43,0.0,n/a,Normal market alignment.
2023-03-27,INFOSYS,INFY,INFY.NS,34.6,2842.7,81.82,1,2830.9,-11.81,-0.42,0.0,n/a,Normal market alignment.
2023-03-28,INFOSYS,INFY,INFY.NS,33.78,2757.04,81.82,1,2763.87,6.84,0.25,0.0,n/a,Normal market alignment.
2023-03-29,INFOSYS,INFY,INFY.NS,33.26,2690.88,81.77,1,2719.47,28.58,1.06,0.0,n/a,Normal market alignment.
2023-03-30,INFOSYS,INFY,INFY.NS,32.75,2678.78,81.76,1,2677.55,-1.23,-0.05,0.0,n/a,Normal market alignment.
2023-03-31,INFOSYS,INFY,INFY.NS,32.02,2632.18,81.75,1,2617.94,-14.25,-0.54,0.0,n/a,Normal market alignment.
2023-04-03,INFOSYS,INFY,INFY.NS,32.68,2708.2,81.76,1,2672.17,-36.02,-1.33,0.0,n/a,Normal market alignment.
2023-04-04,INFOSYS,INFY,INFY.NS,33.88,2752.2,81.74,1,2769.35,17.15,0.62,0.0,n/a,Normal market alignment.
2023-04-05,INFOSYS,INFY,INFY.NS,33.65,2735.03,81.76,1,2751.09,16.06,0.59,0.0,n/a,Normal market alignment.
2023-04-06,INFOSYS,INFY,INFY.NS,32.99,2680.35,81.8,1,2698.8,18.45,0.69,0.0,n/a,Normal market alignment.
2023-04-07,INFOSYS,INFY,INFY.NS,31.9,2623.06,81.8,1,2609.28,-13.78,-0.53,0.0,n/a,Normal market alignment.
2023-04-10,INFOSYS,INFY,INFY.NS,31.79,2609.23,81.82,1,2600.99,-8.24,-0.32,0.0,n/a,Normal market alignment.
2023-04-11,INFOSYS,INFY,INFY.NS,31.65,2585.21,81.82,1,2589.53,4.31,0.17,0.0,n/a,Normal market alignment.
2023-04-12,INFOSYS,INFY,INFY.NS,31.35,2567.01,81.82,1,2565.04,-1.97,-0.08,0.0,n/a,Normal market alignment.
2023-04-13,INFOSYS,INFY,INFY.NS,31.46,2555.38,81.8,1,2573.45,18.06,0.71,0.0,n/a,Normal market alignment.
2023-04-14,INFOSYS,INFY,INFY.NS,31.66,2538.07,81.81,1,2589.9,51.84,2.04,-1.1,offline,"Offline insight: INFOSYS ADR-implied price is at a 2.04% premium to its NSE close, consistent with overnight US trading and FX movement."
2023-04-17,INFOSYS,INFY,INFY.NS,31.82,2588.58,81.81,1,2603.14,14.56,0.56,0.0,n/a,Normal market alignment.
2023-04-18,INFOSYS,INFY,INFY.NS,31.68,2604.1,81.89,1,2594.26,-9.84,-0.38,0.0,n/a,Normal market alignment.
2023-04-19,INFOSYS,INFY,INFY.NS,31.17,2575.83,81.96,1,2554.16,-21.67,-0.84,0.0,n/a,Normal market alignment.
2023-04-20,INFOSYS,INFY,INFY.NS,31.49,2565.06,81.97,1,2580.96,15.89,0.62,0.0,n/a,Normal market alignment.
2023-04-21,INFOSYS,INFY,INFY.NS,31.5,2553.17,81.94,1,2581.29,28.12,1.1,0.0,n/a,Normal market alignment.
2023-04-24,INFOSYS,INFY,INFY.NS,31.93,2600.35,81.9,1,2615.07,14.72,0.57,0.0,n/a,Normal market alignment.
2023-04-25,INFOSYS,INFY,INFY.NS,32.32,2638.78,81.95,1,2648.42,9.64,0.37,0.0,n/a,Normal market alignment.
2023-04-26,INFOSYS,INFY,INFY.NS,31.64,2602.27,81.96,1,2593.09,-9.17,-0.35,0.0,n/a,Normal market alignment.
2023-04-27,INFOSYS,INFY,INFY.NS,30.97,2528.31,81.98,1,2538.71,10.4,0.41,0.0,n/a,Normal market alignment.
2023-04-28,INFOSYS,INFY,INFY.NS,30.63,2509.07,81.91,1,2508.6,-0.48,-0.02,0.0,n/a,Normal market alignment.
2023-05-01,INFOSYS,INFY,INFY.NS,30.15,2475.54,81.95,1,2470.75,-4.79,-0.19,0.0,n/a,Normal market alignment.
2023-05-02,INFOSYS,INFY,INFY.NS,30.5,2492.34,81.97,1,2500.07,7.73,0.31,0.0,n/a,Normal market alignment.
2023-05-03,INFOSYS,INFY,INFY.NS,30.67,2511.29,81.92,1,2512.66,1.37,0.05,0.0,n/a,Normal market alignment.
2023-05-04,INFOSYS,INFY,INFY.NS,31.19,2557.66,81.91,1,2554.29,-3.37,-0.13,0.0,n/a,Normal market alignment.
2023-05-05,INFOSYS,INFY,INFY.NS,31.38,2572.45,81.92,1,2570.6,-1.84,-0.07,0.0,n/a,Normal market alignment.
2023-05-08,INFOSYS,INFY,INFY.NS,31.49,2566.33,81.92,1,2579.52,13.18,0.51,0.0,n/a,Normal market alignment.
2023-05-09,INFOSYS,INFY,INFY.NS,32.06,2588.56,81.91,1,2626.37,37.81,1.46,0.0,n/a,Normal market alignment.
2023-05-10,INFOSYS,INFY,INFY.NS,32.3,2611.96,81.91,1,2645.56,33.6,1.29,0.0,n/a,Normal market alignment.
2023-05-11,INFOSYS,INFY,INFY.NS,32.34,2613.89,81.9,1,2648.77,34.87,1.33,0.0,n/a,Normal market alignment.
2023-05-12,INFOSYS,INFY,INFY.NS,33.07,2690.84,81.91,1,2708.62,17.77,0.66,0.0,n/a,Normal market alignment.
2023-05-15,INFOSYS,INFY,INFY.NS,33.14,2718.79,81.97,1,2716.09,-2.69,-0.1,0.0,n/a,Normal market alignment.
2023-05-16,INFOSYS,INFY,INFY.NS,33.0,2690.44,81.86,1,2701.15,10.72,0.4,0.0,n/a,Normal market alignment.
2023-05-17,INFOSYS,INFY,INFY.NS,32.59,2658.2,81.86,1,2667.74,9.54,0.36,0.0,n/a,Normal market alignment.
2023-05-18,INFOSYS,INFY,INFY.NS,32.94,2718.15,81.86,1,2696.94,-21.22,-0.78,0.0,n/a,Normal market alignment.
2023-05-19,INFOSYS,INFY,INFY.NS,33.57,2767.54,81.88,1,2748.22,-19.32,-0.7,0.0,n/a,Normal market alignment.
2023-05-22,INFOSYS,INFY,INFY.NS,33.55,2759.65,81.86,1,2746.5,-13.16,-0.48,0.0,n/a,Normal market alignment.
2023-05-23,INFOSYS,INFY,INFY.NS,34.22,2816.96,81.79,1,2798.83,-18.12,-0.64,0.0,n/a,Normal market alignment.
2023-05-24,INFOSYS,INFY,INFY.NS,33.22,2699.85,81.81,1,2717.43,17.58,0.65,0.0,n/a,Normal market alignment.
2023-05-25,INFOSYS,INFY,INFY.NS,33.2,2698.71,81.88,1,2718.32,19.61,0.73,0.0,n/a,Normal market alignment.
2023-05-26,INFOSYS,INFY,INFY.NS,33.19,2678.08,81.82,1,2715.49,37.42,1.4,0.0,n/a,Normal market alignment.
2023-05-29,INFOSYS,INFY,INFY.NS,32.84,2660.65,81.85,1,2687.86,27.21,1.02,0.0,n/a,Normal market alignment.
2023-05-30,INFOSYS,INFY,INFY.NS,34.02,2765.82,81.84,1,2784.37,18.55,0.67,0.0,n/a,Normal market alignment.
2023-05-31,INFOSYS,INFY,INFY.NS,34.0,2789.46,81.84,1,2782.39,-7.06,-0.25,0.0,n/a,Normal market alignment.
2023-06-01,INFOSYS,INFY,INFY.NS,33.8,2768.8,81.8,1,2764.82,-3.98,-0.14,0.0,n/a,Normal market alignment.
2023-06-02,INFOSYS,INFY,INFY.NS,33.82,2768.44,81.79,1,2766.31,-2.13,-0.08,0.0,n/a,Normal market alignment.
2023-06-05,INFOSYS,INFY,INFY.NS,32.82,2712.99,81.84,1,2685.77,-27.22,-1.0,0.0,n/a,Normal market alignment.
2023-06-06,INFOSYS,INFY,INFY.NS,32.45,2683.03,81.86,1,2656.75,-26.28,-0.98,0.0,n/a,Normal market alignment.
2023-06-07,INFOSYS,INFY,INFY.NS,32.94,2721.2,81.93,1,2699.05,-22.15,-0.81,0.0,n/a,Normal market alignment.
2023-06-08,INFOSYS,INFY,INFY.NS,32.64,2681.3,81.98,1,2675.96,-5.34,-0.2,0.0,n/a,Normal market alignment.
2023-06-09,INFOSYS,INFY,INFY.NS,32.25,2638.72,82.0,1,2644.1,5.37,0.2,0.0,n/a,Normal market alignment.
2023-06-12,INFOSYS,INFY,INFY.NS,32.89,2706.86,82.07,1,2699.15,-7.71,-0.28,0.0,n/a,Normal market alignment.
2023-06-13,INFOSYS,INFY,INFY.NS,33.56,2750.52,82.09,1,2754.85,4.33,0.16,0.0,n/a,Normal market alignment.
2023-06-14,INFOSYS,INFY,INFY.NS,33.83,2779.11,82.12,1,2778.19,-0.92,-0.03,0.0,n/a,Normal market alignment.
2023-06-15,INFOSYS,INFY,INFY.NS,33.61,2816.84,82.11,1,2759.7,-57.14,-2.03,-1.5,offline,"Offline insight: INFOSYS ADR-implied price is at a 2.03% discount to its NSE close, consistent with overnight US trading and FX movement."
2023-06-16,INFOSYS,INFY,INFY.NS,33.5,2794.22,82.12,1,2750.73,-43.49,-1.56,-1.0,offline,"Offline insight: INFOSYS ADR-implied price is at a 1.56% discount to its NSE close, consistent with overnight US trading and FX movement."
2023-06-19,INFOSYS,INFY,INFY.NS,33.1,2722.35,82.09,1,2717.49,-4.86,-0.18,0.0,n/a,Normal market alignment.
2023-06-20,INFOSYS,INFY,INFY.NS,32.62,2713.94,82.13,1,2679.08,-34.86,-1.28,0.0,n/a,Normal market alignment.
2023-06-21,INFOSYS,INFY,INFY.NS,32.12,2654.79,82.08,1,2636.43,-18.36,-0.69,0.0,n/a,Normal market alignment.
2023-06-22,INFOSYS,INFY,INFY.NS,31.83,2595.77,82.12,1,2613.81,18.03,0.69,0.0,n/a,Normal market alignment.
2023-06-23,INFOSYS,INFY,INFY.NS,31.35,2576.79,82.11,1,2573.81,-2.98,-0.12,0.0,n/a,Normal market alignment.
2023-06-26,INFOSYS,INFY,INFY.NS,30.62,2517.39,82.16,1,2515.68,-1.71,-0.07,0.0,n/a,Normal market alignment.
2023-06-27,INFOSYS,INFY,INFY.NS,30.73,2549.98,82.19,1,2525.67,-24.32,-0.95,0.0,n/a,Normal market alignment.
2023-06-28,INFOSYS,INFY,INFY.NS,30.85,2523.29,82.26,1,2537.59,14.31,0.57,0.0,n/a,Normal market alignment.
2023-06-29,INFOSYS,INFY,INFY.NS,31.64,2596.73,82.29,1,2604.05,7.32,0.28,0.0,n/a,Normal market alignment.
2023-06-30,INFOSYS,INFY,INFY.NS,31.34,2571.6,82.23,1,2576.78,5.19,0.2,0.0,n/a,Normal market alignment.
2023-07-03,INFOSYS,INFY,INFY.NS,31.48,2561.56,82.23,1,2588.95,27.38,1.07,0.0,n/a,Normal market alignment.
2023-07-04,INFOSYS,INFY,INFY.NS,31.64,2572.01,82.18,1,2600.42,28.41,1.1,0.0,n/a,Normal market alignment.
2023-07-05,INFOSYS,INFY,INFY.NS,31.53,2589.39,82.16,1,2590.67,1.29,0.05,0.0,n/a,Normal market alignment.
2023-07-06,INFOSYS,INFY,INFY.NS,31.89,2633.48,82.22,1,2622.34,-11.15,-0.42,0.0,n/a,Normal market alignment.
2023-07-07,INFOSYS,INFY,INFY.NS,32.27,2652.02,82.25,1,2654.47,2.45,0.09,0.0,n/a,Normal market alignment.
2023-07-10,INFOSYS,INFY,INFY.NS,32.44,2677.64,82.22,1,2667.43,-10.21,-0.38,0.0,n/a,Normal market alignment.
2023-07-11,INFOSYS,INFY,INFY.NS,32.33,2702.97,82.18,1,2656.72,-46.25,-1.71,-1.0,offline,"Offline insight: INFOSYS ADR-implied price is at a 1.71% discount to its NSE close, consistent with overnight US trading and FX movement."
2023-07-12,INFOSYS,INFY,INFY.NS,32.16,2671.77,82.19,1,2643.35,-28.42,-1.06,0.0,n/a,Normal market alignment.
2023-07-13,INFOSYS,INFY,INFY.NS,31.51,2632.49,82.14,1,2588.41,-44.08,-1.67,6.9,offline,"Offline insight: INFOSYS ADR-implied price is at a 1.67% discount to its NSE close, consistent with overnight US trading and FX movement."
2023-07-14,INFOSYS,INFY,INFY.NS,31.14,2553.85,82.11,1,2557.09,3.24,0.13,0.0,n/a,Normal market alignment.
2023-07-17,INFOSYS,INFY,INFY.NS,30.86,2529.36,82.13,1,2534.41,5.05,0.2,0.0,n/a,Normal market alignment.
2023-07-18,INFOSYS,INFY,INFY.NS,30.35,2506.76,82.17,1,2493.88,-12.88,-0.51,0.0,n/a,Normal market alignment.
2023-07-19,INFOSYS,INFY,INFY.NS,30.56,2532.04,82.2,1,2511.86,-20.19,-0.8,0.0,n/a,Normal market alignment.
2023-07-20,INFOSYS,INFY,INFY.NS,31.12,2601.73,82.11,1,2554.88,-46.86,-1.8,2.9,offline,"Offline insight: INFOSYS ADR-implied price is at a 1.80% discount to its NSE close, consistent with overnight US trading and FX movement."
2023-07-21,INFOSYS,INFY,INFY.NS,30.7,2568.77,82.12,1,2521.25,-47.53,-1.85,-2.0,offline,"Offline insight: INFOSYS ADR-implied price is at a 1.85% discount to its NSE close, consistent with overnight US trading and FX movement."
2023-07-24,INFOSYS,INFY,INFY.NS,30.84,2542.98,82.13,1,2532.84,-10.14,-0.4,0.0,n/a,Normal market alignment.
2023-07-25,INFOSYS,INFY,INFY.NS,30.37,2462.27,82.14,1,2494.85,32.58,1.32,0.0,n/a,Normal market alignment.
2023-07-26,INFOSYS,INFY,INFY.NS,30.24,2454.21,82.21,1,2486.17,31.96,1.3,0.0,n/a,Normal market alignment.
2023-07-27,INFOSYS,INFY,INFY.NS,29.94,2441.23,82.13,1,2458.73,17.5,0.72,0.0,n/a,Normal market alignment.
2023-07-28,INFOSYS,INFY,INFY.NS,30.22,2477.82,82.1,1,2480.98,3.17,0.13,0.0,n/a,Normal market alignment.
2023-07-31,INFOSYS,INFY,INFY.NS,29.92,2471.86,82.13,1,2457.2,-14.65,-0.59,0.0,n/a,Normal market alignment.
2023-08-01,INFOSYS,INFY,INFY.NS,30.38,2466.55,82.07,1,2493.34,26.79,1.09,0.0,n/a,Normal market alignment.
2023-08-02,INFOSYS,INFY,INFY.NS,30.28,2473.86,82.13,1,2486.71,12.85,0.52,0.0,n/a,Normal market alignment.
2023-08-03,INFOSYS,INFY,INFY.NS,29.99,2420.31,82.14,1,2463.7,43.39,1.79,-1.8,offline,"Offline insight: INFOSYS ADR-implied price is at a 1.79% premium to its NSE close, consistent with overnight US trading and FX movement."
2023-08-04,INFOSYS,INFY,INFY.NS,29.44,2370.53,82.18,1,2419.15,48.62,2.05,-1.0,offline,"Offline insight: INFOSYS ADR-implied price is at a 2.05% premium to its NSE close, consistent with overnight US trading and FX movement."
2023-08-07,INFOSYS,INFY,INFY.NS,29.56,2428.12,82.16,1,2428.42,0.29,0.01,0.0,n/a,Normal market alignment.
2023-08-08,INFOSYS,INFY,INFY.NS,29.96,2474.11,82.19,1,2462.76,-11.35,-0.46,0.0,n/a,Normal market alignment.
2023-08-09,INFOSYS,INFY,INFY.NS,30.1,2493.46,82.23,1,2474.91,-18.54,-0.74,0.0,n/a,Normal market alignment.
2023-08-10,INFOSYS,INFY,INFY.NS,31.12,2572.0,82.24,1,2559.09,-12.91,-0.5,0.0,n/a,Normal market alignment.
2023-08-11,INFOSYS,INFY,INFY.NS,31.79,2624.08,82.25,1,2615.07,-9.01,-0.34,0.0,n/a,Normal market alignment.
2023-08-14,INFOSYS,INFY,INFY.NS,31.66,2555.83,82.27,1,2604.17,48.34,1.89,-6.5,offline,"Offline insight: INFOSYS ADR-implied price is at a 1.89% premium to its NSE close, consistent with overnight US trading and FX movement."
2023-08-15,INFOSYS,INFY,INFY.NS,31.51,2581.64,82.23,1,2591.47,9.83,0.38,0.0,n/a,Normal market alignment.
2023-08-16,INFOSYS,INFY,INFY.NS,31.75,2600.24,82.23,1,2610.35,10.11,0.39,0.0,n/a,Normal market alignment.
2023-08-17,INFOSYS,INFY,INFY.NS,31.36,2561.13,82.22,1,2578.16,17.03,0.66,0.0,n/a,Normal market alignment.
2023-08-18,INFOSYS,INFY,INFY.NS,31.91,2614.16,82.24,1,2624.56,10.4,0.4,0.0,n/a,Normal market alignment.
2023-08-21,INFOSYS,INFY,INFY.NS,32.1,2632.58,82.28,1,2640.89,8.31,0.32,0.0,n/a,Normal market alignment.
2023-08-22,INFOSYS,INFY,INFY.NS,32.23,2664.95,82.24,1,2650.51,-14.44,-0.54,0.0,n/a,Normal market alignment.
2023-08-23,INFOSYS,INFY,INFY.NS,32.57,2685.22,82.23,1,2678.49,-6.73,-0.25,0.0,n/a,Normal market alignment.
2023-08-24,INFOSYS,INFY,INFY.NS,33.42,2744.83,82.29,1,2750.53,5.7,0.21,0.0,n/a,Normal market alignment.
2023-08-25,INFOSYS,INFY,INFY.NS,33.52,2747.72,82.27,1,2757.44,9.72,0.35,0.0,n/a,Normal market alignment.
2023-08-28,INFOSYS,INFY,INFY.NS,33.47,2735.8,82.23,1,2752.53,16.73,0.61,0.0,n/a,Normal market alignment.
2023-08-29,INFOSYS,INFY,INFY.NS,34.24,2778.29,82.24,1,2815.95,37.67,1.36,0.0,n/a,Normal market alignment.
2023-08-30,INFOSYS,INFY,INFY.NS,34.75,2817.48,82.28,1,2858.88,41.4,1.47,0.0,n/a,Normal market alignment.
2023-08-31,INFOSYS,INFY,INFY.NS,34.59,2819.75,82.28,1,2846.02,26.27,0.93,0.0,n/a,Normal market alignment.
2023-09-01,INFOSYS,INFY,INFY.NS,34.6,2856.43,82.33,1,2848.97,-7.46,-0.26,0.0,n/a,Normal market alignment.
2023-09-04,INFOSYS,INFY,INFY.NS,34.71,2875.99,82.37,1,2859.4,-16.59,-0.58,0.0,n/a,Normal market alignment.
2023-09-05,INFOSYS,INFY,INFY.NS,34.91,2891.44,82.4,1,2876.98,-14.45,-0.5,0.0,n/a,Normal market alignment.
2023-09-06,INFOSYS,INFY,INFY.NS,34.21,2823.58,82.43,1,2820.1,-3.48,-0.12,0.0,n/a,Normal market alignment.
2023-09-07,INFOSYS,INFY,INFY.NS,33.43,2770.16,82.52,1,2758.84,-11.32,-0.41,0.0,n/a,Normal market alignment.
2023-09-08,INFOSYS,INFY,INFY.NS,33.0,2747.44,82.51,1,2722.71,-24.73,-0.9,0.0,n/a,Normal market alignment.
2023-09-11,INFOSYS,INFY,INFY.NS,32.53,2718.85,82.43,1,2681.55,-37.3,-1.37,0.0,n/a,Normal market alignment.
2023-09-12,INFOSYS,INFY,INFY.NS,32.23,2712.23,82.5,1,2658.56,-53.67,-1.98,0.4,offline,"Offline insight: INFOSYS ADR-implied price is at a 1.98% discount to its NSE close, consistent with overnight US trading and FX movement."
2023-09-13,INFOSYS,INFY,INFY.NS,32.54,2720.88,82.48,1,2684.1,-36.78,-1.35,0.0,n/a,Normal market alignment.
2023-09-14,INFOSYS,INFY,INFY.NS,32.47,2728.48,82.49,1,2678.28,-50.2,-1.84,4.4,offline,"Offline insight: INFOSYS ADR-implied price is at a 1.84% discount to its NSE close, consistent with overnight US trading and FX movement."
2023-09-15,INFOSYS,INFY,INFY.NS,32.57,2738.11,82.54,1,2688.71,-49.4,-1.8,2.2,offline,"Offline insight: INFOSYS ADR-implied price is at a 1.80% discount to its NSE close, consistent with overnight US trading and FX movement."
2023-09-18,INFOSYS,INFY,INFY.NS,31.99,2674.45,82.48,1,2638.12,-36.33,-1.36,0.0,n/a,Normal market alignment.
2023-09-19,INFOSYS,INFY,INFY.NS,31.77,2665.74,82.43,1,2619.09,-46.65,-1.75,-4.2,offline,"Offline insight: INFOSYS ADR-implied price is at a 1.75% discount to its NSE close, consistent with overnight US trading and FX movement."
2023-09-20,INFOSYS,INFY,INFY.NS,32.06,2661.8,82.37,1,2640.92,-20.88,-0.78,0.0,n/a,Normal market alignment.
2023-09-21,INFOSYS,INFY,INFY.NS,32.36,2663.02,82.33,1,2664.29,1.27,0.05,0.0,n/a,Normal market alignment.
2023-09-22,INFOSYS,INFY,INFY.NS,32.02,2646.15,82.35,1,2636.72,-9.42,-0.36,0.0,n/a,Normal market alignment.
2023-09-25,INFOSYS,INFY,INFY.NS,32.1,2658.43,82.38,1,2644.61,-13.81,-0.52,0.0,n/a,Normal market alignment.
2023-09-26,INFOSYS,INFY,INFY.NS,33.17,2731.27,82.39,1,2733.03,1.76,0.06,0.0,n/a,Normal market alignment.
2023-09-27,INFOSYS,INFY,INFY.NS,33.17,2743.94,82.33,1,2731.29,-12.65,-0.46,0.0,n/a,Normal market alignment.
2023-09-28,INFOSYS,INFY,INFY.NS,32.84,2723.16,82.24,1,2700.71,-22.45,-0.82,0.0,n/a,Normal market alignment.
2023-09-29,INFOSYS,INFY,INFY.NS,32.76,2685.38,82.24,1,2694.58,9.21,0.34,0.0,n/a,Normal market alignment.
2023-10-02,INFOSYS,INFY,INFY.NS,32.82,2676.46,82.23,1,2698.53,22.07,0.82,0.0,n/a,Normal market alignment.
2023-10-03,INFOSYS,INFY,INFY.NS,32.75,2669.41,82.24,1,2693.86,24.45,0.92,0.0,n/a,Normal market alignment.
2023-10-04,INFOSYS,INFY,INFY.NS,32.75,2662.47,82.27,1,2694.35,31.88,1.2,0.0,n/a,Normal market alignment.
2023-10-05,INFOSYS,INFY,INFY.NS,32.05,2654.7,82.28,1,2637.03,-17.67,-0.67,0.0,n/a,Normal market alignment.
2023-10-06,INFOSYS,INFY,INFY.NS,31.6,2586.55,82.31,1,2600.74,14.18,0.55,0.0,n/a,Normal market alignment.
2023-10-09,INFOSYS,INFY,INFY.NS,31.53,2580.44,82.32,1,2596.01,15.57,0.6,0.0,n/a,Normal market alignment.
2023-10-10,INFOSYS,INFY,INFY.NS,31.47,2563.63,82.34,1,2591.05,27.42,1.07,0.0,n/a,Normal market alignment.
2023-10-11,INFOSYS,INFY,INFY.NS,31.21,2545.74,82.32,1,2568.98,23.24,0.91,0.0,n/a,Normal market alignment.
2023-10-12,INFOSYS,INFY,INFY.NS,31.13,2547.91,82.31,1,2562.73,14.83,0.58,0.0,n/a,Normal market alignment.
2023-10-13,INFOSYS,INFY,INFY.NS,31.17,2562.12,82.32,1,2566.13,4.01,0.16,0.0,n/a,Normal market alignment.
2023-10-16,INFOSYS,INFY,INFY.NS,31.6,2593.1,82.35,1,2602.2,9.1,0.35,0.0,n/a,Normal market alignment.
2023-10-17,INFOSYS,INFY,INFY.NS,31.56,2598.84,82.34,1,2598.64,-0.2,-0.01,0.0,n/a,Normal market alignment.
2023-10-18,INFOSYS,INFY,INFY.NS,31.76,2600.0,82.36,1,2615.67,15.68,0.6,0.0,n/a,Normal market alignment.
2023-10-19,INFOSYS,INFY,INFY.NS,31.51,2614.48,82.35,1,2594.9,-19.58,-0.75,0.0,n/a,Normal market alignment.
2023-10-20,INFOSYS,INFY,INFY.NS,31.79,2639.7,82.35,1,2617.83,-21.87,-0.83,0.0,n/a,Normal market alignment.
2023-10-23,INFOSYS,INFY,INFY.NS,31.98,2610.08,82.38,1,2634.46,24.39,0.93,0.0,n/a,Normal market alignment.
2023-10-24,INFOSYS,INFY,INFY.NS,32.4,2663.66,82.3,1,2666.92,3.26,0.12,0.0,n/a,Normal market alignment.
2023-10-25,INFOSYS,INFY,INFY.NS,32.76,2697.12,82.25,1,2694.59,-2.53,-0.09,0.0,n/a,Normal market alignment.
2023-10-26,INFOSYS,INFY,INFY.NS,33.06,2735.71,82.19,1,2717.27,-18.44,-0.67,0.0,n/a,Normal market alignment.
2023-10-27,INFOSYS,INFY,INFY.NS,33.02,2715.62,82.1,1,2711.03,-4.6,-0.17,0.0,n/a,Normal market alignment.
2023-10-30,INFOSYS,INFY,INFY.NS,33.15,2737.82,82.08,1,2720.93,-16.89,-0.62,0.0,n/a,Normal market alignment.
2023-10-31,INFOSYS,INFY,INFY.NS,33.69,2780.1,82.11,1,2766.2,-13.9,-0.5,0.0,n/a,Normal market alignment.
2023-11-01,INFOSYS,INFY,INFY.NS,33.37,2731.59,82.1,1,2739.63,8.03,0.29,0.0,n/a,Normal market alignment.
2023-11-02,INFOSYS,INFY,INFY.NS,33.07,2723.43,82.1,1,2714.92,-8.51,-0.31,0.0,n/a,Normal market alignment.
2023-11-03,INFOSYS,INFY,INFY.NS,33.17,2714.71,82.15,1,2724.6,9.89,0.36,0.0,n/a,Normal market alignment.
2023-11-06,INFOSYS,INFY,INFY.NS,33.38,2722.57,82.2,1,2744.2,21.62,0.79,0.0,n/a,Normal market alignment.
2023-11-07,INFOSYS,INFY,INFY.NS,32.98,2678.49,82.2,1,2711.04,32.54,1.22,0.0,n/a,Normal market alignment.
2023-11-08,INFOSYS,INFY,INFY.NS,32.95,2688.38,82.26,1,2710.63,22.24,0.83,0.0,n/a,Normal market alignment.
2023-11-09,INFOSYS,INFY,INFY.NS,32.92,2634.91,82.26,1,2707.77,72.86,2.77,3.2,offline,"Offline insight: INFOSYS ADR-implied price is at a 2.77% premium to its NSE close, consistent with overnight US trading and FX movement."
2023-11-10,INFOSYS,INFY,INFY.NS,31.83,2556.29,82.23,1,2617.57,61.28,2.4,3.1,offline,"Offline insight: INFOSYS ADR-implied price is at a 2.40% premium to its NSE close, consistent with overnight US trading and FX movement."
2023-11-13,INFOSYS,INFY,INFY.NS,31.74,2566.26,82.21,1,2609.01,42.75,1.67,-3.3,offline,"Offline insight: INFOSYS ADR-implied price is at a 1.67% premium to its NSE close, consistent with overnight US trading and FX movement."
2023-11-14,INFOSYS,INFY,INFY.NS,31.67,2591.78,82.15,1,2601.8,10.01,0.39,0.0,n/a,Normal market alignment.
2023-11-15,INFOSYS,INFY,INFY.NS,31.61,2590.98,82.11,1,2595.23,4.25,0.16,0.0,n/a,Normal market alignment.
2023-11-16,INFOSYS,INFY,INFY.NS,32.29,2621.94,82.1,1,2650.7,28.76,1.1,0.0,n/a,Normal market alignment.
2023-11-17,INFOSYS,INFY,INFY.NS,31.71,2556.78,82.13,1,2604.2,47.42,1.85,1.7,offline,"Offline insight: INFOSYS ADR-implied price is at a 1.85% premium to its NSE close, consistent with overnight US trading and FX movement."
2023-11-20,INFOSYS,INFY,INFY.NS,31.32,2520.82,82.2,1,2574.96,54.14,2.15,1.6,offline,"Offline insight: INFOSYS ADR-implied price is at a 2.15% premium to its NSE close, consistent with overnight US trading and FX movement."
2023-11-21,INFOSYS,INFY,INFY.NS,30.11,2428.56,82.15,1,2473.2,44.64,1.84,4.8,offline,"Offline insight: INFOSYS ADR-implied price is at a 1.84% premium to its NSE close, consistent with overnight US trading and FX movement."
2023-11-22,INFOSYS,INFY,INFY.NS,29.9,2451.11,82.17,1,2456.6,5.49,0.22,0.0,n/a,Normal market alignment.
2023-11-23,INFOSYS,INFY,INFY.NS,29.73,2430.0,82.12,1,2441.55,11.55,0.48,0.0,n/a,Normal market alignment.
2023-11-24,INFOSYS,INFY,INFY.NS,29.51,2438.43,82.14,1,2424.2,-14.23,-0.58,0.0,n/a,Normal market alignment.
2023-11-27,INFOSYS,INFY,INFY.NS,30.01,2499.86,82.14,1,2465.08,-34.78,-1.39,0.0,n/a,Normal market alignment.
2023-11-28,INFOSYS,INFY,INFY.NS,30.41,2512.21,82.07,1,2495.44,-16.77,-0.67,0.0,n/a,Normal market alignment.
2023-11-29,INFOSYS,INFY,INFY.NS,30.45,2501.12,82.11,1,2500.27,-0.86,-0.03,0.0,n/a,Normal market alignment.
2023-11-30,INFOSYS,INFY,INFY.NS,30.29,2471.3,82.08,1,2486.41,15.12,0.61,0.0,n/a,Normal market alignment.
2023-12-01,INFOSYS,INFY,INFY.NS,30.77,2506.88,82.06,1,2524.81,17.93,0.72,0.0,n/a,Normal market alignment.
2023-12-04,INFOSYS,INFY,INFY.NS,30.77,2503.47,82.02,1,2523.53,20.06,0.8,0.0,n/a,Normal market alignment.
2023-12-05,INFOSYS,INFY,INFY.NS,30.4,2497.76,82.0,1,2492.55,-5.21,-0.21,0.0,n/a,Normal market alignment.
2023-12-06,INFOSYS,INFY,INFY.NS,29.63,2434.5,82.01,1,2429.67,-4.84,-0.2,0.0,n/a,Normal market alignment.
2023-12-07,INFOSYS,INFY,INFY.NS,29.44,2442.8,82.01,1,2414.12,-28.68,-1.17,0.0,n/a,Normal market alignment.
2023-12-08,INFOSYS,INFY,INFY.NS,29.78,2495.16,82.02,1,2442.59,-52.57,-2.11,-5.1,offline,"Offline insight: INFOSYS ADR-implied price is at a 2.11% discount to its NSE close, consistent with overnight US trading and FX movement."
2023-12-11,INFOSYS,INFY,INFY.NS,30.81,2546.2,82.04,1,2527.21,-18.99,-0.75,0.0,n/a,Normal market alignment.
2023-12-12,INFOSYS,INFY,INFY.NS,30.84,2556.88,82.09,1,2531.96,-24.92,-0.97,0.0,n/a,Normal market alignment.
2023-12-13,INFOSYS,INFY,INFY.NS,30.5,2502.62,82.08,1,2503.27,0.65,0.03,0.0,n/a,Normal market alignment.
2023-12-14,INFOSYS,INFY,INFY.NS,29.97,2438.48,82.02,1,2457.78,19.3,0.79,0.0,n/a,Normal market alignment.
2023-12-15,INFOSYS,INFY,INFY.NS,30.22,2479.17,82.06,1,2480.19,1.02,0.04,0.0,n/a,Normal market alignment.
2023-12-18,INFOSYS,INFY,INFY.NS,29.43,2404.39,82.05,1,2414.93,10.53,0.44,0.0,n/a,Normal market alignment.
2023-12-19,INFOSYS,INFY,INFY.NS,29.68,2441.82,82.1,1,2436.94,-4.88,-0.2,0.0,n/a,Normal market alignment.
2023-12-20,INFOSYS,INFY,INFY.NS,30.06,2503.4,82.11,1,2468.05,-35.35,-1.41,0.0,n/a,Normal market alignment.
2023-12-21,INFOSYS,INFY,INFY.NS,30.26,2503.87,82.11,1,2484.81,-19.05,-0.76,0.0,n/a,Normal market alignment.
2023-12-22,INFOSYS,INFY,INFY.NS,30.17,2497.46,82.12,1,2477.82,-19.63,-0.79,0.0,n/a,Normal market alignment.
2023-12-25,INFOSYS,INFY,INFY.NS,30.44,2521.63,82.2,1,2501.97,-19.66,-0.78,0.0,n/a,Normal market alignment.
2023-12-26,INFOSYS,INFY,INFY.NS,30.52,2488.93,82.29,1,2511.7,22.77,0.91,0.0,n/a,Normal market alignment.
2023-12-27,INFOSYS,INFY,INFY.NS,30.18,2496.21,82.29,1,2483.25,-12.96,-0.52,0.0,n/a,Normal market alignment.
2023-12-28,INFOSYS,INFY,INFY.NS,31.02,2554.26,82.3,1,2553.15,-1.11,-0.04,0.0,n/a,Normal market alignment.
2023-12-29,INFOSYS,INFY,INFY.NS,30.87,2560.31,82.34,1,2541.81,-18.5,-0.72,0.0,n/a,Normal market alignment.
2024-01-01,INFOSYS,INFY,INFY.NS,31.24,2565.93,82.31,1,2571.13,5.19,0.2,0.0,n/a,Normal market alignment.
2024-01-02,INFOSYS,INFY,INFY.NS,30.11,2470.89,82.32,1,2479.05,8.16,0.33,0.0,n/a,Normal market alignment.
2024-01-03,INFOSYS,INFY,INFY.NS,30.7,2515.59,82.32,1,2527.26,11.67,0.46,0.0,n/a,Normal market alignment.
2024-01-04,INFOSYS,INFY,INFY.NS,31.38,2594.06,82.34,1,2584.12,-9.94,-0.38,0.0,n/a,Normal market alignment.
2024-01-05,INFOSYS,INFY,INFY.NS,31.41,2604.99,82.31,1,2585.04,-19.95,-0.77,0.0,n/a,Normal market alignment.
2024-01-08,INFOSYS,INFY,INFY.NS,31.68,2600.57,82.24,1,2605.5,4.93,0.19,0.0,n/a,Normal market alignment.
2024-01-09,INFOSYS,INFY,INFY.NS,31.96,2590.43,82.16,1,2625.49,35.06,1.35,0.0,n/a,Normal market alignment.
2024-01-10,INFOSYS,INFY,INFY.NS,31.66,2570.07,82.12,1,2599.58,29.51,1.15,0.0,n/a,Normal market alignment.
2024-01-11,INFOSYS,INFY,INFY.NS,31.93,2619.55,82.1,1,2621.14,1.59,0.06,0.0,n/a,Normal market alignment.
2024-01-12,INFOSYS,INFY,INFY.NS,31.55,2582.73,82.09,1,2589.79,7.07,0.27,0.0,n/a,Normal market alignment.
2024-01-15,INFOSYS,INFY,INFY.NS,31.27,2522.37,82.17,1,2569.38,47.0,1.86,-4.3,offline,"Offline insight: INFOSYS ADR-implied price is at a 1.86% premium to its NSE close, consistent with overnight US trading and FX movement."
2024-01-16,INFOSYS,INFY,INFY.NS,31.81,2584.27,82.21,1,2615.02,30.75,1.19,0.0,n/a,Normal market alignment.
2024-01-17,INFOSYS,INFY,INFY.NS,32.28,2607.53,82.18,1,2652.83,45.3,1.74,-0.2,offline,"Offline insight: INFOSYS ADR-implied price is at a 1.74% premium to its NSE close, consistent with overnight US trading and FX movement."
2024-01-18,INFOSYS,INFY,INFY.NS,31.95,2612.3,82.19,1,2625.99,13.69,0.52,0.0,n/a,Normal market alignment.
2024-01-19,INFOSYS,INFY,INFY.NS,31.61,2590.02,82.17,1,2597.4,7.38,0.28,0.0,n/a,Normal market alignment.
2024-01-22,INFOSYS,INFY,INFY.NS,31.31,2557.24,82.16,1,2572.7,15.46,0.6,0.0,n/a,Normal market alignment.
2024-01-23,INFOSYS,INFY,INFY.NS,31.67,2585.44,82.17,1,2602.01,16.57,0.64,0.0,n/a,Normal market alignment.
2024-01-24,INFOSYS,INFY,INFY.NS,31.2,2568.47,82.2,1,2564.57,-3.9,-0.15,0.0,n/a,Normal market alignment.
2024-01-25,INFOSYS,INFY,INFY.NS,31.38,2595.74,82.19,1,2578.66,-17.07,-0.66,0.0,n/a,Normal market alignment.
2024-01-26,INFOSYS,INFY,INFY.NS,31.74,2601.98,82.23,1,2609.71,7.73,0.3,0.0,n/a,Normal market alignment.
2024-01-29,INFOSYS,INFY,INFY.NS,31.7,2579.51,82.18,1,2605.62,26.11,1.01,0.0,n/a,Normal market alignment.
2024-01-30,INFOSYS,INFY,INFY.NS,32.19,2602.56,82.19,1,2645.92,43.36,1.67,-6.4,offline,"Offline insight: INFOSYS ADR-implied price is at a 1.67% premium to its NSE close, consistent with overnight US trading and FX movement."
2024-01-31,INFOSYS,INFY,INFY.NS,32.06,2579.64,82.29,1,2638.0,58.36,2.26,-1.2,offline,"Offline insight: INFOSYS ADR-implied price is at a 2.26% premium to its NSE close, consistent with overnight US trading and FX movement."
2024-02-01,INFOSYS,INFY,INFY.NS,31.96,2593.0,82.3,1,2630.64,37.64,1.45,0.0,n/a,Normal market alignment.
2024-02-02,INFOSYS,INFY,INFY.NS,31.5,2577.87,82.36,1,2594.71,16.84,0.65,0.0,n/a,Normal market alignment.
2024-02-05,INFOSYS,INFY,INFY.NS,31.99,2600.44,82.36,1,2635.23,34.78,1.34,0.0,n/a,Normal market alignment.
2024-02-06,INFOSYS,INFY,INFY.NS,31.64,2572.99,82.39,1,2606.48,33.49,1.3,0.0,n/a,Normal market alignment.
2024-02-07,INFOSYS,INFY,INFY.NS,31.81,2618.46,82.39,1,2620.9,2.44,0.09,0.0,n/a,Normal market alignment.
2024-02-08,INFOSYS,INFY,INFY.NS,31.79,2636.3,82.38,1,2618.7,-17.6,-0.67,0.0,n/a,Normal market alignment.
2024-02-09,INFOSYS,INFY,INFY.NS,31.3,2578.63,82.35,1,2577.19,-1.45,-0.06,0.0,n/a,Normal market alignment.
2024-02-12,INFOSYS,INFY,INFY.NS,31.02,2559.02,82.37,1,2554.98,-4.04,-0.16,0.0,n/a,Normal market alignment.
2024-02-13,INFOSYS,INFY,INFY.NS,31.67,2610.65,82.34,1,2607.7,-2.95,-0.11,0.0,n/a,Normal market alignment.
2024-02-14,INFOSYS,INFY,INFY.NS,31.78,2599.49,82.36,1,2617.24,17.75,0.68,0.0,n/a,Normal market alignment.
2024-02-15,INFOSYS,INFY,INFY.NS,31.31,2555.75,82.41,1,2579.8,24.05,0.94,0.0,n/a,Normal market alignment.
2024-02-16,INFOSYS,INFY,INFY.NS,31.46,2554.68,82.42,1,2592.88,38.21,1.5,0.0,n/a,Normal market alignment.
2024-02-19,INFOSYS,INFY,INFY.NS,31.4,2599.47,82.41,1,2587.65,-11.82,-0.45,0.0,n/a,Normal market alignment.
2024-02-20,INFOSYS,INFY,INFY.NS,33.03,2725.73,82.43,1,2723.13,-2.6,-0.1,0.0,n/a,Normal market alignment.
2024-02-21,INFOSYS,INFY,INFY.NS,33.19,2723.53,82.42,1,2735.21,11.68,0.43,0.0,n/a,Normal market alignment.
2024-02-22,INFOSYS,INFY,INFY.NS,33.01,2743.94,82.46,1,2721.69,-22.26,-0.81,0.0,n/a,Normal market alignment.
2024-02-23,INFOSYS,INFY,INFY.NS,33.72,2804.55,82.39,1,2778.04,-26.51,-0.95,0.0,n/a,Normal market alignment.
2024-02-26,INFOSYS,INFY,INFY.NS,32.8,2733.33,82.37,1,2701.75,-31.58,-1.16,0.0,n/a,Normal market alignment.
2024-02-27,INFOSYS,INFY,INFY.NS,32.85,2722.26,82.3,1,2703.8,-18.46,-0.68,0.0,n/a,Normal market alignment.
2024-02-28,INFOSYS,INFY,INFY.NS,33.85,2763.26,82.24,1,2783.51,20.25,0.73,0.0,n/a,Normal market alignment.
2024-02-29,INFOSYS,INFY,INFY.NS,33.8,2730.7,82.29,1,2781.37,50.67,1.86,4.0,offline,"Offline insight: INFOSYS ADR-implied price is at a 1.86% premium to its NSE close, consistent with overnight US trading and FX movement."
2024-03-01,INFOSYS,INFY,INFY.NS,32.93,2696.45,82.33,1,2711.1,14.65,0.54,0.0,n/a,Normal market alignment.
2024-03-04,INFOSYS,INFY,INFY.NS,32.74,2676.31,82.3,1,2694.9,18.59,0.69,0.0,n/a,Normal market alignment.
2024-03-05,INFOSYS,INFY,INFY.NS,33.47,2730.47,82.24,1,2752.53,22.06,0.81,0.0,n/a,Normal market alignment.
2024-03-06,INFOSYS,INFY,INFY.NS,33.67,2744.18,82.13,1,2764.92,20.75,0.76,0.0,n/a,Normal market alignment.
2024-03-07,INFOSYS,INFY,INFY.NS,33.25,2710.41,82.1,1,2730.27,19.87,0.73,0.0,n/a,Normal market alignment.
2024-03-08,INFOSYS,INFY,INFY.NS,32.92,2688.71,82.2,1,2706.25,17.54,0.65,0.0,n/a,Normal market alignment.
2024-03-11,INFOSYS,INFY,INFY.NS,32.66,2643.37,82.22,1,2684.94,41.57,1.57,-4.9,offline,"Offline insight: INFOSYS ADR-implied price is at a 1.57% premium to its NSE close, consistent with overnight US trading and FX movement."
2024-03-12,INFOSYS,INFY,INFY.NS,32.84,2654.06,82.2,1,2699.59,45.53,1.72,-0.6,offline,"Offline insight: INFOSYS ADR-implied price is at a 1.72% premium to its NSE close, consistent with overnight US trading and FX movement."
2024-03-13,INFOSYS,INFY,INFY.NS,33.51,2747.36,82.22,1,2755.25,7.89,0.29,0.0,n/a,Normal market alignment.
2024-03-14,INFOSYS,INFY,INFY.NS,34.05,2777.22,82.16,1,2797.48,20.25,0.73,0.0,n/a,Normal market alignment.
2024-03-15,INFOSYS,INFY,INFY.NS,34.29,2787.47,82.15,1,2817.08,29.61,1.06,0.0,n/a,Normal market alignment.
2024-03-18,INFOSYS,INFY,INFY.NS,33.62,2738.33,82.15,1,2761.82,23.49,0.86,0.0,n/a,Normal market alignment.
2024-03-19,INFOSYS,INFY,INFY.NS,32.96,2672.63,82.15,1,2707.56,34.92,1.31,0.0,n/a,Normal market alignment.
2024-03-20,INFOSYS,INFY,INFY.NS,33.23,2706.33,82.18,1,2731.11,24.78,0.92,0.0,n/a,Normal market alignment.
2024-03-21,INFOSYS,INFY,INFY.NS,32.57,2658.95,82.2,1,2677.29,18.34,0.69,0.0,n/a,Normal market alignment.
2024-03-22,INFOSYS,INFY,INFY.NS,32.47,2656.69,82.22,1,2669.94,13.25,0.5,0.0,n/a,Normal market alignment.
2024-03-25,INFOSYS,INFY,INFY.NS,32.63,2712.25,82.2,1,2682.05,-30.2,-1.11,0.0,n/a,Normal market alignment.
2024-03-26,INFOSYS,INFY,INFY.NS,32.08,2657.53,82.23,1,2638.27,-19.25,-0.72,0.0,n/a,Normal market alignment.
2024-03-27,INFOSYS,INFY,INFY.NS,31.6,2624.3,82.3,1,2600.62,-23.68,-0.9,0.0,n/a,Normal market alignment.
2024-03-28,INFOSYS,INFY,INFY.NS,31.56,2632.66,82.26,1,2596.54,-36.12,-1.37,0.0,n/a,Normal market alignment.
2024-03-29,INFOSYS,INFY,INFY.NS,31.81,2611.12,82.23,1,2615.84,4.72,0.18,0.0,n/a,Normal market alignment.
2024-04-01,INFOSYS,INFY,INFY.NS,32.33,2647.82,82.28,1,2660.03,12.22,0.46,0.0,n/a,Normal market alignment.
2024-04-02,INFOSYS,INFY,INFY.NS,32.63,2677.98,82.28,1,2684.83,6.85,0.26,0.0,n/a,Normal market alignment.
2024-04-03,INFOSYS,INFY,INFY.NS,32.68,2696.99,82.33,1,2690.47,-6.52,-0.24,0.0,n/a,Normal market alignment.
2024-04-04,INFOSYS,INFY,INFY.NS,32.32,2658.97,82.32,1,2660.63,1.65,0.06,0.0,n/a,Normal market alignment.
2024-04-05,INFOSYS,INFY,INFY.NS,31.81,2601.54,82.38,1,2620.57,19.03,0.73,0.0,n/a,Normal market alignment.
2024-04-08,INFOSYS,INFY,INFY.NS,31.58,2605.12,82.38,1,2601.47,-3.65,-0.14,0.0,n/a,Normal market alignment.
2024-04-09,INFOSYS,INFY,INFY.NS,31.78,2620.9,82.39,1,2618.61,-2.29,-0.09,0.0,n/a,Normal market alignment.
2024-04-10,INFOSYS,INFY,INFY.NS,31.95,2620.1,82.46,1,2634.65,14.55,0.56,0.0,n/a,Normal market alignment.
2024-04-11,INFOSYS,INFY,INFY.NS,30.95,2578.39,82.44,1,2552.03,-26.35,-1.02,0.0,n/a,Normal market alignment.
2024-04-12,INFOSYS,INFY,INFY.NS,30.6,2538.19,82.41,1,2521.6,-16.59,-0.65,0.0,n/a,Normal market alignment.
2024-04-15,INFOSYS,INFY,INFY.NS,31.16,2585.3,82.39,1,2567.39,-17.91,-0.69,0.0,n/a,Normal market alignment.
2024-04-16,INFOSYS,INFY,INFY.NS,31.21,2584.97,82.41,1,2571.81,-13.16,-0.51,0.0,n/a,Normal market alignment.
2024-04-17,INFOSYS,INFY,INFY.NS,30.55,2532.66,82.35,1,2516.03,-16.63,-0.66,0.0,n/a,Normal market alignment.
2024-04-18,INFOSYS,INFY,INFY.NS,31.64,2614.32,82.37,1,2606.53,-7.78,-0.3,0.0,n/a,Normal market alignment.
2024-04-19,INFOSYS,INFY,INFY.NS,31.64,2575.45,82.35,1,2605.53,30.08,1.17,0.0,n/a,Normal market alignment.
2024-04-22,INFOSYS,INFY,INFY.NS,31.83,2610.46,82.4,1,2622.83,12.37,0.47,0.0,n/a,Normal market alignment.
2024-04-23,INFOSYS,INFY,INFY.NS,32.03,2623.48,82.31,1,2636.3,12.82,0.49,0.0,n/a,Normal market alignment.
2024-04-24,INFOSYS,INFY,INFY.NS,31.86,2578.03,82.28,1,2621.58,43.56,1.69,6.9,offline,"Offline insight: INFOSYS ADR-implied price is at a 1.69% premium to its NSE close, consistent with overnight US trading and FX movement."
2024-04-25,INFOSYS,INFY,INFY.NS,31.53,2575.47,82.21,1,2591.66,16.19,0.63,0.0,n/a,Normal market alignment.
2024-04-26,INFOSYS,INFY,INFY.NS,32.54,2630.54,82.18,1,2673.88,43.34,1.65,0.1,offline,"Offline insight: INFOSYS ADR-implied price is at a 1.65% premium to its NSE close, consistent with overnight US trading and FX movement."
2024-04-29,INFOSYS,INFY,INFY.NS,33.04,2688.6,82.19,1,2715.28,26.68,0.99,0.0,n/a,Normal market alignment.
2024-04-30,INFOSYS,INFY,INFY.NS,33.45,2699.62,82.18,1,2749.36,49.74,1.84,-0.0,offline,"Offline insight: INFOSYS ADR-implied price is at a 1.84% premium to its NSE close, consistent with overnight US trading and FX movement."
2024-05-01,INFOSYS,INFY,INFY.NS,33.75,2729.14,82.17,1,2773.64,44.51,1.63,0.8,offline,"Offline insight: INFOSYS ADR-implied price is at a 1.63% premium to its NSE close, consistent with overnight US trading and FX movement."
2024-05-02,INFOSYS,INFY,INFY.NS,33.26,2700.33,82.17,1,2732.56,32.23,1.19,0.0,n/a,Normal market alignment.
2024-05-03,INFOSYS,INFY,INFY.NS,33.9,2767.5,82.18,1,2786.05,18.55,0.67,0.0,n/a,Normal market alignment.
2024-05-06,INFOSYS,INFY,INFY.NS,33.48,2751.29,82.14,1,2750.33,-0.96,-0.03,0.0,n/a,Normal market alignment.
2024-05-07,INFOSYS,INFY,INFY.NS,33.64,2762.94,82.17,1,2763.83,0.89,0.03,0.0,n/a,Normal market alignment.
2024-05-08,INFOSYS,INFY,INFY.NS,32.82,2680.24,82.19,1,2697.6,17.35,0.65,0.0,n/a,Normal market alignment.
2024-05-09,INFOSYS,INFY,INFY.NS,31.83,2606.46,82.21,1,2616.35,9.89,0.38,0.0,n/a,Normal market alignment.
2024-05-10,INFOSYS,INFY,INFY.NS,31.99,2630.21,82.23,1,2630.37,0.16,0.01,0.0,n/a,Normal market alignment.
2024-05-13,INFOSYS,INFY,INFY.NS,31.61,2604.12,82.25,1,2599.64,-4.48,-0.17,0.0,n/a,Normal market alignment.
2024-05-14,INFOSYS,INFY,INFY.NS,30.67,2510.53,82.33,1,2525.38,14.85,0.59,0.0,n/a,Normal market alignment.
2024-05-15,INFOSYS,INFY,INFY.NS,30.93,2516.03,82.33,1,2546.54,30.51,1.21,0.0,n/a,Normal market alignment.
2024-05-16,INFOSYS,INFY,INFY.NS,31.93,2621.1,82.31,1,2627.93,6.83,0.26,0.0,n/a,Normal market alignment.
2024-05-17,INFOSYS,INFY,INFY.NS,32.6,2690.93,82.29,1,2682.54,-8.39,-0.31,0.0,n/a,Normal market alignment.
2024-05-20,INFOSYS,INFY,INFY.NS,32.48,2669.58,82.25,1,2671.68,2.1,0.08,0.0,n/a,Normal market alignment.
2024-05-21,INFOSYS,INFY,INFY.NS,32.5,2641.76,82.2,1,2671.25,29.49,1.12,0.0,n/a,Normal market alignment.
2024-05-22,INFOSYS,INFY,INFY.NS,32.94,2667.22,82.16,1,2706.48,39.26,1.47,0.0,n/a,Normal market alignment.
2024-05-23,INFOSYS,INFY,INFY.NS,33.51,2752.6,82.16,1,2752.79,0.19,0.01,0.0,n/a,Normal market alignment.
2024-05-24,INFOSYS,INFY,INFY.NS,33.34,2744.87,82.17,1,2739.91,-4.96,-0.18,0.0,n/a,Normal market alignment.
2024-05-27,INFOSYS,INFY,INFY.NS,33.37,2763.23,82.18,1,2742.24,-21.0,-0.76,0.0,n/a,Normal market alignment.
2024-05-28,INFOSYS,INFY,INFY.NS,33.53,2772.26,82.15,1,2754.43,-17.83,-0.64,0.0,n/a,Normal market alignment.
2024-05-29,INFOSYS,INFY,INFY.NS,33.82,2759.06,82.18,1,2779.4,20.34,0.74,0.0,n/a,Normal market alignment.
2024-05-30,INFOSYS,INFY,INFY.NS,33.76,2791.16,82.22,1,2775.71,-15.45,-0.55,0.0,n/a,Normal market alignment.
2024-05-31,INFOSYS,INFY,INFY.NS,33.71,2812.58,82.21,1,2771.36,-41.21,-1.47,0.0,n/a,Normal market alignment.
2024-06-03,INFOSYS,INFY,INFY.NS,34.42,2870.58,82.19,1,2828.69,-41.89,-1.46,0.0,n/a,Normal market alignment.
2024-06-04,INFOSYS,INFY,INFY.NS,35.05,2901.23,82.21,1,2881.66,-19.57,-0.67,0.0,n/a,Normal market alignment.
2024-06-05,INFOSYS,INFY,INFY.NS,35.31,2902.6,82.22,1,2903.47,0.87,0.03,0.0,n/a,Normal market alignment.
2024-06-06,INFOSYS,INFY,INFY.NS,36.24,2967.53,82.16,1,2977.15,9.62,0.32,0.0,n/a,Normal market alignment.
2024-06-07,INFOSYS,INFY,INFY.NS,36.04,2930.9,82.16,1,2960.72,29.82,1.02,0.0,n/a,Normal market alignment.
2024-06-10,INFOSYS,INFY,INFY.NS,36.93,3053.15,82.17,1,3034.11,-19.04,-0.62,0.0,n/a,Normal market alignment.
2024-06-11,INFOSYS,INFY,INFY.NS,37.24,3044.47,82.13,1,3058.41,13.93,0.46,0.0,n/a,Normal market alignment.
2024-06-12,INFOSYS,INFY,INFY.NS,39.07,3207.92,82.14,1,3209.72,1.8,0.06,0.0,n/a,Normal market alignment.
2024-06-13,INFOSYS,INFY,INFY.NS,38.39,3133.97,82.09,1,3151.08,17.1,0.55,0.0,n/a,Normal market alignment.
2024-06-14,INFOSYS,INFY,INFY.NS,38.0,3140.32,82.14,1,3121.51,-18.81,-0.6,0.0,n/a,Normal market alignment.
2024-06-17,INFOSYS,INFY,INFY.NS,38.25,3155.23,82.19,1,3144.0,-11.23,-0.36,0.0,n/a,Normal market alignment.
2024-06-18,INFOSYS,INFY,INFY.NS,38.49,3164.85,82.18,1,3163.33,-1.52,-0.05,0.0,n/a,Normal market alignment.
2024-06-19,INFOSYS,INFY,INFY.NS,39.63,3232.21,82.2,1,3257.43,25.22,0.78,0.0,n/a,Normal market alignment.
2024-06-20,INFOSYS,INFY,INFY.NS,39.24,3242.81,82.1,1,3222.0,-20.81,-0.64,0.0,n/a,Normal market alignment.
2024-06-21,INFOSYS,INFY,INFY.NS,39.79,3276.81,82.06,1,3264.9,-11.91,-0.36,0.0,n/a,Normal market alignment.
2024-06-24,INFOSYS,INFY,INFY.NS,40.49,3355.18,82.05,1,3322.38,-32.8,-0.98,0.0,n/a,Normal market alignment.
2024-06-25,INFOSYS,INFY,INFY.NS,40.93,3364.61,82.0,1,3356.78,-7.83,-0.23,0.0,n/a,Normal market alignment.
2024-06-26,INFOSYS,INFY,INFY.NS,40.36,3297.26,82.03,1,3310.59,13.33,0.4,0.0,n/a,Normal market alignment.
2024-06-27,INFOSYS,INFY,INFY.NS,41.22,3346.55,82.11,1,3384.82,38.27,1.14,0.0,n/a,Normal market alignment.
2024-06-28,INFOSYS,INFY,INFY.NS,41.99,3435.61,82.07,1,3446.32,10.71,0.31,0.0,n/a,Normal market alignment.
2024-07-01,INFOSYS,INFY,INFY.NS,42.38,3448.14,82.04,1,3476.97,28.83,0.84,0.0,n/a,Normal market alignment.
2024-07-02,INFOSYS,INFY,INFY.NS,42.53,3439.1,82.05,1,3489.12,50.01,1.45,0.0,n/a,Normal market alignment.
2024-07-03,INFOSYS,INFY,INFY.NS,42.68,3514.55,82.11,1,3504.79,-9.76,-0.28,0.0,n/a,Normal market alignment.
2024-07-04,INFOSYS,INFY,INFY.NS,42.65,3490.51,82.06,1,3499.66,9.15,0.26,0.0,n/a,Normal market alignment.
2024-07-05,INFOSYS,INFY,INFY.NS,43.07,3505.79,82.08,1,3534.82,29.03,0.83,0.0,n/a,Normal market alignment.
2024-07-08,INFOSYS,INFY,INFY.NS,43.1,3529.57,82.15,1,3540.71,11.15,0.32,0.0,n/a,Normal market alignment.
2024-07-09,INFOSYS,INFY,INFY.NS,42.57,3517.09,82.08,1,3493.94,-23.14,-0.66,0.0,n/a,Normal market alignment.
2024-07-10,INFOSYS,INFY,INFY.NS,41.91,3428.83,82.03,1,3437.93,9.09,0.27,0.0,n/a,Normal market alignment.
2024-07-11,INFOSYS,INFY,INFY.NS,41.45,3422.81,82.02,1,3399.52,-23.29,-0.68,0.0,n/a,Normal market alignment.
2024-07-12,INFOSYS,INFY,INFY.NS,41.6,3429.32,82.0,1,3411.04,-18.28,-0.53,0.0,n/a,Normal market alignment.
2024-07-15,INFOSYS,INFY,INFY.NS,41.59,3423.99,82.03,1,3412.08,-11.91,-0.35,0.0,n/a,Normal market alignment.
2024-07-16,INFOSYS,INFY,INFY.NS,41.74,3414.59,82.04,1,3424.57,9.97,0.29,0.0,n/a,Normal market alignment.
2024-07-17,INFOSYS,INFY,INFY.NS,42.07,3457.48,81.97,1,3448.38,-9.11,-0.26,0.0,n/a,Normal market alignment.
2024-07-18,INFOSYS,INFY,INFY.NS,41.68,3439.78,81.99,1,3417.86,-21.92,-0.64,0.0,n/a,Normal market alignment.
2024-07-19,INFOSYS,INFY,INFY.NS,42.61,3504.06,81.97,1,3493.09,-10.97,-0.31,0.0,n/a,Normal market alignment.
2024-07-22,INFOSYS,INFY,INFY.NS,42.46,3464.42,82.02,1,3482.32,17.9,0.52,0.0,n/a,Normal market alignment.
2024-07-23,INFOSYS,INFY,INFY.NS,42.19,3394.82,82.0,1,3459.7,64.88,1.91,-4.4,offline,"Offline insight: INFOSYS ADR-implied price is at a 1.91% premium to its NSE close, consistent with overnight US trading and FX movement."
2024-07-24,INFOSYS,INFY,INFY.NS,42.51,3481.55,81.97,1,3484.73,3.18,0.09,0.0,n/a,Normal market alignment.
2024-07-25,INFOSYS,INFY,INFY.NS,41.35,3381.4,82.0,1,3390.72,9.32,0.28,0.0,n/a,Normal market alignment.
2024-07-26,INFOSYS,INFY,INFY.NS,40.87,3372.89,82.03,1,3352.82,-20.08,-0.6,0.0,n/a,Normal market alignment.
2024-07-29,INFOSYS,INFY,INFY.NS,41.49,3391.87,82.05,1,3403.95,12.08,0.36,0.0,n/a,Normal market alignment.
2024-07-30,INFOSYS,INFY,INFY.NS,40.42,3328.33,81.98,1,3313.57,-14.76,-0.44,0.0,n/a,Normal market alignment.
2024-07-31,INFOSYS,INFY,INFY.NS,41.11,3396.11,82.0,1,3371.04,-25.07,-0.74,0.0,n/a,Normal market alignment.
2024-08-01,INFOSYS,INFY,INFY.NS,42.05,3476.51,81.96,1,3446.77,-29.74,-0.86,0.0,n/a,Normal market alignment.
2024-08-02,INFOSYS,INFY,INFY.NS,41.83,3448.68,81.97,1,3429.14,-19.54,-0.57,0.0,n/a,Normal market alignment.
2024-08-05,INFOSYS,INFY,INFY.NS,42.03,3446.74,81.92,1,3442.82,-3.92,-0.11,0.0,n/a,Normal market alignment.
2024-08-06,INFOSYS,INFY,INFY.NS,42.75,3493.01,81.94,1,3502.45,9.44,0.27,0.0,n/a,Normal market alignment.
2024-08-07,INFOSYS,INFY,INFY.NS,42.46,3472.16,81.91,1,3477.65,5.49,0.16,0.0,n/a,Normal market alignment.
2024-08-08,INFOSYS,INFY,INFY.NS,43.02,3551.49,81.86,1,3521.8,-29.69,-0.84,0.0,n/a,Normal market alignment.
2024-08-09,INFOSYS,INFY,INFY.NS,42.6,3488.39,81.89,1,3488.66,0.27,0.01,0.0,n/a,Normal market alignment.
2024-08-12,INFOSYS,INFY,INFY.NS,42.31,3466.29,81.9,1,3465.17,-1.12,-0.03,0.0,n/a,Normal market alignment.
2024-08-13,INFOSYS,INFY,INFY.NS,41.82,3396.71,81.87,1,3423.67,26.96,0.79,0.0,n/a,Normal market alignment.
2024-08-14,INFOSYS,INFY,INFY.NS,42.04,3445.44,81.93,1,3444.78,-0.66,-0.02,0.0,n/a,Normal market alignment.
2024-08-15,INFOSYS,INFY,INFY.NS,42.79,3545.1,81.91,1,3504.94,-40.17,-1.13,0.0,n/a,Normal market alignment.
2024-08-16,INFOSYS,INFY,INFY.NS,42.68,3521.18,81.92,1,3496.4,-24.78,-0.7,0.0,n/a,Normal market alignment.
2024-08-19,INFOSYS,INFY,INFY.NS,41.88,3414.71,81.93,1,3431.27,16.56,0.48,0.0,n/a,Normal market alignment.
2024-08-20,INFOSYS,INFY,INFY.NS,41.21,3362.03,81.9,1,3375.6,13.57,0.4,0.0,n/a,Normal market alignment.
2024-08-21,INFOSYS,INFY,INFY.NS,41.47,3393.94,81.92,1,3397.41,3.48,0.1,0.0,n/a,Normal market alignment.
2024-08-22,INFOSYS,INFY,INFY.NS,42.63,3510.78,81.9,1,3491.54,-19.23,-0.55,0.0,n/a,Normal market alignment.
2024-08-23,INFOSYS,INFY,INFY.NS,42.89,3481.16,81.89,1,3512.55,31.39,0.9,0.0,n/a,Normal market alignment.
2024-08-26,INFOSYS,INFY,INFY.NS,42.66,3501.88,81.94,1,3495.58,-6.29,-0.18,0.0,n/a,Normal market alignment.
2024-08-27,INFOSYS,INFY,INFY.NS,43.16,3556.95,81.9,1,3535.05,-21.9,-0.62,0.0,n/a,Normal market alignment.
2024-08-28,INFOSYS,INFY,INFY.NS,43.02,3518.26,81.81,1,3519.31,1.04,0.03,0.0,n/a,Normal market alignment.
2024-08-29,INFOSYS,INFY,INFY.NS,42.79,3548.66,81.87,1,3503.19,-45.47,-1.28,0.0,n/a,Normal market alignment.
2024-08-30,INFOSYS,INFY,INFY.NS,42.19,3453.96,81.98,1,3458.22,4.26,0.12,0.0,n/a,Normal market alignment.
2024-09-02,INFOSYS,INFY,INFY.NS,43.09,3513.71,81.96,1,3531.67,17.95,0.51,0.0,n/a,Normal market alignment.
2024-09-03,INFOSYS,INFY,INFY.NS,41.46,3363.56,81.88,1,3395.04,31.48,0.94,0.0,n/a,Normal market alignment.
2024-09-04,INFOSYS,INFY,INFY.NS,41.97,3403.8,81.87,1,3436.21,32.41,0.95,0.0,n/a,Normal market alignment.
2024-09-05,INFOSYS,INFY,INFY.NS,41.69,3397.32,81.86,1,3412.9,15.58,0.46,0.0,n/a,Normal market alignment.
2024-09-06,INFOSYS,INFY,INFY.NS,41.45,3408.63,81.86,1,3392.65,-15.99,-0.47,0.0,n/a,Normal market alignment.
2024-09-09,INFOSYS,INFY,INFY.NS,42.51,3491.18,81.81,1,3477.93,-13.25,-0.38,0.0,n/a,Normal market alignment.
2024-09-10,INFOSYS,INFY,INFY.NS,42.07,3474.37,81.84,1,3442.74,-31.63,-0.91,0.0,n/a,Normal market alignment.
2024-09-11,INFOSYS,INFY,INFY.NS,41.65,3416.6,81.86,1,3409.57,-7.03,-0.21,0.0,n/a,Normal market alignment.
2024-09-12,INFOSYS,INFY,INFY.NS,41.58,3386.54,81.8,1,3401.48,14.94,0.44,0.0,n/a,Normal market alignment.
2024-09-13,INFOSYS,INFY,INFY.NS,41.85,3380.93,81.83,1,3424.83,43.9,1.3,0.0,n/a,Normal market alignment.
2024-09-16,INFOSYS,INFY,INFY.NS,41.59,3371.57,81.91,1,3406.61,35.04,1.04,0.0,n/a,Normal market alignment.
2024-09-17,INFOSYS,INFY,INFY.NS,40.62,3285.77,81.92,1,3327.53,41.76,1.27,0.0,n/a,Normal market alignment.
2024-09-18,INFOSYS,INFY,INFY.NS,40.1,3266.7,81.91,1,3284.82,18.11,0.55,0.0,n/a,Normal market alignment.
2024-09-19,INFOSYS,INFY,INFY.NS,40.89,3348.82,81.9,1,3348.75,-0.07,-0.0,0.0,n/a,Normal market alignment.
2024-09-20,INFOSYS,INFY,INFY.NS,40.94,3343.51,81.93,1,3354.56,11.04,0.33,0.0,n/a,Normal market alignment.
2024-09-23,INFOSYS,INFY,INFY.NS,41.23,3377.89,81.86,1,3375.45,-2.44,-0.07,0.0,n/a,Normal market alignment.
2024-09-24,INFOSYS,INFY,INFY.NS,41.08,3358.66,81.87,1,3363.53,4.87,0.15,0.0,n/a,Normal market alignment.
2024-09-25,INFOSYS,INFY,INFY.NS,40.69,3352.66,81.85,1,3330.68,-21.99,-0.66,0.0,n/a,Normal market alignment.
2024-09-26,INFOSYS,INFY,INFY.NS,41.73,3453.51,81.93,1,3418.61,-34.9,-1.01,0.0,n/a,Normal market alignment.
2024-09-27,INFOSYS,INFY,INFY.NS,41.62,3415.26,81.92,1,3409.74,-5.52,-0.16,0.0,n/a,Normal market alignment.
2024-09-30,INFOSYS,INFY,INFY.NS,41.36,3373.22,81.99,1,3390.89,17.67,0.52,0.0,n/a,Normal market alignment.
2024-10-01,INFOSYS,INFY,INFY.NS,42.05,3458.84,81.95,1,3445.84,-13.0,-0.38,0.0,n/a,Normal market alignment.
2024-10-02,INFOSYS,INFY,INFY.NS,41.61,3402.26,81.97,1,3410.56,8.3,0.24,0.0,n/a,Normal market alignment.
2024-10-03,INFOSYS,INFY,INFY.NS,41.25,3389.4,81.99,1,3381.72,-7.68,-0.23,0.0,n/a,Normal market alignment.
2024-10-04,INFOSYS,INFY,INFY.NS,41.27,3386.08,81.95,1,3381.86,-4.21,-0.12,0.0,n/a,Normal market alignment.
2024-10-07,INFOSYS,INFY,INFY.NS,41.28,3352.48,81.96,1,3383.23,30.75,0.92,0.0,n/a,Normal market alignment.
2024-10-08,INFOSYS,INFY,INFY.NS,41.45,3361.96,82.01,1,3399.47,37.51,1.12,0.0,n/a,Normal market alignment.
2024-10-09,INFOSYS,INFY,INFY.NS,42.77,3464.15,82.0,1,3506.64,42.49,1.23,0.0,n/a,Normal market alignment.
2024-10-10,INFOSYS,INFY,INFY.NS,42.99,3451.0,81.93,1,3522.51,71.51,2.07,-4.9,offline,"Offline insight: INFOSYS ADR-implied price is at a 2.07% premium to its NSE close, consistent with overnight US trading and FX movement."
2024-10-11,INFOSYS,INFY,INFY.NS,41.47,3372.61,81.93,1,3397.93,25.31,0.75,0.0,n/a,Normal market alignment.
2024-10-14,INFOSYS,INFY,INFY.NS,41.69,3422.32,81.9,1,3414.11,-8.21,-0.24,0.0,n/a,Normal market alignment.
2024-10-15,INFOSYS,INFY,INFY.NS,41.72,3438.88,81.88,1,3416.55,-22.33,-0.65,0.0,n/a,Normal market alignment.
2024-10-16,INFOSYS,INFY,INFY.NS,41.76,3439.23,81.88,1,3419.71,-19.53,-0.57,0.0,n/a,Normal market alignment.
2024-10-17,INFOSYS,INFY,INFY.NS,41.93,3500.14,81.81,1,3430.53,-69.61,-1.99,2.5,offline,"Offline insight: INFOSYS ADR-implied price is at a 1.99% discount to its NSE close, consistent with overnight US trading and FX movement."
2024-10-18,INFOSYS,INFY,INFY.NS,41.93,3473.91,81.75,1,3427.41,-46.5,-1.34,0.0,n/a,Normal market alignment.
2024-10-21,INFOSYS,INFY,INFY.NS,41.91,3467.65,81.77,1,3426.59,-41.07,-1.18,0.0,n/a,Normal market alignment.
2024-10-22,INFOSYS,INFY,INFY.NS,42.3,3463.89,81.75,1,3458.28,-5.61,-0.16,0.0,n/a,Normal market alignment.
2024-10-23,INFOSYS,INFY,INFY.NS,41.97,3421.82,81.65,1,3426.94,5.12,0.15,0.0,n/a,Normal market alignment.
2024-10-24,INFOSYS,INFY,INFY.NS,41.39,3391.81,81.68,1,3380.59,-11.22,-0.33,0.0,n/a,Normal market alignment.
2024-10-25,INFOSYS,INFY,INFY.NS,43.28,3527.88,81.69,1,3535.45,7.57,0.21,0.0,n/a,Normal market alignment.
2024-10-28,INFOSYS,INFY,INFY.NS,42.83,3475.3,81.67,1,3497.37,22.07,0.63,0.0,n/a,Normal market alignment.
2024-10-29,INFOSYS,INFY,INFY.NS,42.9,3506.96,81.61,1,3501.45,-5.51,-0.16,0.0,n/a,Normal market alignment.
2024-10-30,INFOSYS,INFY,INFY.NS,41.95,3440.51,81.65,1,3425.4,-15.11,-0.44,0.0,n/a,Normal market alignment.
2024-10-31,INFOSYS,INFY,INFY.NS,42.04,3496.72,81.66,1,3433.04,-63.69,-1.82,-1.5,offline,"Offline insight: INFOSYS ADR-implied price is at a 1.82% discount to its NSE close, consistent with overnight US trading and FX movement."
2024-11-01,INFOSYS,INFY,INFY.NS,41.46,3454.12,81.76,1,3390.0,-64.12,-1.86,-2.9,offline,"Offline insight: INFOSYS ADR-implied price is at a 1.86% discount to its NSE close, consistent with overnight US trading and FX movement."
2024-11-04,INFOSYS,INFY,INFY.NS,41.2,3425.2,81.78,1,3369.25,-55.95,-1.63,-6.6,offline,"Offline insight: INFOSYS ADR-implied price is at a 1.63% discount to its NSE close, consistent with overnight US trading and FX movement."
2024-11-05,INFOSYS,INFY,INFY.NS,41.86,3455.85,81.79,1,3423.77,-32.08,-0.93,0.0,n/a,Normal market alignment.
2024-11-06,INFOSYS,INFY,INFY.NS,42.17,3491.35,81.79,1,3448.8,-42.55,-1.22,0.0,n/a,Normal market alignment.
2024-11-07,INFOSYS,INFY,INFY.NS,42.54,3519.05,81.82,1,3480.67,-38.38,-1.09,0.0,n/a,Normal market alignment.
2024-11-08,INFOSYS,INFY,INFY.NS,41.42,3442.37,81.85,1,3390.32,-52.05,-1.51,4.8,offline,"Offline insight: INFOSYS ADR-implied price is at a 1.51% discount to its NSE close, consistent with overnight US trading and FX movement."
2024-11-11,INFOSYS,INFY,INFY.NS,42.58,3514.6,81.9,1,3486.92,-27.68,-0.79,0.0,n/a,Normal market alignment.
2024-11-12,INFOSYS,INFY,INFY.NS,41.83,3430.79,81.88,1,3424.8,-5.99,-0.17,0.0,n/a,Normal market alignment.
2024-11-13,INFOSYS,INFY,INFY.NS,42.8,3497.46,81.86,1,3503.65,6.19,0.18,0.0,n/a,Normal market alignment.
2024-11-14,INFOSYS,INFY,INFY.NS,43.47,3553.52,81.84,1,3557.6,4.08,0.11,0.0,n/a,Normal market alignment.
2024-11-15,INFOSYS,INFY,INFY.NS,43.86,3627.54,81.88,1,3590.91,-36.63,-1.01,0.0,n/a,Normal market alignment.
2024-11-18,INFOSYS,INFY,INFY.NS,43.31,3585.86,81.94,1,3548.57,-37.29,-1.04,0.0,n/a,Normal market alignment.
2024-11-19,INFOSYS,INFY,INFY.NS,43.42,3589.58,81.92,1,3556.95,-32.63,-0.91,0.0,n/a,Normal market alignment.
2024-11-20,INFOSYS,INFY,INFY.NS,43.13,3561.68,81.9,1,3532.2,-29.48,-0.83,0.0,n/a,Normal market alignment.
2024-11-21,INFOSYS,INFY,INFY.NS,43.16,3551.16,81.92,1,3535.39,-15.77,-0.44,0.0,n/a,Normal market alignment.
2024-11-22,INFOSYS,INFY,INFY.NS,43.01,3497.24,81.91,1,3522.82,25.58,0.73,0.0,n/a,Normal market alignment.
2024-11-25,INFOSYS,INFY,INFY.NS,41.71,3383.69,81.95,1,3417.78,34.08,1.01,0.0,n/a,Normal market alignment.
2024-11-26,INFOSYS,INFY,INFY.NS,42.42,3475.55,81.86,1,3472.53,-3.02,-0.09,0.0,n/a,Normal market alignment.
2024-11-27,INFOSYS,INFY,INFY.NS,42.38,3453.39,81.83,1,3467.99,14.6,0.42,0.0,n/a,Normal market alignment.
2024-11-28,INFOSYS,INFY,INFY.NS,42.09,3418.54,81.8,1,3442.54,23.99,0.7,0.0,n/a,Normal market alignment.
2024-11-29,INFOSYS,INFY,INFY.NS,41.75,3415.69,81.71,1,3410.8,-4.89,-0.14,0.0,n/a,Normal market alignment.
2024-12-02,INFOSYS,INFY,INFY.NS,41.98,3411.25,81.67,1,3428.59,17.34,0.51,0.0,n/a,Normal market alignment.
2024-12-03,INFOSYS,INFY,INFY.NS,41.43,3375.67,81.63,1,3382.18,6.51,0.19,0.0,n/a,Normal market alignment.
2024-12-04,INFOSYS,INFY,INFY.NS,40.04,3297.23,81.62,1,3268.5,-28.73,-0.87,0.0,n/a,Normal market alignment.
2024-12-05,INFOSYS,INFY,INFY.NS,40.3,3298.01,81.67,1,3291.28,-6.73,-0.2,0.0,n/a,Normal market alignment.
2024-12-06,INFOSYS,INFY,INFY.NS,40.63,3316.56,81.66,1,3317.53,0.97,0.03,0.0,n/a,Normal market alignment.
2024-12-09,INFOSYS,INFY,INFY.NS,40.52,3311.66,81.62,1,3306.96,-4.69,-0.14,0.0,n/a,Normal market alignment.
2024-12-10,INFOSYS,INFY,INFY.NS,39.83,3254.59,81.62,1,3250.96,-3.62,-0.11,0.0,n/a,Normal market alignment.
2024-12-11,INFOSYS,INFY,INFY.NS,39.9,3276.67,81.66,1,3257.99,-18.68,-0.57,0.0,n/a,Normal market alignment.
2024-12-12,INFOSYS,INFY,INFY.NS,39.03,3183.21,81.63,1,3185.91,2.71,0.09,0.0,n/a,Normal market alignment.
2024-12-13,INFOSYS,INFY,INFY.NS,38.44,3135.77,81.59,1,3136.42,0.65,0.02,0.0,n/a,Normal market alignment.
2024-12-16,INFOSYS,INFY,INFY.NS,38.02,3098.93,81.61,1,3102.93,3.99,0.13,0.0,n/a,Normal market alignment.
2024-12-17,INFOSYS,INFY,INFY.NS,38.51,3132.58,81.61,1,3142.84,10.25,0.33,0.0,n/a,Normal market alignment.
2024-12-18,INFOSYS,INFY,INFY.NS,38.31,3146.97,81.63,1,3127.71,-19.25,-0.61,0.0,n/a,Normal market alignment.
2024-12-19,INFOSYS,INFY,INFY.NS,38.07,3138.83,81.63,1,3107.66,-31.17,-0.99,0.0,n/a,Normal market alignment.
2024-12-20,INFOSYS,INFY,INFY.NS,39.2,3270.94,81.66,1,3200.85,-70.09,-2.14,-6.5,offline,"Offline insight: INFOSYS ADR-implied price is at a 2.14% discount to its NSE close, consistent with overnight US trading and FX movement."
2024-12-23,INFOSYS,INFY,INFY.NS,39.42,3246.04,81.62,1,3217.14,-28.9,-0.89,0.0,n/a,Normal market alignment.
2024-12-24,INFOSYS,INFY,INFY.NS,39.63,3279.83,81.62,1,3234.48,-45.35,-1.38,0.0,n/a,Normal market alignment.
2024-12-25,INFOSYS,INFY,INFY.NS,39.42,3241.11,81.61,1,3217.22,-23.88,-0.74,0.0,n/a,Normal market alignment.
2024-12-26,INFOSYS,INFY,INFY.NS,39.08,3193.37,81.57,1,3187.55,-5.83,-0.18,0.0,n/a,Normal market alignment.
2024-12-27,INFOSYS,INFY,INFY.NS,37.81,3072.05,81.51,1,3081.64,9.59,0.31,0.0,n/a,Normal market alignment.
2024-12-30,INFOSYS,INFY,INFY.NS,38.37,3149.07,81.53,1,3128.43,-20.64,-0.66,0.0,n/a,Normal market alignment.
2024-12-31,INFOSYS,INFY,INFY.NS,38.64,3163.79,81.52,1,3149.9,-13.89,-0.44,0.0,n/a,Normal market alignment.
2025-01-01,INFOSYS,INFY,INFY.NS,38.55,3112.65,81.48,1,3140.85,28.2,0.91,0.0,n/a,Normal market alignment.
2025-01-02,INFOSYS,INFY,INFY.NS,38.48,3081.49,81.48,1,3135.21,53.73,1.74,3.5,offline,"Offline insight: INFOSYS ADR-implied price is at a 1.74% premium to its NSE close, consistent with overnight US trading and FX movement."
2025-01-03,INFOSYS,INFY,INFY.NS,38.92,3118.39,81.52,1,3172.57,54.17,1.74,-1.7,offline,"Offline insight: INFOSYS ADR-implied price is at a 1.74% premium to its NSE close, consistent with overnight US trading and FX movement."
2025-01-06,INFOSYS,INFY,INFY.NS,38.02,3057.02,81.43,1,3096.1,39.09,1.28,0.0,n/a,Normal market alignment.
2025-01-07,INFOSYS,INFY,INFY.NS,37.69,3065.47,81.37,1,3067.42,1.95,0.06,0.0,n/a,Normal market alignment.
2025-01-08,INFOSYS,INFY,INFY.NS,37.06,2998.5,81.34,1,3014.73,16.23,0.54,0.0,n/a,Normal market alignment.
2025-01-09,INFOSYS,INFY,INFY.NS,38.06,3091.38,81.4,1,3098.0,6.62,0.21,0.0,n/a,Normal market alignment.
2025-01-10,INFOSYS,INFY,INFY.NS,38.57,3123.83,81.41,1,3140.1,16.27,0.52,0.0,n/a,Normal market alignment.
2025-01-13,INFOSYS,INFY,INFY.NS,37.31,3042.44,81.44,1,3038.47,-3.97,-0.13,0.0,n/a,Normal market alignment.
2025-01-14,INFOSYS,INFY,INFY.NS,36.47,2974.69,81.4,1,2968.76,-5.93,-0.2,0.0,n/a,Normal market alignment.
2025-01-15,INFOSYS,INFY,INFY.NS,36.41,2962.31,81.35,1,2962.17,-0.14,-0.0,0.0,n/a,Normal market alignment.
2025-01-16,INFOSYS,INFY,INFY.NS,36.16,2937.77,81.37,1,2942.75,4.98,0.17,0.0,n/a,Normal market alignment.
2025-01-17,INFOSYS,INFY,INFY.NS,35.46,2872.44,81.38,1,2885.29,12.85,0.45,0.0,n/a,Normal market alignment.
2025-01-20,INFOSYS,INFY,INFY.NS,36.5,2975.24,81.4,1,2971.16,-4.08,-0.14,0.0,n/a,Normal market alignment.
2025-01-21,INFOSYS,INFY,INFY.NS,36.68,3016.59,81.39,1,2985.74,-30.85,-1.02,0.0,n/a,Normal market alignment.
2025-01-22,INFOSYS,INFY,INFY.NS,36.96,2992.67,81.4,1,3008.35,15.68,0.52,0.0,n/a,Normal market alignment.
2025-01-23,INFOSYS,INFY,INFY.NS,36.58,2918.27,81.41,1,2978.29,60.02,2.06,1.4,offline,"Offline insight: INFOSYS ADR-implied price is at a 2.06% premium to its NSE close, consistent with overnight US trading and FX movement."
2025-01-24,INFOSYS,INFY,INFY.NS,36.99,2966.74,81.44,1,3012.64,45.9,1.55,-3.5,offline,"Offline insight: INFOSYS ADR-implied price is at a 1.55% premium to its NSE close, consistent with overnight US trading and FX movement."
2025-01-27,INFOSYS,INFY,INFY.NS,36.79,2997.53,81.48,1,2997.58,0.05,0.0,0.0,n/a,Normal market alignment.
2025-01-28,INFOSYS,INFY,INFY.NS,36.64,2999.61,81.41,1,2983.4,-16.21,-0.54,0.0,n/a,Normal market alignment.
2025-01-29,INFOSYS,INFY,INFY.NS,36.99,3007.38,81.32,1,3008.35,0.97,0.03,0.0,n/a,Normal market alignment.
2025-01-30,INFOSYS,INFY,INFY.NS,36.1,2909.35,81.37,1,2937.23,27.87,0.96,0.0,n/a,Normal market alignment.
2025-01-31,INFOSYS,INFY,INFY.NS,36.97,3018.54,81.41,1,3010.26,-8.28,-0.27,0.0,n/a,Normal market alignment.
2025-02-03,INFOSYS,INFY,INFY.NS,37.09,3025.53,81.37,1,3017.92,-7.61,-0.25,0.0,n/a,Normal market alignment.
2025-02-04,INFOSYS,INFY,INFY.NS,37.81,3074.46,81.3,1,3074.04,-0.42,-0.01,0.0,n/a,Normal market alignment.
2025-02-05,INFOSYS,INFY,INFY.NS,37.21,3007.61,81.31,1,3025.56,17.95,0.6,0.0,n/a,Normal market alignment.
2025-02-06,INFOSYS,INFY,INFY.NS,36.71,2982.47,81.34,1,2985.98,3.51,0.12,0.0,n/a,Normal market alignment.
2025-02-07,INFOSYS,INFY,INFY.NS,36.08,2967.85,81.42,1,2937.46,-30.39,-1.02,0.0,n/a,Normal market alignment.
2025-02-10,INFOSYS,INFY,INFY.NS,36.23,2955.46,81.44,1,2950.15,-5.31,-0.18,0.0,n/a,Normal market alignment.
2025-02-11,INFOSYS,INFY,INFY.NS,36.27,2933.52,81.42,1,2953.46,19.94,0.68,0.0,n/a,Normal market alignment.
2025-02-12,INFOSYS,INFY,INFY.NS,36.03,2922.29,81.39,1,2932.52,10.23,0.35,0.0,n/a,Normal market alignment.
2025-02-13,INFOSYS,INFY,INFY.NS,35.49,2874.65,81.39,1,2888.84,14.19,0.49,0.0,n/a,Normal market alignment.
2025-02-14,INFOSYS,INFY,INFY.NS,34.83,2835.46,81.38,1,2834.44,-1.02,-0.04,0.0,n/a,Normal market alignment.
2025-02-17,INFOSYS,INFY,INFY.NS,34.81,2849.34,81.34,1,2831.85,-17.48,-0.61,0.0,n/a,Normal market alignment.
2025-02-18,INFOSYS,INFY,INFY.NS,34.58,2805.96,81.42,1,2815.79,9.83,0.35,0.0,n/a,Normal market alignment.
2025-02-19,INFOSYS,INFY,INFY.NS,34.24,2776.79,81.5,1,2790.16,13.37,0.48,0.0,n/a,Normal market alignment.
2025-02-20,INFOSYS,INFY,INFY.NS,35.04,2839.42,81.54,1,2857.37,17.95,0.63,0.0,n/a,Normal market alignment.
2025-02-21,INFOSYS,INFY,INFY.NS,35.01,2813.2,81.51,1,2853.45,40.25,1.43,0.0,n/a,Normal market alignment.
2025-02-24,INFOSYS,INFY,INFY.NS,35.69,2906.43,81.54,1,2909.92,3.49,0.12,0.0,n/a,Normal market alignment.
2025-02-25,INFOSYS,INFY,INFY.NS,35.41,2897.57,81.57,1,2888.46,-9.11,-0.31,0.0,n/a,Normal market alignment.
2025-02-26,INFOSYS,INFY,INFY.NS,35.55,2902.86,81.59,1,2900.59,-2.27,-0.08,0.0,n/a,Normal market alignment.
2025-02-27,INFOSYS,INFY,INFY.NS,35.53,2913.74,81.64,1,2900.86,-12.87,-0.44,0.0,n/a,Normal market alignment.
2025-02-28,INFOSYS,INFY,INFY.NS,34.64,2820.79,81.67,1,2828.78,7.99,0.28,0.0,n/a,Normal market alignment.
2025-03-03,INFOSYS,INFY,INFY.NS,35.39,2890.2,81.7,1,2891.32,1.12,0.04,0.0,n/a,Normal market alignment.
2025-03-04,INFOSYS,INFY,INFY.NS,35.33,2906.78,81.72,1,2887.26,-19.52,-0.67,0.0,n/a,Normal market alignment.
2025-03-05,INFOSYS,INFY,INFY.NS,35.74,2931.44,81.74,1,2920.97,-10.46,-0.36,0.0,n/a,Normal market alignment.
2025-03-06,INFOSYS,INFY,INFY.NS,35.34,2889.16,81.67,1,2886.41,-2.74,-0.09,0.0,n/a,Normal market alignment.
2025-03-07,INFOSYS,INFY,INFY.NS,35.27,2863.19,81.67,1,2880.3,17.1,0.6,0.0,n/a,Normal market alignment.
2025-03-10,INFOSYS,INFY,INFY.NS,34.82,2825.07,81.65,1,2842.97,17.9,0.63,0.0,n/a,Normal market alignment.
2025-03-11,INFOSYS,INFY,INFY.NS,35.48,2874.54,81.6,1,2894.75,20.21,0.7,0.0,n/a,Normal market alignment.
2025-03-12,INFOSYS,INFY,INFY.NS,35.65,2892.89,81.67,1,2911.57,18.69,0.65,0.0,n/a,Normal market alignment.
2025-03-13,INFOSYS,INFY,INFY.NS,35.86,2923.51,81.74,1,2930.99,7.48,0.26,0.0,n/a,Normal market alignment.
2025-03-14,INFOSYS,INFY,INFY.NS,36.6,3004.06,81.79,1,2993.61,-10.45,-0.35,0.0,n/a,Normal market alignment.
2025-03-17,INFOSYS,INFY,INFY.NS,37.25,3047.05,81.8,1,3046.85,-0.2,-0.01,0.0,n/a,Normal market alignment.
2025-03-18,INFOSYS,INFY,INFY.NS,37.68,3092.15,81.86,1,3084.82,-7.33,-0.24,0.0,n/a,Normal market alignment.
2025-03-19,INFOSYS,INFY,INFY.NS,36.89,2988.91,81.86,1,3020.01,31.1,1.04,0.0,n/a,Normal market alignment.
2025-03-20,INFOSYS,INFY,INFY.NS,36.52,2943.7,81.87,1,2989.74,46.04,1.56,-4.8,offline,"Offline insight: INFOSYS ADR-implied price is at a 1.56% premium to its NSE close, consistent with overnight US trading and FX movement."
2025-03-21,INFOSYS,INFY,INFY.NS,35.98,2903.96,81.83,1,2944.07,40.11,1.38,0.0,n/a,Normal market alignment.
2025-03-24,INFOSYS,INFY,INFY.NS,36.38,2945.49,81.84,1,2977.7,32.22,1.09,0.0,n/a,Normal market alignment.
2025-03-25,INFOSYS,INFY,INFY.NS,36.49,2968.69,81.85,1,2986.34,17.65,0.59,0.0,n/a,Normal market alignment.
2025-03-26,INFOSYS,INFY,INFY.NS,35.74,2938.58,81.8,1,2923.12,-15.46,-0.53,0.0,n/a,Normal market alignment.
2025-03-27,INFOSYS,INFY,INFY.NS,35.65,2929.36,81.8,1,2915.69,-13.68,-0.47,0.0,n/a,Normal market alignment.
2025-03-28,INFOSYS,INFY,INFY.NS,34.86,2857.11,81.79,1,2851.14,-5.98,-0.21,0.0,n/a,Normal market alignment.
2025-03-31,INFOSYS,INFY,INFY.NS,34.84,2851.26,81.87,1,2852.26,1.0,0.04,0.0,n/a,Normal market alignment.
2025-04-01,INFOSYS,INFY,INFY.NS,33.99,2773.84,81.9,1,2783.54,9.7,0.35,0.0,n/a,Normal market alignment.
2025-04-02,INFOSYS,INFY,INFY.NS,34.27,2782.72,81.9,1,2806.51,23.79,0.85,0.0,n/a,Normal market alignment.
2025-04-03,INFOSYS,INFY,INFY.NS,34.47,2822.84,81.92,1,2823.64,0.8,0.03,0.0,n/a,Normal market alignment.
2025-04-04,INFOSYS,INFY,INFY.NS,35.47,2918.85,81.92,1,2905.39,-13.46,-0.46,0.0,n/a,Normal market alignment.
2025-04-07,INFOSYS,INFY,INFY.NS,35.93,2921.37,81.91,1,2942.96,21.59,0.74,0.0,n/a,Normal market alignment.
2025-04-08,INFOSYS,INFY,INFY.NS,35.71,2895.2,81.87,1,2923.66,28.46,0.98,0.0,n/a,Normal market alignment.
2025-04-09,INFOSYS,INFY,INFY.NS,36.16,2950.9,81.86,1,2960.24,9.33,0.32,0.0,n/a,Normal market alignment.
2025-04-10,INFOSYS,INFY,INFY.NS,35.41,2894.72,81.83,1,2898.04,3.32,0.11,0.0,n/a,Normal market alignment.
2025-04-11,INFOSYS,INFY,INFY.NS,34.91,2855.45,81.79,1,2855.36,-0.09,-0.0,0.0,n/a,Normal market alignment.
2025-04-14,INFOSYS,INFY,INFY.NS,35.1,2870.66,81.81,1,2871.24,0.58,0.02,0.0,n/a,Normal market alignment.
2025-04-15,INFOSYS,INFY,INFY.NS,33.97,2770.21,81.82,1,2779.71,9.5,0.34,0.0,n/a,Normal market alignment.
2025-04-16,INFOSYS,INFY,INFY.NS,33.96,2722.69,81.75,1,2776.6,53.92,1.98,0.5,offline,"Offline insight: INFOSYS ADR-implied price is at a 1.98% premium to its NSE close, consistent with overnight US trading and FX movement."
2025-04-17,INFOSYS,INFY,INFY.NS,33.45,2699.16,81.75,1,2734.81,35.66,1.32,0.0,n/a,Normal market alignment.
2025-04-18,INFOSYS,INFY,INFY.NS,33.51,2707.14,81.79,1,2741.16,34.01,1.26,0.0,n/a,Normal market alignment.
2025-04-21,INFOSYS,INFY,INFY.NS,32.98,2710.66,81.83,1,2699.1,-11.57,-0.43,0.0,n/a,Normal market alignment.
2025-04-22,INFOSYS,INFY,INFY.NS,33.2,2734.76,81.88,1,2718.48,-16.28,-0.6,0.0,n/a,Normal market alignment.
2025-04-23,INFOSYS,INFY,INFY.NS,33.22,2706.56,81.88,1,2720.17,13.61,0.5,0.0,n/a,Normal market alignment.
2025-04-24,INFOSYS,INFY,INFY.NS,33.93,2760.9,81.85,1,2777.01,16.11,0.58,0.0,n/a,Normal market alignment.
2025-04-25,INFOSYS,INFY,INFY.NS,33.94,2854.39,81.8,1,2776.68,-77.71,-2.72,2.7,offline,"Offline insight: INFOSYS ADR-implied price is at a 2.72% discount to its NSE close, consistent with overnight US trading and FX movement."
2025-04-28,INFOSYS,INFY,INFY.NS,33.56,2778.27,81.82,1,2746.0,-32.27,-1.16,0.0,n/a,Normal market alignment.
2025-04-29,INFOSYS,INFY,INFY.NS,33.45,2719.63,81.83,1,2737.19,17.56,0.65,0.0,n/a,Normal market alignment.
2025-04-30,INFOSYS,INFY,INFY.NS,32.78,2711.93,81.89,1,2684.55,-27.38,-1.01,0.0,n/a,Normal market alignment.
2025-05-01,INFOSYS,INFY,INFY.NS,32.99,2690.87,81.93,1,2703.19,12.32,0.46,0.0,n/a,Normal market alignment.
2025-05-02,INFOSYS,INFY,INFY.NS,33.3,2773.98,81.93,1,2727.78,-46.21,-1.67,-4.3,offline,"Offline insight: INFOSYS ADR-implied price is at a 1.67% discount to its NSE close, consistent with overnight US trading and FX movement."
2025-05-05,INFOSYS,INFY,INFY.NS,34.54,2837.67,81.88,1,2827.94,-9.73,-0.34,0.0,n/a,Normal market alignment.
2025-05-06,INFOSYS,INFY,INFY.NS,34.23,2807.95,81.87,1,2802.01,-5.95,-0.21,0.0,n/a,Normal market alignment.
2025-05-07,INFOSYS,INFY,INFY.NS,34.1,2842.29,81.88,1,2791.92,-50.37,-1.77,-0.9,offline,"Offline insight: INFOSYS ADR-implied price is at a 1.77% discount to its NSE close, consistent with overnight US trading and FX movement."
2025-05-08,INFOSYS,INFY,INFY.NS,33.82,2789.36,81.87,1,2768.41,-20.95,-0.75,0.0,n/a,Normal market alignment.
2025-05-09,INFOSYS,INFY,INFY.NS,33.93,2767.47,81.85,1,2777.3,9.83,0.36,0.0,n/a,Normal market alignment.
2025-05-12,INFOSYS,INFY,INFY.NS,34.14,2781.4,81.86,1,2794.41,13.01,0.47,0.0,n/a,Normal market alignment.
2025-05-13,INFOSYS,INFY,INFY.NS,34.12,2773.22,81.84,1,2792.36,19.14,0.69,0.0,n/a,Normal market alignment.
2025-05-14,INFOSYS,INFY,INFY.NS,34.69,2834.29,81.81,1,2837.86,3.57,0.13,0.0,n/a,Normal market alignment.
2025-05-15,INFOSYS,INFY,INFY.NS,34.38,2847.87,81.83,1,2812.91,-34.96,-1.23,0.0,n/a,Normal market alignment.
2025-05-16,INFOSYS,INFY,INFY.NS,34.89,2862.06,81.81,1,2854.84,-7.22,-0.25,0.0,n/a,Normal market alignment.
2025-05-19,INFOSYS,INFY,INFY.NS,35.19,2848.56,81.82,1,2879.13,30.58,1.07,0.0,n/a,Normal market alignment.
2025-05-20,INFOSYS,INFY,INFY.NS,35.19,2839.16,81.84,1,2879.9,40.74,1.43,0.0,n/a,Normal market alignment.
2025-05-21,INFOSYS,INFY,INFY.NS,35.04,2880.88,81.79,1,2865.6,-15.29,-0.53,0.0,n/a,Normal market alignment.
2025-05-22,INFOSYS,INFY,INFY.NS,36.32,3011.63,81.77,1,2970.1,-41.52,-1.38,0.0,n/a,Normal market alignment.
2025-05-23,INFOSYS,INFY,INFY.NS,35.89,2978.98,81.83,1,2936.69,-42.29,-1.42,0.0,n/a,Normal market alignment.
2025-05-26,INFOSYS,INFY,INFY.NS,36.06,3008.22,81.79,1,2949.06,-59.16,-1.97,-0.8,offline,"Offline insight: INFOSYS ADR-implied price is at a 1.97% discount to its NSE close, consistent with overnight US trading and FX movement."
2025-05-27,INFOSYS,INFY,INFY.NS,35.66,2947.64,81.7,1,2913.77,-33.87,-1.15,0.0,n/a,Normal market alignment.
2025-05-28,INFOSYS,INFY,INFY.NS,36.63,3002.43,81.63,1,2990.0,-12.43,-0.41,0.0,n/a,Normal market alignment.
2025-05-29,INFOSYS,INFY,INFY.NS,37.13,3069.1,81.63,1,3030.75,-38.35,-1.25,0.0,n/a,Normal market alignment.
2025-05-30,INFOSYS,INFY,INFY.NS,36.76,3007.09,81.63,1,3000.9,-6.19,-0.21,0.0,n/a,Normal market alignment.
2025-06-02,INFOSYS,INFY,INFY.NS,37.05,3015.77,81.63,1,3024.74,8.97,0.3,0.0,n/a,Normal market alignment.
2025-06-03,INFOSYS,INFY,INFY.NS,37.21,3045.44,81.68,1,3039.18,-6.25,-0.21,0.0,n/a,Normal market alignment.
2025-06-04,INFOSYS,INFY,INFY.NS,36.93,3020.0,81.57,1,3012.63,-7.37,-0.24,0.0,n/a,Normal market alignment.
2025-06-05,INFOSYS,INFY,INFY.NS,37.36,3095.2,81.59,1,3048.43,-46.78,-1.51,-4.0,offline,"Offline insight: INFOSYS ADR-implied price is at a 1.51% discount to its NSE close, consistent with overnight US trading and FX movement."
2025-06-06,INFOSYS,INFY,INFY.NS,37.59,3104.9,81.65,1,3069.53,-35.37,-1.14,0.0,n/a,Normal market alignment.
2025-06-09,INFOSYS,INFY,INFY.NS,37.72,3099.74,81.61,1,3078.72,-21.03,-0.68,0.0,n/a,Normal market alignment.
2025-06-10,INFOSYS,INFY,INFY.NS,37.71,3086.08,81.6,1,3077.17,-8.92,-0.29,0.0,n/a,Normal market alignment.
2025-06-11,INFOSYS,INFY,INFY.NS,37.97,3094.04,81.57,1,3096.88,2.84,0.09,0.0,n/a,Normal market alignment.
2025-06-12,INFOSYS,INFY,INFY.NS,38.11,3100.13,81.53,1,3107.14,7.01,0.23,0.0,n/a,Normal market alignment.
2025-06-13,INFOSYS,INFY,INFY.NS,38.15,3111.9,81.52,1,3110.37,-1.54,-0.05,0.0,n/a,Normal market alignment.
2025-06-16,INFOSYS,INFY,INFY.NS,37.8,3078.34,81.58,1,3083.59,5.25,0.17,0.0,n/a,Normal market alignment.
2025-06-17,INFOSYS,INFY,INFY.NS,38.77,3140.5,81.65,1,3165.75,25.24,0.8,0.0,n/a,Normal market alignment.
2025-06-18,INFOSYS,INFY,INFY.NS,38.17,3103.45,81.64,1,3116.34,12.89,0.42,0.0,n/a,Normal market alignment.
2025-06-19,INFOSYS,INFY,INFY.NS,38.43,3125.49,81.72,1,3140.23,14.74,0.47,0.0,n/a,Normal market alignment.
2025-06-20,INFOSYS,INFY,INFY.NS,38.26,3121.42,81.72,1,3126.18,4.76,0.15,0.0,n/a,Normal market alignment.
2025-06-23,INFOSYS,INFY,INFY.NS,39.28,3224.07,81.79,1,3212.43,-11.64,-0.36,0.0,n/a,Normal market alignment.
2025-06-24,INFOSYS,INFY,INFY.NS,38.76,3165.02,81.79,1,3169.75,4.73,0.15,0.0,n/a,Normal market alignment.
2025-06-25,INFOSYS,INFY,INFY.NS,38.34,3145.39,81.79,1,3135.98,-9.41,-0.3,0.0,n/a,Normal market alignment.
2025-06-26,INFOSYS,INFY,INFY.NS,37.79,3089.08,81.81,1,3091.89,2.81,0.09,0.0,n/a,Normal market alignment.
2025-06-27,INFOSYS,INFY,INFY.NS,37.99,3110.38,81.94,1,3112.69,2.31,0.07,0.0,n/a,Normal market alignment.
2025-06-30,INFOSYS,INFY,INFY.NS,37.22,3055.96,81.97,1,3050.82,-5.14,-0.17,0.0,n/a,Normal market alignment.
2025-07-01,INFOSYS,INFY,INFY.NS,36.96,3038.87,81.95,1,3028.83,-10.05,-0.33,0.0,n/a,Normal market alignment.
2025-07-02,INFOSYS,INFY,INFY.NS,35.78,2949.71,81.99,1,2933.37,-16.34,-0.55,0.0,n/a,Normal market alignment.
2025-07-03,INFOSYS,INFY,INFY.NS,35.92,2988.71,81.97,1,2944.34,-44.37,-1.48,0.0,n/a,Normal market alignment.
2025-07-04,INFOSYS,INFY,INFY.NS,35.66,2940.78,81.95,1,2922.47,-18.31,-0.62,0.0,n/a,Normal market alignment.
2025-07-07,INFOSYS,INFY,INFY.NS,34.88,2865.48,81.99,1,2859.42,-6.06,-0.21,0.0,n/a,Normal market alignment.
2025-07-08,INFOSYS,INFY,INFY.NS,35.45,2893.38,81.99,1,2906.92,13.54,0.47,0.0,n/a,Normal market alignment.
2025-07-09,INFOSYS,INFY,INFY.NS,34.77,2853.8,82.0,1,2851.2,-2.61,-0.09,0.0,n/a,Normal market alignment.
2025-07-10,INFOSYS,INFY,INFY.NS,35.19,2849.94,82.01,1,2886.19,36.25,1.27,0.0,n/a,Normal market alignment.
2025-07-11,INFOSYS,INFY,INFY.NS,34.84,2843.07,82.02,1,2857.21,14.14,0.5,0.0,n/a,Normal market alignment.
2025-07-14,INFOSYS,INFY,INFY.NS,35.68,2936.57,82.04,1,2927.35,-9.23,-0.31,0.0,n/a,Normal market alignment.
2025-07-15,INFOSYS,INFY,INFY.NS,36.09,2984.77,81.96,1,2958.38,-26.39,-0.88,0.0,n/a,Normal market alignment.
2025-07-16,INFOSYS,INFY,INFY.NS,35.56,2967.27,81.99,1,2915.52,-51.75,-1.74,0.9,offline,"Offline insight: INFOSYS ADR-implied price is at a 1.74% discount to its NSE close, consistent with overnight US trading and FX movement."
2025-07-17,INFOSYS,INFY,INFY.NS,35.08,2874.19,81.95,1,2874.94,0.76,0.03,0.0,n/a,Normal market alignment.
2025-07-18,INFOSYS,INFY,INFY.NS,35.41,2871.89,81.9,1,2899.91,28.02,0.98,0.0,n/a,Normal market alignment.
2025-07-21,INFOSYS,INFY,INFY.NS,35.28,2860.55,81.89,1,2889.32,28.77,1.01,0.0,n/a,Normal market alignment.
2025-07-22,INFOSYS,INFY,INFY.NS,35.2,2883.69,81.9,1,2883.0,-0.68,-0.02,0.0,n/a,Normal market alignment.
2025-07-23,INFOSYS,INFY,INFY.NS,35.88,2901.55,81.87,1,2937.93,36.37,1.25,0.0,n/a,Normal market alignment.
2025-07-24,INFOSYS,INFY,INFY.NS,35.49,2892.39,81.91,1,2907.03,14.63,0.51,0.0,n/a,Normal market alignment.
2025-07-25,INFOSYS,INFY,INFY.NS,35.55,2906.66,81.85,1,2910.01,3.35,0.12,0.0,n/a,Normal market alignment.
2025-07-28,INFOSYS,INFY,INFY.NS,36.07,2920.6,81.84,1,2952.0,31.4,1.08,0.0,n/a,Normal market alignment.
2025-07-29,INFOSYS,INFY,INFY.NS,36.52,2955.2,81.82,1,2987.89,32.7,1.11,0.0,n/a,Normal market alignment.
2025-07-30,INFOSYS,INFY,INFY.NS,36.44,2917.29,81.81,1,2981.61,64.31,2.2,-5.0,offline,"Offline insight: INFOSYS ADR-implied price is at a 2.20% premium to its NSE close, consistent with overnight US trading and FX movement."
2025-07-31,INFOSYS,INFY,INFY.NS,36.3,2926.22,81.83,1,2970.02,43.8,1.5,0.0,n/a,Normal market alignment.
2025-08-01,INFOSYS,INFY,INFY.NS,35.36,2874.23,81.79,1,2892.06,17.83,0.62,0.0,n/a,Normal market alignment.
2025-08-04,INFOSYS,INFY,INFY.NS,34.81,2849.75,81.82,1,2848.15,-1.6,-0.06,0.0,n/a,Normal market alignment.
2025-08-05,INFOSYS,INFY,INFY.NS,34.99,2901.21,81.82,1,2862.73,-38.49,-1.33,0.0,n/a,Normal market alignment.
2025-08-06,INFOSYS,INFY,INFY.NS,34.93,2883.63,81.75,1,2855.06,-28.58,-0.99,0.0,n/a,Normal market alignment.
2025-08-07,INFOSYS,INFY,INFY.NS,34.98,2850.53,81.67,1,2856.42,5.89,0.21,0.0,n/a,Normal market alignment.
2025-08-08,INFOSYS,INFY,INFY.NS,35.53,2886.14,81.67,1,2901.82,15.68,0.54,0.0,n/a,Normal market alignment.
2025-08-11,INFOSYS,INFY,INFY.NS,34.91,2841.07,81.66,1,2850.73,9.66,0.34,0.0,n/a,Normal market alignment.
2025-08-12,INFOSYS,INFY,INFY.NS,34.8,2855.44,81.66,1,2841.38,-14.06,-0.49,0.0,n/a,Normal market alignment.
2025-08-13,INFOSYS,INFY,INFY.NS,34.9,2854.17,81.66,1,2850.27,-3.9,-0.14,0.0,n/a,Normal market alignment.
2025-08-14,INFOSYS,INFY,INFY.NS,34.55,2803.79,81.67,1,2821.37,17.58,0.63,0.0,n/a,Normal market alignment.
2025-08-15,INFOSYS,INFY,INFY.NS,35.3,2864.75,81.71,1,2884.17,19.41,0.68,0.0,n/a,Normal market alignment.
2025-08-18,INFOSYS,INFY,INFY.NS,35.79,2907.57,81.66,1,2922.79,15.22,0.52,0.0,n/a,Normal market alignment.
2025-08-19,INFOSYS,INFY,INFY.NS,35.96,2941.91,81.62,1,2934.73,-7.17,-0.24,0.0,n/a,Normal market alignment.
2025-08-20,INFOSYS,INFY,INFY.NS,36.94,2999.2,81.58,1,3013.02,13.82,0.46,0.0,n/a,Normal market alignment.
2025-08-21,INFOSYS,INFY,INFY.NS,36.12,3004.19,81.59,1,2946.63,-57.56,-1.92,0.1,offline,"Offline insight: INFOSYS ADR-implied price is at a 1.92% discount to its NSE close, consistent with overnight US trading and FX movement."
2025-08-22,INFOSYS,INFY,INFY.NS,36.12,2975.24,81.64,1,2949.01,-26.23,-0.88,0.0,n/a,Normal market alignment.
2025-08-25,INFOSYS,INFY,INFY.NS,36.33,2928.31,81.62,1,2965.51,37.2,1.27,0.0,n/a,Normal market alignment.
2025-08-26,INFOSYS,INFY,INFY.NS,35.84,2930.77,81.52,1,2922.17,-8.61,-0.29,0.0,n/a,Normal market alignment.
2025-08-27,INFOSYS,INFY,INFY.NS,36.02,2943.97,81.46,1,2933.81,-10.16,-0.35,0.0,n/a,Normal market alignment.
2025-08-28,INFOSYS,INFY,INFY.NS,35.43,2890.99,81.42,1,2884.84,-6.15,-0.21,0.0,n/a,Normal market alignment.
2025-08-29,INFOSYS,INFY,INFY.NS,35.81,2928.05,81.4,1,2914.83,-13.22,-0.45,0.0,n/a,Normal market alignment.
2025-09-01,INFOSYS,INFY,INFY.NS,36.39,2947.99,81.39,1,2961.4,13.4,0.45,0.0,n/a,Normal market alignment.
2025-09-02,INFOSYS,INFY,INFY.NS,36.55,2956.63,81.39,1,2974.47,17.84,0.6,0.0,n/a,Normal market alignment.
2025-09-03,INFOSYS,INFY,INFY.NS,35.54,2878.8,81.38,1,2892.29,13.49,0.47,0.0,n/a,Normal market alignment.
2025-09-04,INFOSYS,INFY,INFY.NS,35.04,2828.98,81.42,1,2852.72,23.74,0.84,0.0,n/a,Normal market alignment.
2025-09-05,INFOSYS,INFY,INFY.NS,35.34,2862.07,81.39,1,2876.82,14.75,0.52,0.0,n/a,Normal market alignment.
2025-09-08,INFOSYS,INFY,INFY.NS,35.37,2806.27,81.36,1,2877.42,71.14,2.54,-5.4,offline,"Offline insight: INFOSYS ADR-implied price is at a 2.54% premium to its NSE close, consistent with overnight US trading and FX movement."
2025-09-09,INFOSYS,INFY,INFY.NS,33.95,2718.46,81.38,1,2762.69,44.23,1.63,-0.2,offline,"Offline insight: INFOSYS ADR-implied price is at a 1.63% premium to its NSE close, consistent with overnight US trading and FX movement."
2025-09-10,INFOSYS,INFY,INFY.NS,34.59,2781.97,81.32,1,2812.93,30.96,1.11,0.0,n/a,Normal market alignment.
2025-09-11,INFOSYS,INFY,INFY.NS,34.67,2835.13,81.34,1,2820.11,-15.01,-0.53,0.0,n/a,Normal market alignment.
2025-09-12,INFOSYS,INFY,INFY.NS,34.26,2806.08,81.34,1,2786.49,-19.59,-0.7,0.0,n/a,Normal market alignment.
2025-09-15,INFOSYS,INFY,INFY.NS,34.78,2817.91,81.34,1,2828.74,10.83,0.38,0.0,n/a,Normal market alignment.
2025-09-16,INFOSYS,INFY,INFY.NS,34.43,2822.94,81.4,1,2803.06,-19.88,-0.7,0.0,n/a,Normal market alignment.
2025-09-17,INFOSYS,INFY,INFY.NS,34.09,2828.82,81.38,1,2774.14,-54.68,-1.93,-2.6,offline,"Offline insight: INFOSYS ADR-implied price is at a 1.93% discount to its NSE close, consistent with overnight US trading and FX movement."
2025-09-18,INFOSYS,INFY,INFY.NS,34.28,2824.87,81.46,1,2792.74,-32.12,-1.14,0.0,n/a,Normal market alignment.
2025-09-19,INFOSYS,INFY,INFY.NS,35.21,2859.98,81.45,1,2867.91,7.93,0.28,0.0,n/a,Normal market alignment.
2025-09-22,INFOSYS,INFY,INFY.NS,36.08,2931.06,81.4,1,2936.81,5.75,0.2,0.0,n/a,Normal market alignment.
2025-09-23,INFOSYS,INFY,INFY.NS,36.28,2957.15,81.41,1,2953.67,-3.48,-0.12,0.0,n/a,Normal market alignment.
2025-09-24,INFOSYS,INFY,INFY.NS,36.54,3014.86,81.37,1,2973.51,-41.35,-1.37,0.0,n/a,Normal market alignment.
2025-09-25,INFOSYS,INFY,INFY.NS,36.99,3023.94,81.34,1,3008.63,-15.31,-0.51,0.0,n/a,Normal market alignment.
2025-09-26,INFOSYS,INFY,INFY.NS,36.3,2948.73,81.35,1,2953.42,4.69,0.16,0.0,n/a,Normal market alignment.
2025-09-29,INFOSYS,INFY,INFY.NS,36.67,3018.46,81.38,1,2983.69,-34.77,-1.15,0.0,n/a,Normal market alignment.
2025-09-30,INFOSYS,INFY,INFY.NS,36.27,2947.83,81.35,1,2950.86,3.04,0.1,0.0,n/a,Normal market alignment.
2025-10-01,INFOSYS,INFY,INFY.NS,36.46,2949.69,81.39,1,2967.32,17.63,0.6,0.0,n/a,Normal market alignment.
2025-10-02,INFOSYS,INFY,INFY.NS,36.34,2926.12,81.44,1,2959.81,33.69,1.15,0.0,n/a,Normal market alignment.
2025-10-03,INFOSYS,INFY,INFY.NS,36.63,2952.63,81.5,1,2985.09,32.46,1.1,0.0,n/a,Normal market alignment.
2025-10-06,INFOSYS,INFY,INFY.NS,36.7,2959.03,81.52,1,2992.09,33.06,1.12,0.0,n/a,Normal market alignment.
2025-10-07,INFOSYS,INFY,INFY.NS,35.02,2827.75,81.58,1,2857.01,29.26,1.03,0.0,n/a,Normal market alignment.
2025-10-08,INFOSYS,INFY,INFY.NS,35.13,2828.17,81.5,1,2862.92,34.75,1.23,0.0,n/a,Normal market alignment.
2025-10-09,INFOSYS,INFY,INFY.NS,35.48,2906.52,81.49,1,2890.94,-15.57,-0.54,0.0,n/a,Normal market alignment.
2025-10-10,INFOSYS,INFY,INFY.NS,35.72,2950.43,81.46,1,2909.95,-40.49,-1.37,0.0,n/a,Normal market alignment.
2025-10-13,INFOSYS,INFY,INFY.NS,35.68,2945.98,81.46,1,2906.55,-39.43,-1.34,0.0,n/a,Normal market alignment.
2025-10-14,INFOSYS,INFY,INFY.NS,36.57,3005.08,81.44,1,2978.21,-26.87,-0.89,0.0,n/a,Normal market alignment.
2025-10-15,INFOSYS,INFY,INFY.NS,36.75,3000.75,81.44,1,2992.81,-7.94,-0.26,0.0,n/a,Normal market alignment.
2025-10-16,INFOSYS,INFY,INFY.NS,37.0,3014.12,81.51,1,3016.18,2.06,0.07,0.0,n/a,Normal market alignment.
2025-10-17,INFOSYS,INFY,INFY.NS,37.59,3039.11,81.51,1,3064.12,25.01,0.82,0.0,n/a,Normal market alignment.
2025-10-20,INFOSYS,INFY,INFY.NS,37.81,3042.88,81.52,1,3082.37,39.49,1.3,0.0,n/a,Normal market alignment.
2025-10-21,INFOSYS,INFY,INFY.NS,37.31,3036.36,81.52,1,3041.47,5.1,0.17,0.0,n/a,Normal market alignment.
2025-10-22,INFOSYS,INFY,INFY.NS,35.96,2923.45,81.52,1,2931.28,7.83,0.27,0.0,n/a,Normal market alignment.
2025-10-23,INFOSYS,INFY,INFY.NS,35.71,2923.88,81.52,1,2911.23,-12.65,-0.43,0.0,n/a,Normal market alignment.
2025-10-24,INFOSYS,INFY,INFY.NS,36.13,2957.59,81.54,1,2946.01,-11.58,-0.39,0.0,n/a,Normal market alignment.
2025-10-27,INFOSYS,INFY,INFY.NS,35.95,2933.29,81.59,1,2933.0,-0.28,-0.01,0.0,n/a,Normal market alignment.
2025-10-28,INFOSYS,INFY,INFY.NS,36.39,3044.38,81.65,1,2971.57,-72.82,-2.39,-0.7,offline,"Offline insight: INFOSYS ADR-implied price is at a 2.39% discount to its NSE close, consistent with overnight US trading and FX movement."
2025-10-29,INFOSYS,INFY,INFY.NS,36.48,2972.06,81.67,1,2979.58,7.51,0.25,0.0,n/a,Normal market alignment.
2025-10-30,INFOSYS,INFY,INFY.NS,37.2,3022.39,81.69,1,3038.95,16.57,0.55,0.0,n/a,Normal market alignment.
2025-10-31,INFOSYS,INFY,INFY.NS,37.05,3027.41,81.65,1,3024.74,-2.67,-0.09,0.0,n/a,Normal market alignment.
2025-11-03,INFOSYS,INFY,INFY.NS,37.32,3007.78,81.64,1,3046.77,38.99,1.3,0.0,n/a,Normal market alignment.
2025-11-04,INFOSYS,INFY,INFY.NS,37.61,3055.92,81.68,1,3072.25,16.34,0.53,0.0,n/a,Normal market alignment.
2025-11-05,INFOSYS,INFY,INFY.NS,38.47,3130.8,81.72,1,3143.75,12.95,0.41,0.0,n/a,Normal market alignment.
2025-11-06,INFOSYS,INFY,INFY.NS,37.5,3067.41,81.73,1,3064.57,-2.85,-0.09,0.0,n/a,Normal market alignment.
2025-11-07,INFOSYS,INFY,INFY.NS,37.25,3012.61,81.76,1,3045.77,33.16,1.1,0.0,n/a,Normal market alignment.
2025-11-10,INFOSYS,INFY,INFY.NS,37.74,3068.22,81.79,1,3086.23,18.01,0.59,0.0,n/a,Normal market alignment.
2025-11-11,INFOSYS,INFY,INFY.NS,38.62,3146.24,81.83,1,3160.61,14.37,0.46,0.0,n/a,Normal market alignment.
2025-11-12,INFOSYS,INFY,INFY.NS,38.77,3138.38,81.85,1,3173.43,35.05,1.12,0.0,n/a,Normal market alignment.
2025-11-13,INFOSYS,INFY,INFY.NS,38.61,3126.19,81.83,1,3159.94,33.75,1.08,0.0,n/a,Normal market alignment.
2025-11-14,INFOSYS,INFY,INFY.NS,39.06,3177.96,81.85,1,3197.34,19.38,0.61,0.0,n/a,Normal market alignment.
2025-11-17,INFOSYS,INFY,INFY.NS,39.59,3198.79,81.73,1,3235.36,36.57,1.14,0.0,n/a,Normal market alignment.
2025-11-18,INFOSYS,INFY,INFY.NS,39.38,3142.13,81.75,1,3219.52,77.38,2.46,-0.9,offline,"Offline insight: INFOSYS ADR-implied price is at a 2.46% premium to its NSE close, consistent with overnight US trading and FX movement."
2025-11-19,INFOSYS,INFY,INFY.NS,39.59,3176.7,81.6,1,3230.7,54.0,1.7,5.7,offline,"Offline insight: INFOSYS ADR-implied price is at a 1.70% premium to its NSE close, consistent with overnight US trading and FX movement."
2025-11-20,INFOSYS,INFY,INFY.NS,40.3,3250.33,81.54,1,3286.14,35.81,1.1,0.0,n/a,Normal market alignment.
2025-11-21,INFOSYS,INFY,INFY.NS,41.46,3354.91,81.55,1,3381.1,26.18,0.78,0.0,n/a,Normal market alignment.
2025-11-24,INFOSYS,INFY,INFY.NS,41.93,3373.87,81.57,1,3420.62,46.75,1.39,0.0,n/a,Normal market alignment.
2025-11-25,INFOSYS,INFY,INFY.NS,41.97,3407.96,81.53,1,3422.0,14.04,0.41,0.0,n/a,Normal market alignment.
2025-11-26,INFOSYS,INFY,INFY.NS,41.95,3417.31,81.5,1,3419.1,1.79,0.05,0.0,n/a,Normal market alignment.
2025-11-27,INFOSYS,INFY,INFY.NS,42.31,3487.51,81.56,1,3451.07,-36.44,-1.04,0.0,n/a,Normal market alignment.
2025-11-28,INFOSYS,INFY,INFY.NS,42.25,3496.23,81.54,1,3445.34,-50.89,-1.46,0.0,n/a,Normal market alignment.
2025-12-01,INFOSYS,INFY,INFY.NS,42.39,3503.32,81.63,1,3460.02,-43.29,-1.24,0.0,n/a,Normal market alignment.
2025-12-02,INFOSYS,INFY,INFY.NS,41.73,3432.99,81.63,1,3406.19,-26.8,-0.78,0.0,n/a,Normal market alignment.
2025-12-03,INFOSYS,INFY,INFY.NS,42.55,3447.68,81.65,1,3474.22,26.55,0.77,0.0,n/a,Normal market alignment.
2025-12-04,INFOSYS,INFY,INFY.NS,41.84,3390.21,81.71,1,3418.59,28.38,0.84,0.0,n/a,Normal market alignment.
2025-12-05,INFOSYS,INFY,INFY.NS,41.58,3402.35,81.72,1,3397.72,-4.63,-0.14,0.0,n/a,Normal market alignment.
2025-12-08,INFOSYS,INFY,INFY.NS,41.65,3422.32,81.68,1,3402.09,-20.24,-0.59,0.0,n/a,Normal market alignment.
2025-12-09,INFOSYS,INFY,INFY.NS,42.91,3483.4,81.68,1,3504.56,21.16,0.61,0.0,n/a,Normal market alignment.
2025-12-10,INFOSYS,INFY,INFY.NS,42.65,3443.67,81.68,1,3483.38,39.71,1.15,0.0,n/a,Normal market alignment.
2025-12-11,INFOSYS,INFY,INFY.NS,42.24,3423.0,81.62,1,3447.36,24.36,0.71,0.0,n/a,Normal market alignment.
2025-12-12,INFOSYS,INFY,INFY.NS,41.9,3415.52,81.61,1,3419.52,4.0,0.12,0.0,n/a,Normal market alignment.
2025-12-15,INFOSYS,INFY,INFY.NS,42.95,3474.6,81.59,1,3504.41,29.8,0.86,0.0,n/a,Normal market alignment.
2025-12-16,INFOSYS,INFY,INFY.NS,41.15,3365.27,81.62,1,3359.19,-6.08,-0.18,0.0,n/a,Normal market alignment.
2025-12-17,INFOSYS,INFY,INFY.NS,40.55,3304.28,81.63,1,3309.77,5.49,0.17,0.0,n/a,Normal market alignment.
2025-12-18,INFOSYS,INFY,INFY.NS,42.22,3388.64,81.62,1,3445.92,57.28,1.69,-0.1,offline,"Offline insight: INFOSYS ADR-implied price is at a 1.69% premium to its NSE close, consistent with overnight US trading and FX movement."
2025-12-19,INFOSYS,INFY,INFY.NS,42.61,3437.55,81.61,1,3477.36,39.81,1.16,0.0,n/a,Normal market alignment.
2025-12-22,INFOSYS,INFY,INFY.NS,41.91,3415.94,81.62,1,3421.13,5.19,0.15,0.0,n/a,Normal market alignment.
2025-12-23,INFOSYS,INFY,INFY.NS,41.9,3408.18,81.65,1,3421.08,12.9,0.38,0.0,n/a,Normal market alignment.
2025-12-24,INFOSYS,INFY,INFY.NS,41.96,3427.43,81.61,1,3423.93,-3.49,-0.1,0.0,n/a,Normal market alignment.
2025-12-25,INFOSYS,INFY,INFY.NS,42.5,3503.02,81.57,1,3466.69,-36.33,-1.04,0.0,n/a,Normal market alignment.
2025-12-26,INFOSYS,INFY,INFY.NS,43.69,3570.05,81.61,1,3565.36,-4.7,-0.13,0.0,n/a,Normal market alignment.
2025-12-29,INFOSYS,INFY,INFY.NS,43.95,3561.47,81.6,1,3586.53,25.06,0.7,0.0,n/a,Normal market alignment.
2025-12-30,INFOSYS,INFY,INFY.NS,43.61,3548.88,81.54,1,3556.13,7.26,0.2,0.0,n/a,Normal market alignment.
2025-12-31,INFOSYS,INFY,INFY.NS,44.14,3605.11,81.56,1,3600.01,-5.1,-0.14,0.0,n/a,Normal market alignment.
2026-01-01,INFOSYS,INFY,INFY.NS,43.69,3591.46,81.58,1,3564.24,-27.22,-0.76,0.0,n/a,Normal market alignment.
2026-01-02,INFOSYS,INFY,INFY.NS,43.03,3527.21,81.52,1,3507.47,-19.74,-0.56,0.0,n/a,Normal market alignment.
2026-01-05,INFOSYS,INFY,INFY.NS,41.9,3441.46,81.53,1,3416.36,-25.1,-0.73,0.0,n/a,Normal market alignment.
2026-01-06,INFOSYS,INFY,INFY.NS,40.93,3377.11,81.56,1,3338.42,-38.68,-1.15,0.0,n/a,Normal market alignment.
2026-01-07,INFOSYS,INFY,INFY.NS,40.39,3274.31,81.58,1,3295.18,20.87,0.64,0.0,n/a,Normal market alignment.
2026-01-08,INFOSYS,INFY,INFY.NS,39.69,3216.2,81.6,1,3239.0,22.8,0.71,0.0,n/a,Normal market alignment.
2026-01-09,INFOSYS,INFY,INFY.NS,39.89,3226.34,81.55,1,3252.99,26.65,0.83,0.0,n/a,Normal market alignment.
2026-01-12,INFOSYS,INFY,INFY.NS,39.18,3160.78,81.56,1,3195.99,35.21,1.11,0.0,n/a,Normal market alignment.
2026-01-13,INFOSYS,INFY,INFY.NS,37.35,3009.47,81.55,1,3045.83,36.36,1.21,0.0,n/a,Normal market alignment.
2026-01-14,INFOSYS,INFY,INFY.NS,36.78,2985.37,81.53,1,2998.38,13.01,0.44,0.0,n/a,Normal market alignment.
2026-01-15,INFOSYS,INFY,INFY.NS,36.53,2965.95,81.57,1,2979.36,13.41,0.45,0.0,n/a,Normal market alignment.
2026-01-16,INFOSYS,INFY,INFY.NS,36.21,2952.93,81.63,1,2955.38,2.45,0.08,0.0,n/a,Normal market alignment.
2026-01-19,INFOSYS,INFY,INFY.NS,37.04,3015.57,81.7,1,3026.32,10.76,0.36,0.0,n/a,Normal market alignment.
2026-01-20,INFOSYS,INFY,INFY.NS,36.71,2987.8,81.75,1,3001.35,13.54,0.45,0.0,n/a,Normal market alignment.
2026-01-21,INFOSYS,INFY,INFY.NS,37.21,3041.66,81.75,1,3041.78,0.12,0.0,0.0,n/a,Normal market alignment.
2026-01-22,INFOSYS,INFY,INFY.NS,37.21,3070.89,81.77,1,3042.39,-28.5,-0.93,0.0,n/a,Normal market alignment.
2026-01-23,INFOSYS,INFY,INFY.NS,37.2,3056.44,81.8,1,3042.55,-13.89,-0.45,0.0,n/a,Normal market alignment.
2026-01-26,INFOSYS,INFY,INFY.NS,36.74,3018.1,81.8,1,3005.55,-12.55,-0.42,0.0,n/a,Normal market alignment.
2026-01-27,INFOSYS,INFY,INFY.NS,36.72,3052.03,81.81,1,3004.03,-48.0,-1.57,4.5,offline,"Offline insight: INFOSYS ADR-implied price is at a 1.57% discount to its NSE close, consistent with overnight US trading and FX movement."
2026-01-28,INFOSYS,INFY,INFY.NS,36.31,2989.27,81.84,1,2971.69,-17.58,-0.59,0.0,n/a,Normal market alignment.
2026-01-29,INFOSYS,INFY,INFY.NS,36.41,2970.52,81.84,1,2980.11,9.59,0.32,0.0,n/a,Normal market alignment.
2026-01-30,INFOSYS,INFY,INFY.NS,36.29,2912.24,81.81,1,2969.42,57.18,1.96,-3.8,offline,"Offline insight: INFOSYS ADR-implied price is at a 1.96% premium to its NSE close, consistent with overnight US trading and FX movement."
2026-02-02,INFOSYS,INFY,INFY.NS,35.79,2901.44,81.8,1,2927.68,26.24,0.9,0.0,n/a,Normal market alignment.
2026-02-03,INFOSYS,INFY,INFY.NS,36.33,2968.16,81.83,1,2973.07,4.91,0.17,0.0,n/a,Normal market alignment.
2026-02-04,INFOSYS,INFY,INFY.NS,36.58,3013.45,81.83,1,2993.04,-20.41,-0.68,0.0,n/a,Normal market alignment.
2026-02-05,INFOSYS,INFY,INFY.NS,36.34,2982.12,81.84,1,2974.36,-7.76,-0.26,0.0,n/a,Normal market alignment.
2026-02-06,INFOSYS,INFY,INFY.NS,36.43,2983.19,81.87,1,2982.75,-0.43,-0.01,0.0,n/a,Normal market alignment.
2026-02-09,INFOSYS,INFY,INFY.NS,36.4,2996.67,81.86,1,2979.39,-17.28,-0.58,0.0,n/a,Normal market alignment.
2026-02-10,INFOSYS,INFY,INFY.NS,35.94,2956.48,81.89,1,2942.63,-13.85,-0.47,0.0,n/a,Normal market alignment.
2026-02-11,INFOSYS,INFY,INFY.NS,35.98,2997.14,81.9,1,2947.21,-49.94,-1.67,-2.1,offline,"Offline insight: INFOSYS ADR-implied price is at a 1.67% discount to its NSE close, consistent with overnight US trading and FX movement."
2026-02-12,INFOSYS,INFY,INFY.NS,35.66,2929.2,81.85,1,2918.91,-10.29,-0.35,0.0,n/a,Normal market alignment.
2026-02-13,INFOSYS,INFY,INFY.NS,35.17,2902.25,81.91,1,2880.48,-21.77,-0.75,0.0,n/a,Normal market alignment.
2026-02-16,INFOSYS,INFY,INFY.NS,34.32,2823.97,81.89,1,2810.57,-13.4,-0.47,0.0,n/a,Normal market alignment.
2026-02-17,INFOSYS,INFY,INFY.NS,34.15,2830.39,81.83,1,2794.07,-36.32,-1.28,0.0,n/a,Normal market alignment.
2026-02-18,INFOSYS,INFY,INFY.NS,34.45,2850.84,81.79,1,2817.27,-33.57,-1.18,0.0,n/a,Normal market alignment.
2026-02-19,INFOSYS,INFY,INFY.NS,34.1,2812.78,81.75,1,2787.4,-25.38,-0.9,0.0,n/a,Normal market alignment.
2026-02-20,INFOSYS,INFY,INFY.NS,35.4,2909.72,81.75,1,2893.74,-15.98,-0.55,0.0,n/a,Normal market alignment.
2026-02-23,INFOSYS,INFY,INFY.NS,35.88,2932.51,81.74,1,2932.69,0.18,0.01,0.0,n/a,Normal market alignment.
2026-02-24,INFOSYS,INFY,INFY.NS,36.59,2960.56,81.73,1,2990.49,29.93,1.01,0.0,n/a,Normal market alignment.
2026-02-25,INFOSYS,INFY,INFY.NS,37.04,2994.49,81.75,1,3028.02,33.53,1.12,0.0,n/a,Normal market alignment.
2026-02-26,INFOSYS,INFY,INFY.NS,38.08,3072.31,81.77,1,3113.64,41.33,1.35,0.0,n/a,Normal market alignment.
2026-02-27,INFOSYS,INFY,INFY.NS,37.64,3023.32,81.78,1,3078.33,55.01,1.82,-5.9,offline,"Offline insight: INFOSYS ADR-implied price is at a 1.82% premium to its NSE close, consistent with overnight US trading and FX movement."
2026-03-02,INFOSYS,INFY,INFY.NS,36.21,2918.15,81.8,1,2961.64,43.49,1.49,0.0,n/a,Normal market alignment.
2026-03-03,INFOSYS,INFY,INFY.NS,35.97,2918.29,81.83,1,2943.63,25.35,0.87,0.0,n/a,Normal market alignment.
2026-03-04,INFOSYS,INFY,INFY.NS,36.29,2930.17,81.74,1,2966.14,35.97,1.23,0.0,n/a,Normal market alignment.
2026-03-05,INFOSYS,INFY,INFY.NS,36.38,2929.7,81.73,1,2973.28,43.58,1.49,0.0,n/a,Normal market alignment.
2026-03-06,INFOSYS,INFY,INFY.NS,36.54,2943.67,81.64,1,2983.31,39.64,1.35,0.0,n/a,Normal market alignment.
2026-03-09,INFOSYS,INFY,INFY.NS,37.28,3049.82,81.64,1,3043.4,-6.41,-0.21,0.0,n/a,Normal market alignment.
2026-03-10,INFOSYS,INFY,INFY.NS,37.5,3083.84,81.65,1,3061.79,-22.06,-0.72,0.0,n/a,Normal market alignment.
2026-03-11,INFOSYS,INFY,INFY.NS,37.96,3120.42,81.69,1,3101.02,-19.39,-0.62,0.0,n/a,Normal market alignment.
2026-03-12,INFOSYS,INFY,INFY.NS,37.44,3054.79,81.74,1,3060.07,5.28,0.17,0.0,n/a,Normal market alignment.
2026-03-13,INFOSYS,INFY,INFY.NS,36.83,3008.37,81.75,1,3011.04,2.67,0.09,0.0,n/a,Normal market alignment.
2026-03-16,INFOSYS,INFY,INFY.NS,37.74,3058.16,81.73,1,3084.13,25.97,0.85,0.0,n/a,Normal market alignment.
2026-03-17,INFOSYS,INFY,INFY.NS,37.81,3046.92,81.75,1,3090.49,43.57,1.43,0.0,n/a,Normal market alignment.
2026-03-18,INFOSYS,INFY,INFY.NS,37.46,3010.67,81.73,1,3061.77,51.11,1.7,-1.1,offline,"Offline insight: INFOSYS ADR-implied price is at a 1.70% premium to its NSE close, consistent with overnight US trading and FX movement."
2026-03-19,INFOSYS,INFY,INFY.NS,37.13,2978.72,81.73,1,3034.19,55.47,1.86,2.4,offline,"Offline insight: INFOSYS ADR-implied price is at a 1.86% premium to its NSE close, consistent with overnight US trading and FX movement."
2026-03-20,INFOSYS,INFY,INFY.NS,36.77,2995.32,81.77,1,3007.04,11.73,0.39,0.0,n/a,Normal market alignment.
2026-03-23,INFOSYS,INFY,INFY.NS,36.39,2958.25,81.75,1,2975.19,16.94,0.57,0.0,n/a,Normal market alignment.
2026-03-24,INFOSYS,INFY,INFY.NS,35.71,2922.39,81.78,1,2920.01,-2.39,-0.08,0.0,n/a,Normal market alignment.
2026-03-25,INFOSYS,INFY,INFY.NS,34.91,2890.93,81.81,1,2856.15,-34.79,-1.2,0.0,n/a,Normal market alignment.
2026-03-26,INFOSYS,INFY,INFY.NS,34.82,2873.89,81.77,1,2847.35,-26.53,-0.92,0.0,n/a,Normal market alignment.
2026-03-27,INFOSYS,INFY,INFY.NS,34.52,2813.76,81.81,1,2824.26,10.51,0.37,0.0,n/a,Normal market alignment.
2026-03-30,INFOSYS,INFY,INFY.NS,35.11,2857.41,81.84,1,2873.03,15.62,0.55,0.0,n/a,Normal market alignment.
2026-03-31,INFOSYS,INFY,INFY.NS,35.27,2837.32,81.85,1,2886.7,49.38,1.74,4.7,offline,"Offline insight: INFOSYS ADR-implied price is at a 1.74% premium to its NSE close, consistent with overnight US trading and FX movement."
2026-04-01,INFOSYS,INFY,INFY.NS,35.42,2864.54,81.82,1,2898.01,33.47,1.17,0.0,n/a,Normal market alignment.
2026-04-02,INFOSYS,INFY,INFY.NS,35.04,2797.85,81.78,1,2865.41,67.55,2.41,0.9,offline,"Offline insight: INFOSYS ADR-implied price is at a 2.41% premium to its NSE close, consistent with overnight US trading and FX movement."
2026-04-03,INFOSYS,INFY,INFY.NS,34.98,2816.05,81.76,1,2860.35,44.29,1.57,2.0,offline,"Offline insight: INFOSYS ADR-implied price is at a 1.57% premium to its NSE close, consistent with overnight US trading and FX movement."
2026-04-06,INFOSYS,INFY,INFY.NS,35.18,2850.15,81.79,1,2877.49,27.35,0.96,0.0,n/a,Normal market alignment.
2026-04-07,INFOSYS,INFY,INFY.NS,35.57,2917.28,81.75,1,2907.94,-9.33,-0.32,0.0,n/a,Normal market alignment.
2026-04-08,INFOSYS,INFY,INFY.NS,35.53,2888.47,81.77,1,2905.38,16.91,0.59,0.0,n/a,Normal market alignment.
2026-04-09,INFOSYS,INFY,INFY.NS,36.12,2951.53,81.72,1,2951.52,-0.01,-0.0,0.0,n/a,Normal market alignment.
2026-04-10,INFOSYS,INFY,INFY.NS,36.13,2965.94,81.71,1,2952.5,-13.44,-0.45,0.0,n/a,Normal market alignment.
2026-04-13,INFOSYS,INFY,INFY.NS,36.57,2970.13,81.72,1,2988.7,18.56,0.63,0.0,n/a,Normal market alignment.
2026-04-14,INFOSYS,INFY,INFY.NS,36.32,2936.4,81.81,1,2971.22,34.82,1.19,0.0,n/a,Normal market alignment.
2026-04-15,INFOSYS,INFY,INFY.NS,35.34,2846.61,81.76,1,2889.42,42.81,1.5,-4.5,offline,"Offline insight: INFOSYS ADR-implied price is at a 1.50% premium to its NSE close, consistent with overnight US trading and FX movement."
2026-04-16,INFOSYS,INFY,INFY.NS,35.49,2885.32,81.82,1,2904.04,18.72,0.65,0.0,n/a,Normal market alignment.
2026-04-17,INFOSYS,INFY,INFY.NS,35.89,2926.41,81.83,1,2936.76,10.35,0.35,0.0,n/a,Normal market alignment.
2026-04-20,INFOSYS,INFY,INFY.NS,36.21,2958.58,81.84,1,2963.62,5.04,0.17,0.0,n/a,Normal market alignment.
2026-04-21,INFOSYS,INFY,INFY.NS,36.45,2964.22,81.85,1,2983.48,19.27,0.65,0.0,n/a,Normal market alignment.
2026-04-22,INFOSYS,INFY,INFY.NS,36.27,2926.23,81.87,1,2969.46,43.23,1.48,0.0,n/a,Normal market alignment.
2026-04-23,INFOSYS,INFY,INFY.NS,35.84,2901.04,81.86,1,2934.23,33.19,1.14,0.0,n/a,Normal market alignment.
2026-04-24,INFOSYS,INFY,INFY.NS,36.15,2901.5,81.92,1,2961.53,60.03,2.07,-6.5,offline,"Offline insight: INFOSYS ADR-implied price is at a 2.07% premium to its NSE close, consistent with overnight US trading and FX movement."
2026-04-27,INFOSYS,INFY,INFY.NS,36.39,2926.04,81.91,1,2980.74,54.7,1.87,4.1,offline,"Offline insight: INFOSYS ADR-implied price is at a 1.87% premium to its NSE close, consistent with overnight US trading and FX movement."
2026-04-28,INFOSYS,INFY,INFY.NS,36.1,2930.18,81.95,1,2958.23,28.05,0.96,0.0,n/a,Normal market alignment.
2026-04-29,INFOSYS,INFY,INFY.NS,36.71,2973.11,81.93,1,3007.43,34.32,1.15,0.0,n/a,Normal market alignment.
2026-04-30,INFOSYS,INFY,INFY.NS,36.23,2913.48,81.93,1,2968.46,54.97,1.89,-4.7,offline,"Offline insight: INFOSYS ADR-implied price is at a 1.89% premium to its NSE close, consistent with overnight US trading and FX movement."
2026-05-01,INFOSYS,INFY,INFY.NS,35.93,2869.24,81.88,1,2941.86,72.62,2.53,-5.7,offline,"Offline insight: INFOSYS ADR-implied price is at a 2.53% premium to its NSE close, consistent with overnight US trading and FX movement."
2026-05-04,INFOSYS,INFY,INFY.NS,36.82,2946.44,81.9,1,3015.66,69.22,2.35,6.1,offline,"Offline insight: INFOSYS ADR-implied price is at a 2.35% premium to its NSE close, consistent with overnight US trading and FX movement."
2026-05-05,INFOSYS,INFY,INFY.NS,37.31,3015.01,81.96,1,3058.05,43.04,1.43,0.0,n/a,Normal market alignment.
2026-05-06,INFOSYS,INFY,INFY.NS,37.12,3021.17,81.96,1,3042.47,21.3,0.7,0.0,n/a,Normal market alignment.
2026-05-07,INFOSYS,INFY,INFY.NS,37.29,3031.2,81.95,1,3056.24,25.04,0.83,0.0,n/a,Normal market alignment.
2026-05-08,INFOSYS,INFY,INFY.NS,37.39,3012.39,81.91,1,3062.62,50.23,1.67,6.5,offline,"Offline insight: INFOSYS ADR-implied price is at a 1.67% premium to its NSE close, consistent with overnight US trading and FX movement."
2026-05-11,INFOSYS,INFY,INFY.NS,35.86,2899.31,81.9,1,2937.12,37.81,1.3,0.0,n/a,Normal market alignment.
2026-05-12,INFOSYS,INFY,INFY.NS,35.38,2864.32,81.84,1,2895.84,31.53,1.1,0.0,n/a,Normal market alignment.
2026-05-13,INFOSYS,INFY,INFY.NS,35.37,2873.24,81.8,1,2893.25,20.01,0.7,0.0,n/a,Normal market alignment.
2026-05-14,INFOSYS,INFY,INFY.NS,35.19,2873.58,81.81,1,2878.99,5.41,0.19,0.0,n/a,Normal market alignment.
2026-05-15,INFOSYS,INFY,INFY.NS,35.33,2892.44,81.87,1,2892.43,-0.01,-0.0,0.0,n/a,Normal market alignment.
2026-05-18,INFOSYS,INFY,INFY.NS,35.94,2943.59,81.98,1,2946.37,2.78,0.09,0.0,n/a,Normal market alignment.
2026-05-19,INFOSYS,INFY,INFY.NS,35.78,2895.77,81.96,1,2932.24,36.47,1.26,0.0,n/a,Normal market alignment.
2026-05-20,INFOSYS,INFY,INFY.NS,35.22,2871.78,82.02,1,2888.66,16.88,0.59,0.0,n/a,Normal market alignment.
2026-05-21,INFOSYS,INFY,INFY.NS,35.4,2892.72,82.03,1,2903.98,11.27,0.39,0.0,n/a,Normal market alignment.
2026-05-22,INFOSYS,INFY,INFY.NS,35.24,2901.24,82.02,1,2890.45,-10.79,-0.37,0.0,n/a,Normal market alignment.
2026-05-25,INFOSYS,INFY,INFY.NS,35.17,2877.18,82.04,1,2885.19,8.01,0.28,0.0,n/a,Normal market alignment.
2026-05-26,INFOSYS,INFY,INFY.NS,35.02,2841.62,82.04,1,2873.55,31.93,1.12,0.0,n/a,Normal market alignment.
2026-05-27,INFOSYS,INFY,INFY.NS,36.21,2918.38,82.05,1,2971.24,52.86,1.81,1.6,offline,"Offline insight: INFOSYS ADR-implied price is at a 1.81% premium to its NSE close, consistent with overnight US trading and FX movement."
2026-05-28,INFOSYS,INFY,INFY.NS,35.01,2836.86,82.03,1,2871.73,34.87,1.23,0.0,n/a,Normal market alignment.
2026-05-29,INFOSYS,INFY,INFY.NS,34.81,2821.8,81.98,1,2853.95,32.16,1.14,0.0,n/a,Normal market alignment.
2026-06-01,INFOSYS,INFY,INFY.NS,34.82,2836.19,81.92,1,2852.54,16.34,0.58,0.0,n/a,Normal market alignment.
2026-06-02,INFOSYS,INFY,INFY.NS,34.42,2800.87,81.95,1,2820.9,20.04,0.72,0.0,n/a,Normal market alignment.
2026-06-03,INFOSYS,INFY,INFY.NS,34.9,2841.03,81.94,1,2859.47,18.44,0.65,0.0,n/a,Normal market alignment.
2026-06-04,INFOSYS,INFY,INFY.NS,35.34,2882.01,81.91,1,2894.41,12.4,0.43,0.0,n/a,Normal market alignment.
2026-06-05,INFOSYS,INFY,INFY.NS,35.32,2883.03,81.91,1,2893.25,10.22,0.35,0.0,n/a,Normal market alignment.
2026-06-08,INFOSYS,INFY,INFY.NS,35.19,2868.35,81.95,1,2883.52,15.18,0.53,0.0,n/a,Normal market alignment.
2026-06-09,INFOSYS,INFY,INFY.NS,35.14,2876.63,81.96,1,2879.83,3.21,0.11,0.0,n/a,Normal market alignment.
2026-06-10,INFOSYS,INFY,INFY.NS,35.09,2878.24,81.93,1,2875.29,-2.96,-0.1,0.0,n/a,Normal market alignment.
2026-06-11,INFOSYS,INFY,INFY.NS,35.06,2842.31,81.98,1,2874.52,32.22,1.13,0.0,n/a,Normal market alignment.
2026-06-12,INFOSYS,INFY,INFY.NS,34.98,2797.42,82.04,1,2869.52,72.1,2.58,-1.7,offline,"Offline insight: INFOSYS ADR-implied price is at a 2.58% premium to its NSE close, consistent with overnight US trading and FX movement."
2026-06-15,INFOSYS,INFY,INFY.NS,35.12,2861.85,82.06,1,2881.98,20.13,0.7,0.0,n/a,Normal market alignment.
2026-06-16,INFOSYS,INFY,INFY.NS,35.53,2930.29,82.1,1,2916.82,-13.47,-0.46,0.0,n/a,Normal market alignment.
2026-06-17,INFOSYS,INFY,INFY.NS,34.88,2893.0,82.16,1,2865.64,-27.36,-0.95,0.0,n/a,Normal market alignment.
2026-06-18,INFOSYS,INFY,INFY.NS,34.34,2841.1,82.2,1,2822.92,-18.18,-0.64,0.0,n/a,Normal market alignment.
2026-06-19,INFOSYS,INFY,INFY.NS,33.45,2743.91,82.23,1,2750.59,6.67,0.24,0.0,n/a,Normal market alignment.
2026-06-22,INFOSYS,INFY,INFY.NS,33.9,2772.48,82.25,1,2788.0,15.52,0.56,0.0,n/a,Normal market alignment.
2026-06-23,INFOSYS,INFY,INFY.NS,34.03,2787.33,82.27,1,2800.05,12.72,0.46,0.0,n/a,Normal market alignment.
2026-06-24,INFOSYS,INFY,INFY.NS,34.3,2802.59,82.23,1,2820.64,18.05,0.64,0.0,n/a,Normal market alignment.
2026-06-25,INFOSYS,INFY,INFY.NS,33.58,2764.69,82.26,1,2761.98,-2.71,-0.1,0.0,n/a,Normal market alignment.
2026-06-26,INFOSYS,INFY,INFY.NS,34.49,2841.45,82.21,1,2834.92,-6.53,-0.23,0.0,n/a,Normal market alignment.
2026-06-29,INFOSYS,INFY,INFY.NS,34.18,2813.1,82.18,1,2808.83,-4.27,-0.15,0.0,n/a,Normal market alignment.
2026-06-30,INFOSYS,INFY,INFY.NS,34.28,2852.82,82.23,1,2818.58,-34.24,-1.2,0.0,n/a,Normal market alignment.
2026-07-01,INFOSYS,INFY,INFY.NS,34.73,2901.23,82.26,1,2856.75,-44.47,-1.53,4.7,offline,"Offline insight: INFOSYS ADR-implied price is at a 1.53% discount to its NSE close, consistent with overnight US trading and FX movement."
2026-07-02,INFOSYS,INFY,INFY.NS,34.22,2866.25,82.32,1,2817.39,-48.87,-1.7,-4.1,offline,"Offline insight: INFOSYS ADR-implied price is at a 1.70% discount to its NSE close, consistent with overnight US trading and FX movement."
2026-07-03,INFOSYS,INFY,INFY.NS,33.95,2808.52,82.31,1,2794.81,-13.71,-0.49,0.0,n/a,Normal market alignment.
2026-07-06,INFOSYS,INFY,INFY.NS,34.05,2805.02,82.27,1,2801.62,-3.4,-0.12,0.0,n/a,Normal market alignment.
2026-07-07,INFOSYS,INFY,INFY.NS,35.52,2911.9,82.26,1,2922.24,10.34,0.36,0.0,n/a,Normal market alignment.
2026-07-08,INFOSYS,INFY,INFY.NS,35.7,2968.4,82.27,1,2936.5,-31.9,-1.07,0.0,n/a,Normal market alignment.
2026-07-09,INFOSYS,INFY,INFY.NS,36.57,3059.79,82.27,1,3008.29,-51.51,-1.68,-1.0,offline,"Offline insight: INFOSYS ADR-implied price is at a 1.68% discount to its NSE close, consistent with overnight US trading and FX movement."
2026-07-10,INFOSYS,INFY,INFY.NS,37.24,3082.14,82.32,1,3065.32,-16.82,-0.55,0.0,n/a,Normal market alignment.
2026-07-13,INFOSYS,INFY,INFY.NS,37.46,3154.34,82.3,1,3082.66,-71.68,-2.27,-2.0,offline,"Offline insight: INFOSYS ADR-implied price is at a 2.27% discount to its NSE close, consistent with overnight US trading and FX movement."
2026-07-14,INFOSYS,INFY,INFY.NS,36.91,3053.86,82.32,1,3038.4,-15.46,-0.51,0.0,n/a,Normal market alignment.
2026-07-15,INFOSYS,INFY,INFY.NS,37.51,3135.71,82.28,1,3086.16,-49.55,-1.58,5.8,offline,"Offline insight: INFOSYS ADR-implied price is at a 1.58% discount to its NSE close, consistent with overnight US trading and FX movement."
2026-07-16,INFOSYS,INFY,INFY.NS,36.68,3029.27,82.3,1,3018.44,-10.84,-0.36,0.0,n/a,Normal market alignment.
2026-07-17,INFOSYS,INFY,INFY.NS,37.57,3117.95,82.3,1,3091.87,-26.09,-0.84,0.0,n/a,Normal market alignment.
2026-07-20,INFOSYS,INFY,INFY.NS,37.69,3093.79,82.27,1,3100.98,7.19,0.23,0.0,n/a,Normal market alignment.
2026-07-21,INFOSYS,INFY,INFY.NS,36.21,2908.95,82.26,1,2978.33,69.38,2.39,5.9,offline,"Offline insight: INFOSYS ADR-implied price is at a 2.39% premium to its NSE close, consistent with overnight US trading and FX movement."
2026-07-22,INFOSYS,INFY,INFY.NS,36.03,2968.53,82.26,1,2963.78,-4.76,-0.16,0.0,n/a,Normal market alignment.
2026-07-23,INFOSYS,INFY,INFY.NS,36.4,2981.73,82.25,1,2993.38,11.65,0.39,0.0,n/a,Normal market alignment.
2026-07-24,INFOSYS,INFY,INFY.NS,36.28,3017.36,82.32,1,2986.25,-31.12,-1.03,0.0,n/a,Normal market alignment.
2026-07-27,INFOSYS,INFY,INFY.NS,36.68,3028.75,82.31,1,3019.06,-9.69,-0.32,0.0,n/a,Normal market alignment.
2026-07-28,INFOSYS,INFY,INFY.NS,36.22,2991.23,82.31,1,2981.16,-10.07,-0.34,0.0,n/a,Normal market alignment.
2026-07-29,INFOSYS,INFY,INFY.NS,35.52,2923.96,82.22,1,2920.71,-3.25,-0.11,0.0,n/a,Normal market alignment.
2026-07-30,INFOSYS,INFY,INFY.NS,35.49,2937.93,82.19,1,2917.22,-20.71,-0.7,0.0,n/a,Normal market alignment.
2026-07-31,INFOSYS,INFY,INFY.NS,35.52,2915.54,82.18,1,2919.14,3.6,0.12,0.0,n/a,Normal market alignment.
2026-08-03,INFOSYS,INFY,INFY.NS,35.35,2931.37,82.15,1,2903.82,-27.55,-0.94,0.0,n/a,Normal market alignment.
2026-08-04,INFOSYS,INFY,INFY.NS,36.01,2951.17,82.21,1,2960.18,9.01,0.31,0.0,n/a,Normal market alignment.
2026-08-05,INFOSYS,INFY,INFY.NS,35.56,2926.14,82.2,1,2923.11,-3.02,-0.1,0.0,n/a,Normal market alignment.
2026-08-06,INFOSYS,INFY,INFY.NS,35.74,2970.61,82.26,1,2939.6,-31.01,-1.04,0.0,n/a,Normal market alignment.
2026-08-07,INFOSYS,INFY,INFY.NS,35.78,2929.25,82.26,1,2943.6,14.36,0.49,0.0,n/a,Normal market alignment.
2026-08-10,INFOSYS,INFY,INFY.NS,34.96,2868.75,82.26,1,2875.84,7.08,0.25,0.0,n/a,Normal market alignment.
2026-08-11,INFOSYS,INFY,INFY.NS,34.28,2778.49,82.26,1,2819.71,41.22,1.48,0.0,n/a,Normal market alignment.
2026-08-12,INFOSYS,INFY,INFY.NS,34.29,2772.72,82.26,1,2821.1,48.39,1.75,2.1,offline,"Offline insight: INFOSYS ADR-implied price is at a 1.75% premium to its NSE close, consistent with overnight US trading and FX movement."
2026-08-13,INFOSYS,INFY,INFY.NS,35.32,2894.12,82.33,1,2908.25,14.13,0.49,0.0,n/a,Normal market alignment.
2026-08-14,INFOSYS,INFY,INFY.NS,35.64,2924.29,82.24,1,2931.12,6.83,0.23,0.0,n/a,Normal market alignment.
2026-08-17,INFOSYS,INFY,INFY.NS,34.73,2846.98,82.16,1,2853.38,6.4,0.22,0.0,n/a,Normal market alignment.
2026-08-18,INFOSYS,INFY,INFY.NS,33.12,2688.08,82.14,1,2720.42,32.35,1.2,0.0,n/a,Normal market alignment.
2026-08-19,INFOSYS,INFY,INFY.NS,33.49,2723.2,82.14,1,2751.21,28.0,1.03,0.0,n/a,Normal market alignment.
2026-08-20,INFOSYS,INFY,INFY.NS,33.46,2728.81,82.17,1,2749.02,20.2,0.74,0.0,n/a,Normal market alignment.
2026-08-21,INFOSYS,INFY,INFY.NS,34.04,2789.09,82.19,1,2797.58,8.49,0.3,0.0,n/a,Normal market alignment.
2026-08-24,INFOSYS,INFY,INFY.NS,33.6,2756.92,82.17,1,2760.98,4.06,0.15,0.0,n/a,Normal market alignment.
2026-08-25,INFOSYS,INFY,INFY.NS,33.79,2750.18,82.22,1,2777.72,27.54,1.0,0.0,n/a,Normal market alignment.
2026-08-26,INFOSYS,INFY,INFY.NS,34.22,2798.37,82.26,1,2815.26,16.89,0.6,0.0,n/a,Normal market alignment.
2026-08-27,INFOSYS,INFY,INFY.NS,34.01,2795.1,82.27,1,2797.49,2.39,0.09,0.0,n/a,Normal market alignment.
2026-08-28,INFOSYS,INFY,INFY.NS,33.8,2791.38,82.31,1,2781.78,-9.6,-0.34,0.0,n/a,Normal market alignment.
2026-08-31,INFOSYS,INFY,INFY.NS,33.82,2800.71,82.32,1,2784.08,-16.63,-0.59,0.0,n/a,Normal market alignment.
2026-09-01,INFOSYS,INFY,INFY.NS,34.11,2844.9,82.3,1,2806.84,-38.06,-1.34,0.0,n/a,Normal market alignment.
2026-09-02,INFOSYS,INFY,INFY.NS,34.11,2845.86,82.33,1,2808.07,-37.79,-1.33,0.0,n/a,Normal market alignment.
2026-09-03,INFOSYS,INFY,INFY.NS,34.62,2842.95,82.33,1,2850.12,7.17,0.25,0.0,n/a,Normal market alignment.
2026-09-04,INFOSYS,INFY,INFY.NS,34.39,2831.08,82.33,1,2831.26,0.19,0.01,0.0,n/a,Normal market alignment.
2026-09-07,INFOSYS,INFY,INFY.NS,33.71,2763.98,82.39,1,2777.72,13.74,0.5,0.0,n/a,Normal market alignment.
2026-09-08,INFOSYS,INFY,INFY.NS,34.72,2899.21,82.29,1,2857.55,-41.66,-1.44,0.0,n/a,Normal market alignment.
2026-09-09,INFOSYS,INFY,INFY.NS,34.42,2843.78,82.24,1,2830.58,-13.2,-0.46,0.0,n/a,Normal market alignment.
2026-09-10,INFOSYS,INFY,INFY.NS,34.14,2816.73,82.19,1,2805.71,-11.03,-0.39,0.0,n/a,Normal market alignment.
2026-09-11,INFOSYS,INFY,INFY.NS,34.11,2819.44,82.18,1,2803.32,-16.13,-0.57,0.0,n/a,Normal market alignment.
2026-09-14,INFOSYS,INFY,INFY.NS,34.16,2812.76,82.17,1,2806.67,-6.09,-0.22,0.0,n/a,Normal market alignment.
2026-09-15,INFOSYS,INFY,INFY.NS,33.97,2802.58,82.11,1,2789.22,-13.37,-0.48,0.0,n/a,Normal market alignment.
2026-09-16,INFOSYS,INFY,INFY.NS,33.97,2838.34,82.07,1,2788.02,-50.32,-1.77,-5.4,offline,"Offline insight: INFOSYS ADR-implied price is at a 1.77% discount to its NSE close, consistent with overnight US trading and FX movement."
2026-09-17,INFOSYS,INFY,INFY.NS,33.96,2797.76,82.04,1,2786.06,-11.7,-0.42,0.0,n/a,Normal market alignment.
2026-09-18,INFOSYS,INFY,INFY.NS,34.06,2799.84,82.14,1,2797.58,-2.26,-0.08,0.0,n/a,Normal market alignment.
2026-09-21,INFOSYS,INFY,INFY.NS,32.87,2709.16,82.21,1,2701.89,-7.27,-0.27,0.0,n/a,Normal market alignment.
2026-09-22,INFOSYS,INFY,INFY.NS,33.8,2801.87,82.2,1,2778.41,-23.46,-0.84,0.0,n/a,Normal market alignment.
2026-09-23,INFOSYS,INFY,INFY.NS,33.74,2815.76,82.18,1,2772.65,-43.12,-1.53,-0.2,offline,"Offline insight: INFOSYS ADR-implied price is at a 1.53% discount to its NSE close, consistent with overnight US trading and FX movement."
2026-09-24,INFOSYS,INFY,INFY.NS,34.04,2817.57,82.14,1,2796.1,-21.47,-0.76,0.0,n/a,Normal market alignment.
2026-09-25,INFOSYS,INFY,INFY.NS,33.35,2718.35,82.06,1,2736.62,18.27,0.67,0.0,n/a,Normal market alignment.
2026-09-28,INFOSYS,INFY,INFY.NS,33.12,2703.24,82.06,1,2717.99,14.75,0.55,0.0,n/a,Normal market alignment.
2026-09-29,INFOSYS,INFY,INFY.NS,32.8,2707.46,82.02,1,2690.12,-17.34,-0.64,0.0,n/a,Normal market alignment.
2026-09-30,INFOSYS,INFY,INFY.NS,33.53,2756.4,82.02,1,2750.15,-6.25,-0.23,0.0,n/a,Normal market alignment.
2026-10-01,INFOSYS,INFY,INFY.NS,33.25,2729.45,81.95,1,2724.71,-4.73,-0.17,0.0,n/a,Normal market alignment.
2026-10-02,INFOSYS,INFY,INFY.NS,33.64,2741.79,81.92,1,2755.52,13.73,0.5,0.0,n/a,Normal market alignment.
2026-10-05,INFOSYS,INFY,INFY.NS,33.32,2710.05,81.93,1,2729.7,19.65,0.73,0.0,n/a,Normal market alignment.
2026-10-06,INFOSYS,INFY,INFY.NS,33.1,2758.15,81.95,1,2712.5,-45.65,-1.65,-3.6,offline,"Offline insight: INFOSYS ADR-implied price is at a 1.65% discount to its NSE close, consistent with overnight US trading and FX movement."
2022-03-31,WIPRO,WIT,WIPRO.NS,108.75,8918.87,82.01,1,8918.87,0.0,0.0,0.0,n/a,Normal market alignment.
2022-04-01,WIPRO,WIT,WIPRO.NS,109.02,8826.92,81.97,1,8936.63,109.72,1.24,0.0,n/a,Normal market alignment.
2022-04-04,WIPRO,WIT,WIPRO.NS,107.91,8835.4,82.0,1,8848.66,13.26,0.15,0.0,n/a,Normal market alignment.
2022-04-05,WIPRO,WIT,WIPRO.NS,108.65,8917.79,82.04,1,8913.76,-4.03,-0.05,0.0,n/a,Normal market alignment.
2022-04-06,WIPRO,WIT,WIPRO.NS,111.05,9079.79,81.97,1,9102.03,22.24,0.24,0.0,n/a,Normal market alignment.
2022-04-07,WIPRO,WIT,WIPRO.NS,108.89,8960.45,81.91,1,8919.85,-40.61,-0.45,0.0,n/a,Normal market alignment.
2022-04-08,WIPRO,WIT,WIPRO.NS,107.08,8779.5,81.92,1,8772.23,-7.26,-0.08,0.0,n/a,Normal market alignment.
2022-04-11,WIPRO,WIT,WIPRO.NS,106.34,8728.12,81.91,1,8710.05,-18.07,-0.21,0.0,n/a,Normal market alignment.
2022-04-12,WIPRO,WIT,WIPRO.NS,105.67,8681.31,81.91,1,8655.63,-25.68,-0.3,0.0,n/a,Normal market alignment.
2022-04-13,WIPRO,WIT,WIPRO.NS,108.87,8926.88,81.88,1,8914.09,-12.78,-0.14,0.0,n/a,Normal market alignment.
2022-04-14,WIPRO,WIT,WIPRO.NS,110.54,9057.97,81.91,1,9054.71,-3.26,-0.04,0.0,n/a,Normal market alignment.
2022-04-15,WIPRO,WIT,WIPRO.NS,112.14,9180.73,81.94,1,9189.28,8.55,0.09,0.0,n/a,Normal market alignment.
2022-04-18,WIPRO,WIT,WIPRO.NS,111.73,9189.39,81.95,1,9156.0,-33.39,-0.36,0.0,n/a,Normal market alignment.
2022-04-19,WIPRO,WIT,WIPRO.NS,111.28,9180.25,81.99,1,9124.56,-55.69,-0.61,0.0,n/a,Normal market alignment.
2022-04-20,WIPRO,WIT,WIPRO.NS,108.89,8970.85,82.01,1,8930.75,-40.1,-0.45,0.0,n/a,Normal market alignment.
2022-04-21,WIPRO,WIT,WIPRO.NS,110.2,9061.61,81.98,1,9034.47,-27.14,-0.3,0.0,n/a,Normal market alignment.
2022-04-22,WIPRO,WIT,WIPRO.NS,111.05,9150.03,82.0,1,9105.48,-44.55,-0.49,0.0,n/a,Normal market alignment.
2022-04-25,WIPRO,WIT,WIPRO.NS,113.22,9285.7,81.96,1,9279.62,-6.07,-0.07,0.0,n/a,Normal market alignment.
2022-04-26,WIPRO,WIT,WIPRO.NS,112.9,9379.98,81.99,1,9257.14,-122.84,-1.31,0.0,n/a,Normal market alignment.
2022-04-27,WIPRO,WIT,WIPRO.NS,112.69,9361.55,81.99,1,9240.12,-121.43,-1.3,0.0,n/a,Normal market alignment.
2022-04-28,WIPRO,WIT,WIPRO.NS,113.01,9356.89,81.99,1,9265.74,-91.15,-0.97,0.0,n/a,Normal market alignment.
2022-04-29,WIPRO,WIT,WIPRO.NS,114.56,9501.96,81.96,1,9389.47,-112.48,-1.18,0.0,n/a,Normal market alignment.
2022-05-02,WIPRO,WIT,WIPRO.NS,112.07,9151.45,82.01,1,9190.81,39.37,0.43,0.0,n/a,Normal market alignment.
2022-05-03,WIPRO,WIT,WIPRO.NS,113.34,9269.31,82.01,1,9294.46,25.15,0.27,0.0,n/a,Normal market alignment.
2022-05-04,WIPRO,WIT,WIPRO.NS,113.34,9266.01,81.99,1,9292.56,26.55,0.29,0.0,n/a,Normal market alignment.
2022-05-05,WIPRO,WIT,WIPRO.NS,111.57,9161.57,81.98,1,9146.33,-15.24,-0.17,0.0,n/a,Normal market alignment.
2022-05-06,WIPRO,WIT,WIPRO.NS,108.12,8875.32,82.0,1,8865.48,-9.84,-0.11,0.0,n/a,Normal market alignment.
2022-05-09,WIPRO,WIT,WIPRO.NS,107.93,8933.62,82.01,1,8851.68,-81.94,-0.92,0.0,n/a,Normal market alignment.
2022-05-10,WIPRO,WIT,WIPRO.NS,110.3,9109.45,82.03,1,9048.49,-60.96,-0.67,0.0,n/a,Normal market alignment.
2022-05-11,WIPRO,WIT,WIPRO.NS,113.11,9379.75,82.05,1,9280.57,-99.18,-1.06,0.0,n/a,Normal market alignment.
2022-05-12,WIPRO,WIT,WIPRO.NS,113.75,9420.74,82.14,1,9342.68,-78.06,-0.83,0.0,n/a,Normal market alignment.
2022-05-13,WIPRO,WIT,WIPRO.NS,117.13,9843.99,82.12,1,9618.65,-225.34,-2.29,-5.2,offline,"Offline insight: WIPRO ADR-implied price is at a 2.29% discount to its NSE close, consistent with overnight US trading and FX movement."
2022-05-16,WIPRO,WIT,WIPRO.NS,117.09,9825.59,82.1,1,9613.06,-212.53,-2.16,3.2,offline,"Offline insight: WIPRO ADR-implied price is at a 2.16% discount to its NSE close, consistent with overnight US trading and FX movement."
2022-05-17,WIPRO,WIT,WIPRO.NS,118.8,9776.36,82.07,1,9749.66,-26.7,-0.27,0.0,n/a,Normal market alignment.
2022-05-18,WIPRO,WIT,WIPRO.NS,118.03,9649.34,82.1,1,9689.62,40.28,0.42,0.0,n/a,Normal market alignment.
2022-05-19,WIPRO,WIT,WIPRO.NS,117.15,9511.49,82.14,1,9623.14,111.64,1.17,0.0,n/a,Normal market alignment.
2022-05-20,WIPRO,WIT,WIPRO.NS,116.0,9370.79,82.14,1,9527.82,157.02,1.68,3.9,offline,"Offline insight: WIPRO ADR-implied price is at a 1.68% premium to its NSE close, consistent with overnight US trading and FX movement."
2022-05-23,WIPRO,WIT,WIPRO.NS,112.45,9098.19,82.11,1,9232.52,134.33,1.48,0.0,n/a,Normal market alignment.
2022-05-24,WIPRO,WIT,WIPRO.NS,114.65,9356.64,82.07,1,9409.87,53.23,0.57,0.0,n/a,Normal market alignment.
2022-05-25,WIPRO,WIT,WIPRO.NS,113.58,9361.22,82.1,1,9325.2,-36.02,-0.38,0.0,n/a,Normal market alignment.
2022-05-26,WIPRO,WIT,WIPRO.NS,112.25,9166.92,82.13,1,9219.34,52.42,0.57,0.0,n/a,Normal market alignment.
2022-05-27,WIPRO,WIT,WIPRO.NS,110.3,9026.39,82.15,1,9061.44,35.05,0.39,0.0,n/a,Normal market alignment.
2022-05-30,WIPRO,WIT,WIPRO.NS,109.99,8858.27,82.13,1,9033.56,175.29,1.98,2.4,offline,"Offline insight: WIPRO ADR-implied price is at a 1.98% premium to its NSE close, consistent with overnight US trading and FX movement."
2022-05-31,WIPRO,WIT,WIPRO.NS,112.93,9190.76,82.14,1,9276.39,85.63,0.93,0.0,n/a,Normal market alignment.
2022-06-01,WIPRO,WIT,WIPRO.NS,116.52,9389.02,82.15,1,9571.18,182.15,1.94,3.9,offline,"Offline insight: WIPRO ADR-implied price is at a 1.94% premium to its NSE close, consistent with overnight US trading and FX movement."
2022-06-02,WIPRO,WIT,WIPRO.NS,113.65,9239.3,82.15,1,9336.71,97.41,1.05,0.0,n/a,Normal market alignment.
2022-06-03,WIPRO,WIT,WIPRO.NS,113.08,9150.46,82.19,1,9293.92,143.46,1.57,2.7,offline,"Offline insight: WIPRO ADR-implied price is at a 1.57% premium to its NSE close, consistent with overnight US trading and FX movement."
2022-06-06,WIPRO,WIT,WIPRO.NS,111.36,8962.86,82.2,1,9153.62,190.76,2.13,-5.1,offline,"Offline insight: WIPRO ADR-implied price is at a 2.13% premium to its NSE close, consistent with overnight US trading and FX movement."
2022-06-07,WIPRO,WIT,WIPRO.NS,113.04,9243.4,82.23,1,9295.25,51.85,0.56,0.0,n/a,Normal market alignment.
2022-06-08,WIPRO,WIT,WIPRO.NS,113.56,9338.69,82.23,1,9338.42,-0.27,-0.0,0.0,n/a,Normal market alignment.
2022-06-09,WIPRO,WIT,WIPRO.NS,112.51,9321.03,82.24,1,9253.47,-67.56,-0.72,0.0,n/a,Normal market alignment.
2022-06-10,WIPRO,WIT,WIPRO.NS,112.67,9390.97,82.27,1,9269.27,-121.69,-1.3,0.0,n/a,Normal market alignment.
2022-06-13,WIPRO,WIT,WIPRO.NS,111.89,9227.92,82.21,1,9199.26,-28.66,-0.31,0.0,n/a,Normal market alignment.
2022-06-14,WIPRO,WIT,WIPRO.NS,114.64,9454.05,82.2,1,9423.42,-30.63,-0.32,0.0,n/a,Normal market alignment.
2022-06-15,WIPRO,WIT,WIPRO.NS,115.61,9516.51,82.18,1,9501.5,-15.01,-0.16,0.0,n/a,Normal market alignment.
2022-06-16,WIPRO,WIT,WIPRO.NS,116.81,9568.75,82.16,1,9596.95,28.2,0.29,0.0,n/a,Normal market alignment.
2022-06-17,WIPRO,WIT,WIPRO.NS,112.17,9319.48,82.15,1,9214.79,-104.69,-1.12,0.0,n/a,Normal market alignment.
2022-06-20,WIPRO,WIT,WIPRO.NS,112.09,9194.29,82.21,1,9215.14,20.85,0.23,0.0,n/a,Normal market alignment.
2022-06-21,WIPRO,WIT,WIPRO.NS,115.63,9512.28,82.18,1,9501.97,-10.3,-0.11,0.0,n/a,Normal market alignment.
2022-06-22,WIPRO,WIT,WIPRO.NS,117.96,9668.77,82.22,1,9698.52,29.75,0.31,0.0,n/a,Normal market alignment.
2022-06-23,WIPRO,WIT,WIPRO.NS,114.73,9367.12,82.15,1,9425.11,57.99,0.62,0.0,n/a,Normal market alignment.
2022-06-24,WIPRO,WIT,WIPRO.NS,114.23,9258.97,82.14,1,9382.21,123.24,1.33,0.0,n/a,Normal market alignment.
2022-06-27,WIPRO,WIT,WIPRO.NS,112.2,9150.42,82.15,1,9216.78,66.36,0.73,0.0,n/a,Normal market alignment.
2022-06-28,WIPRO,WIT,WIPRO.NS,115.11,9559.43,82.17,1,9458.92,-100.51,-1.05,0.0,n/a,Normal market alignment.
2022-06-29,WIPRO,WIT,WIPRO.NS,115.57,9556.28,82.2,1,9499.82,-56.46,-0.59,0.0,n/a,Normal market alignment.
2022-06-30,WIPRO,WIT,WIPRO.NS,114.27,9417.16,82.23,1,9397.0,-20.15,-0.21,0.0,n/a,Normal market alignment.
2022-07-01,WIPRO,WIT,WIPRO.NS,114.37,9483.99,82.22,1,9403.15,-80.84,-0.85,0.0,n/a,Normal market alignment.
2022-07-04,WIPRO,WIT,WIPRO.NS,109.93,9073.33,82.2,1,9036.29,-37.04,-0.41,0.0,n/a,Normal market alignment.
2022-07-05,WIPRO,WIT,WIPRO.NS,108.17,8940.25,82.24,1,8895.76,-44.49,-0.5,0.0,n/a,Normal market alignment.
2022-07-06,WIPRO,WIT,WIPRO.NS,108.26,9014.21,82.23,1,8902.57,-111.64,-1.24,0.0,n/a,Normal market alignment.
2022-07-07,WIPRO,WIT,WIPRO.NS,109.67,9037.36,82.18,1,9012.69,-24.68,-0.27,0.0,n/a,Normal market alignment.
2022-07-08,WIPRO,WIT,WIPRO.NS,106.51,8797.35,82.14,1,8748.22,-49.13,-0.56,0.0,n/a,Normal market alignment.
2022-07-11,WIPRO,WIT,WIPRO.NS,105.93,8751.26,82.1,1,8697.04,-54.22,-0.62,0.0,n/a,Normal market alignment.
2022-07-12,WIPRO,WIT,WIPRO.NS,107.57,8895.49,82.12,1,8833.61,-61.87,-0.7,0.0,n/a,Normal market alignment.
2022-07-13,WIPRO,WIT,WIPRO.NS,105.26,8606.13,82.13,1,8644.65,38.51,0.45,0.0,n/a,Normal market alignment.
2022-07-14,WIPRO,WIT,WIPRO.NS,105.65,8659.21,82.16,1,8679.98,20.77,0.24,0.0,n/a,Normal market alignment.
2022-07-15,WIPRO,WIT,WIPRO.NS,105.79,8672.19,82.14,1,8689.47,17.28,0.2,0.0,n/a,Normal market alignment.
2022-07-18,WIPRO,WIT,WIPRO.NS,108.54,8933.2,82.15,1,8916.33,-16.87,-0.19,0.0,n/a,Normal market alignment.
2022-07-19,WIPRO,WIT,WIPRO.NS,108.2,8872.35,82.17,1,8891.04,18.69,0.21,0.0,n/a,Normal market alignment.
2022-07-20,WIPRO,WIT,WIPRO.NS,107.95,8775.62,82.16,1,8869.6,93.98,1.07,0.0,n/a,Normal market alignment.
2022-07-21,WIPRO,WIT,WIPRO.NS,109.37,8890.67,82.18,1,8988.11,97.45,1.1,0.0,n/a,Normal market alignment.
2022-07-22,WIPRO,WIT,WIPRO.NS,107.23,8710.1,82.16,1,8809.26,99.16,1.14,0.0,n/a,Normal market alignment.
2022-07-25,WIPRO,WIT,WIPRO.NS,106.9,8685.09,82.14,1,8781.27,96.18,1.11,0.0,n/a,Normal market alignment.
2022-07-26,WIPRO,WIT,WIPRO.NS,106.2,8748.75,82.13,1,8722.36,-26.4,-0.3,0.0,n/a,Normal market alignment.
2022-07-27,WIPRO,WIT,WIPRO.NS,106.01,8771.51,82.08,1,8701.84,-69.67,-0.79,0.0,n/a,Normal market alignment.
2022-07-28,WIPRO,WIT,WIPRO.NS,107.4,8872.4,82.1,1,8817.39,-55.02,-0.62,0.0,n/a,Normal market alignment.
2022-07-29,WIPRO,WIT,WIPRO.NS,108.32,8970.35,82.08,1,8891.4,-78.95,-0.88,0.0,n/a,Normal market alignment.
2022-08-01,WIPRO,WIT,WIPRO.NS,107.14,8907.8,82.09,1,8794.38,-113.42,-1.27,0.0,n/a,Normal market alignment.
2022-08-02,WIPRO,WIT,WIPRO.NS,107.39,9004.01,82.11,1,8817.22,-186.79,-2.07,1.5,offline,"Offline insight: WIPRO ADR-implied price is at a 2.07% discount to its NSE close, consistent with overnight US trading and FX movement."
2022-08-03,WIPRO,WIT,WIPRO.NS,109.82,9220.74,82.12,1,9019.06,-201.68,-2.19,3.9,offline,"Offline insight: WIPRO ADR-implied price is at a 2.19% discount to its NSE close, consistent with overnight US trading and FX movement."
2022-08-04,WIPRO,WIT,WIPRO.NS,108.48,9047.27,82.15,1,8912.29,-134.98,-1.49,0.0,n/a,Normal market alignment.
2022-08-05,WIPRO,WIT,WIPRO.NS,108.75,9019.17,82.15,1,8934.05,-85.12,-0.94,0.0,n/a,Normal market alignment.
2022-08-08,WIPRO,WIT,WIPRO.NS,108.47,9010.15,82.13,1,8909.11,-101.04,-1.12,0.0,n/a,Normal market alignment.
2022-08-09,WIPRO,WIT,WIPRO.NS,108.4,8958.46,82.13,1,8903.13,-55.33,-0.62,0.0,n/a,Normal market alignment.
2022-08-10,WIPRO,WIT,WIPRO.NS,105.78,8739.93,82.06,1,8681.0,-58.93,-0.67,0.0,n/a,Normal market alignment.
2022-08-11,WIPRO,WIT,WIPRO.NS,108.05,8829.47,82.01,1,8861.16,31.69,0.36,0.0,n/a,Normal market alignment.
2022-08-12,WIPRO,WIT,WIPRO.NS,106.83,8746.41,81.96,1,8755.35,8.94,0.1,0.0,n/a,Normal market alignment.
2022-08-15,WIPRO,WIT,WIPRO.NS,108.51,8840.0,81.92,1,8888.51,48.51,0.55,0.0,n/a,Normal market alignment.
2022-08-16,WIPRO,WIT,WIPRO.NS,107.53,8768.81,81.93,1,8810.15,41.34,0.47,0.0,n/a,Normal market alignment.
2022-08-17,WIPRO,WIT,WIPRO.NS,106.55,8787.77,81.9,1,8726.38,-61.39,-0.7,0.0,n/a,Normal market alignment.
2022-08-18,WIPRO,WIT,WIPRO.NS,108.52,8929.35,81.88,1,8886.26,-43.09,-0.48,0.0,n/a,Normal market alignment.
2022-08-19,WIPRO,WIT,WIPRO.NS,110.17,9132.68,81.94,1,9027.24,-105.44,-1.15,0.0,n/a,Normal market alignment.
2022-08-22,WIPRO,WIT,WIPRO.NS,110.55,9126.87,81.92,1,9056.74,-70.13,-0.77,0.0,n/a,Normal market alignment.
2022-08-23,WIPRO,WIT,WIPRO.NS,111.85,9257.23,81.96,1,9166.27,-90.96,-0.98,0.0,n/a,Normal market alignment.
2022-08-24,WIPRO,WIT,WIPRO.NS,111.39,9154.79,81.92,1,9125.3,-29.5,-0.32,0.0,n/a,Normal market alignment.
2022-08-25,WIPRO,WIT,WIPRO.NS,111.41,9230.67,81.91,1,9126.09,-104.58,-1.13,0.0,n/a,Normal market alignment.
2022-08-26,WIPRO,WIT,WIPRO.NS,110.34,9095.06,81.87,1,9034.17,-60.89,-0.67,0.0,n/a,Normal market alignment.
2022-08-29,WIPRO,WIT,WIPRO.NS,111.87,9158.08,81.86,1,9157.99,-0.09,-0.0,0.0,n/a,Normal market alignment.
2022-08-30,WIPRO,WIT,WIPRO.NS,110.74,9012.11,81.9,1,9069.31,57.2,0.63,0.0,n/a,Normal market alignment.
2022-08-31,WIPRO,WIT,WIPRO.NS,113.24,9280.66,81.83,1,9266.36,-14.3,-0.15,0.0,n/a,Normal market alignment.
2022-09-01,WIPRO,WIT,WIPRO.NS,112.74,9234.71,81.85,1,9227.32,-7.39,-0.08,0.0,n/a,Normal market alignment.
2022-09-02,WIPRO,WIT,WIPRO.NS,112.81,9226.65,81.86,1,9234.11,7.46,0.08,0.0,n/a,Normal market alignment.
2022-09-05,WIPRO,WIT,WIPRO.NS,114.13,9234.88,81.83,1,9339.37,104.49,1.13,0.0,n/a,Normal market alignment.
2022-09-06,WIPRO,WIT,WIPRO.NS,114.2,9372.58,81.78,1,9339.03,-33.56,-0.36,0.0,n/a,Normal market alignment.
2022-09-07,WIPRO,WIT,WIPRO.NS,113.72,9380.51,81.78,1,9300.54,-79.98,-0.85,0.0,n/a,Normal market alignment.
2022-09-08,WIPRO,WIT,WIPRO.NS,113.71,9163.83,81.76,1,9296.85,133.02,1.45,0.0,n/a,Normal market alignment.
2022-09-09,WIPRO,WIT,WIPRO.NS,115.27,9361.83,81.77,1,9425.47,63.64,0.68,0.0,n/a,Normal market alignment.
2022-09-12,WIPRO,WIT,WIPRO.NS,114.15,9421.07,81.77,1,9334.79,-86.28,-0.92,0.0,n/a,Normal market alignment.
2022-09-13,WIPRO,WIT,WIPRO.NS,113.97,9417.49,81.84,1,9327.33,-90.15,-0.96,0.0,n/a,Normal market alignment.
2022-09-14,WIPRO,WIT,WIPRO.NS,114.02,9571.08,81.83,1,9330.59,-240.48,-2.51,5.1,offline,"Offline insight: WIPRO ADR-implied price is at a 2.51% discount to its NSE close, consistent with overnight US trading and FX movement."
2022-09-15,WIPRO,WIT,WIPRO.NS,115.54,9578.03,81.79,1,9449.79,-128.24,-1.34,0.0,n/a,Normal market alignment.
2022-09-16,WIPRO,WIT,WIPRO.NS,115.4,9461.79,81.8,1,9439.41,-22.38,-0.24,0.0,n/a,Normal market alignment.
2022-09-19,WIPRO,WIT,WIPRO.NS,118.56,9775.7,81.81,1,9699.44,-76.26,-0.78,0.0,n/a,Normal market alignment.
2022-09-20,WIPRO,WIT,WIPRO.NS,118.32,9764.0,81.86,1,9686.13,-77.87,-0.8,0.0,n/a,Normal market alignment.
2022-09-21,WIPRO,WIT,WIPRO.NS,117.93,9642.36,81.9,1,9658.56,16.2,0.17,0.0,n/a,Normal market alignment.
2022-09-22,WIPRO,WIT,WIPRO.NS,117.67,9748.08,81.91,1,9638.48,-109.6,-1.12,0.0,n/a,Normal market alignment.
2022-09-23,WIPRO,WIT,WIPRO.NS,115.38,9611.64,81.97,1,9457.88,-153.76,-1.6,-3.6,offline,"Offline insight: WIPRO ADR-implied price is at a 1.60% discount to its NSE close, consistent with overnight US trading and FX movement."
2022-09-26,WIPRO,WIT,WIPRO.NS,113.62,9413.74,81.93,1,9308.35,-105.39,-1.12,0.0,n/a,Normal market alignment.
2022-09-27,WIPRO,WIT,WIPRO.NS,112.75,9346.27,81.9,1,9234.27,-112.0,-1.2,0.0,n/a,Normal market alignment.
2022-09-28,WIPRO,WIT,WIPRO.NS,114.7,9477.88,81.87,1,9390.24,-87.64,-0.92,0.0,n/a,Normal market alignment.
2022-09-29,WIPRO,WIT,WIPRO.NS,114.68,9523.8,81.85,1,9386.71,-137.09,-1.44,0.0,n/a,Normal market alignment.
2022-09-30,WIPRO,WIT,WIPRO.NS,113.88,9382.09,81.8,1,9315.13,-66.96,-0.71,0.0,n/a,Normal market alignment.
2022-10-03,WIPRO,WIT,WIPRO.NS,116.01,9543.21,81.82,1,9492.37,-50.83,-0.53,0.0,n/a,Normal market alignment.
2022-10-04,WIPRO,WIT,WIPRO.NS,118.74,9708.85,81.82,1,9715.15,6.3,0.06,0.0,n/a,Normal market alignment.
2022-10-05,WIPRO,WIT,WIPRO.NS,121.02,9876.31,81.76,1,9894.01,17.7,0.18,0.0,n/a,Normal market alignment.
2022-10-06,WIPRO,WIT,WIPRO.NS,119.5,9741.07,81.72,1,9765.63,24.57,0.25,0.0,n/a,Normal market alignment.
2022-10-07,WIPRO,WIT,WIPRO.NS,118.65,9781.86,81.73,1,9697.62,-84.23,-0.86,0.0,n/a,Normal market alignment.
2022-10-10,WIPRO,WIT,WIPRO.NS,121.92,9985.74,81.77,1,9968.58,-17.16,-0.17,0.0,n/a,Normal market alignment.
2022-10-11,WIPRO,WIT,WIPRO.NS,122.39,10051.17,81.85,1,10017.52,-33.64,-0.33,0.0,n/a,Normal market alignment.
2022-10-12,WIPRO,WIT,WIPRO.NS,121.94,10026.48,81.96,1,9994.65,-31.83,-0.32,0.0,n/a,Normal market alignment.
2022-10-13,WIPRO,WIT,WIPRO.NS,123.29,10052.89,81.98,1,10107.51,54.62,0.54,0.0,n/a,Normal market alignment.
2022-10-14,WIPRO,WIT,WIPRO.NS,125.19,10276.68,81.94,1,10258.43,-18.25,-0.18,0.0,n/a,Normal market alignment.
2022-10-17,WIPRO,WIT,WIPRO.NS,124.15,10078.53,81.86,1,10163.11,84.59,0.84,0.0,n/a,Normal market alignment.
2022-10-18,WIPRO,WIT,WIPRO.NS,124.6,10048.86,81.87,1,10201.07,152.21,1.51,-5.2,offline,"Offline insight: WIPRO ADR-implied price is at a 1.51% premium to its NSE close, consistent with overnight US trading and FX movement."
2022-10-19,WIPRO,WIT,WIPRO.NS,126.37,10195.54,81.84,1,10341.93,146.38,1.44,0.0,n/a,Normal market alignment.
2022-10-20,WIPRO,WIT,WIPRO.NS,124.21,10145.34,81.82,1,10163.1,17.76,0.18,0.0,n/a,Normal market alignment.
2022-10-21,WIPRO,WIT,WIPRO.NS,124.27,10312.1,81.8,1,10165.11,-146.99,-1.43,0.0,n/a,Normal market alignment.
2022-10-24,WIPRO,WIT,WIPRO.NS,122.23,10007.69,81.8,1,9997.67,-10.01,-0.1,0.0,n/a,Normal market alignment.
2022-10-25,WIPRO,WIT,WIPRO.NS,120.46,9856.66,81.84,1,9858.43,1.77,0.02,0.0,n/a,Normal market alignment.
2022-10-26,WIPRO,WIT,WIPRO.NS,119.48,9829.2,81.85,1,9778.99,-50.21,-0.51,0.0,n/a,Normal market alignment.
2022-10-27,WIPRO,WIT,WIPRO.NS,120.37,9800.79,81.84,1,9851.26,50.47,0.51,0.0,n/a,Normal market alignment.
2022-10-28,WIPRO,WIT,WIPRO.NS,119.83,9830.7,81.8,1,9801.79,-28.91,-0.29,0.0,n/a,Normal market alignment.
2022-10-31,WIPRO,WIT,WIPRO.NS,118.7,9747.7,81.73,1,9701.56,-46.14,-0.47,0.0,n/a,Normal market alignment.
2022-11-01,WIPRO,WIT,WIPRO.NS,118.82,9701.69,81.72,1,9709.78,8.09,0.08,0.0,n/a,Normal market alignment.
2022-11-02,WIPRO,WIT,WIPRO.NS,116.81,9615.65,81.72,1,9545.51,-70.14,-0.73,0.0,n/a,Normal market alignment.
2022-11-03,WIPRO,WIT,WIPRO.NS,117.6,9667.93,81.79,1,9618.2,-49.72,-0.51,0.0,n/a,Normal market alignment.
2022-11-04,WIPRO,WIT,WIPRO.NS,119.63,9740.86,81.79,1,9785.06,44.2,0.45,0.0,n/a,Normal market alignment.
2022-11-07,WIPRO,WIT,WIPRO.NS,119.53,9740.27,81.83,1,9781.19,40.91,0.42,0.0,n/a,Normal market alignment.
2022-11-08,WIPRO,WIT,WIPRO.NS,119.2,9643.62,81.81,1,9752.13,108.51,1.13,0.0,n/a,Normal market alignment.
2022-11-09,WIPRO,WIT,WIPRO.NS,119.9,9662.21,81.77,1,9804.12,141.91,1.47,0.0,n/a,Normal market alignment.
2022-11-10,WIPRO,WIT,WIPRO.NS,116.29,9420.85,81.73,1,9504.38,83.53,0.89,0.0,n/a,Normal market alignment.
2022-11-11,WIPRO,WIT,WIPRO.NS,117.26,9687.4,81.7,1,9580.48,-106.92,-1.1,0.0,n/a,Normal market alignment.
2022-11-14,WIPRO,WIT,WIPRO.NS,122.75,10185.99,81.79,1,10039.69,-146.3,-1.44,0.0,n/a,Normal market alignment.
2022-11-15,WIPRO,WIT,WIPRO.NS,122.56,10053.24,81.76,1,10020.32,-32.92,-0.33,0.0,n/a,Normal market alignment.
2022-11-16,WIPRO,WIT,WIPRO.NS,122.38,10139.6,81.79,1,10009.65,-129.95,-1.28,0.0,n/a,Normal market alignment.
2022-11-17,WIPRO,WIT,WIPRO.NS,123.78,10221.93,81.76,1,10119.95,-101.98,-1.0,0.0,n/a,Normal market alignment.
2022-11-18,WIPRO,WIT,WIPRO.NS,126.87,10415.27,81.79,1,10377.6,-37.67,-0.36,0.0,n/a,Normal market alignment.
2022-11-21,WIPRO,WIT,WIPRO.NS,128.77,10449.78,81.81,1,10534.6,84.82,0.81,0.0,n/a,Normal market alignment.
2022-11-22,WIPRO,WIT,WIPRO.NS,124.64,10187.86,81.81,1,10196.47,8.61,0.08,0.0,n/a,Normal market alignment.
2022-11-23,WIPRO,WIT,WIPRO.NS,125.73,10326.9,81.8,1,10285.62,-41.28,-0.4,0.0,n/a,Normal market alignment.
2022-11-24,WIPRO,WIT,WIPRO.NS,130.62,10711.85,81.78,1,10682.23,-29.62,-0.28,0.0,n/a,Normal market alignment.
2022-11-25,WIPRO,WIT,WIPRO.NS,131.88,10779.06,81.8,1,10787.65,8.59,0.08,0.0,n/a,Normal market alignment.
2022-11-28,WIPRO,WIT,WIPRO.NS,129.64,10608.21,81.78,1,10601.83,-6.38,-0.06,0.0,n/a,Normal market alignment.
2022-11-29,WIPRO,WIT,WIPRO.NS,130.22,10569.75,81.73,1,10643.57,73.82,0.7,0.0,n/a,Normal market alignment.
2022-11-30,WIPRO,WIT,WIPRO.NS,127.76,10450.57,81.68,1,10435.9,-14.67,-0.14,0.0,n/a,Normal market alignment.
2022-12-01,WIPRO,WIT,WIPRO.NS,130.16,10633.05,81.69,1,10633.04,-0.01,-0.0,0.0,n/a,Normal market alignment.
2022-12-02,WIPRO,WIT,WIPRO.NS,128.33,10459.41,81.76,1,10492.0,32.59,0.31,0.0,n/a,Normal market alignment.
2022-12-05,WIPRO,WIT,WIPRO.NS,128.52,10517.59,81.76,1,10507.79,-9.8,-0.09,0.0,n/a,Normal market alignment.
2022-12-06,WIPRO,WIT,WIPRO.NS,126.9,10320.37,81.76,1,10375.26,54.89,0.53,0.0,n/a,Normal market alignment.
2022-12-07,WIPRO,WIT,WIPRO.NS,125.9,10251.49,81.77,1,10294.9,43.4,0.42,0.0,n/a,Normal market alignment.
2022-12-08,WIPRO,WIT,WIPRO.NS,128.74,10450.09,81.82,1,10534.34,84.25,0.81,0.0,n/a,Normal market alignment.
2022-12-09,WIPRO,WIT,WIPRO.NS,128.98,10490.11,81.83,1,10555.11,65.0,0.62,0.0,n/a,Normal market alignment.
2022-12-12,WIPRO,WIT,WIPRO.NS,127.94,10401.68,81.82,1,10467.76,66.08,0.64,0.0,n/a,Normal market alignment.
2022-12-13,WIPRO,WIT,WIPRO.NS,125.78,10303.11,81.86,1,10296.77,-6.34,-0.06,0.0,n/a,Normal market alignment.
2022-12-14,WIPRO,WIT,WIPRO.NS,122.29,10061.13,81.88,1,10012.99,-48.14,-0.48,0.0,n/a,Normal market alignment.
2022-12-15,WIPRO,WIT,WIPRO.NS,120.03,9779.81,81.94,1,9835.56,55.75,0.57,0.0,n/a,Normal market alignment.
2022-12-16,WIPRO,WIT,WIPRO.NS,120.26,9779.08,81.95,1,9856.03,76.95,0.79,0.0,n/a,Normal market alignment.
2022-12-19,WIPRO,WIT,WIPRO.NS,122.07,10022.49,81.91,1,9998.04,-24.45,-0.24,0.0,n/a,Normal market alignment.
2022-12-20,WIPRO,WIT,WIPRO.NS,121.08,9912.46,81.85,1,9910.5,-1.96,-0.02,0.0,n/a,Normal market alignment.
2022-12-21,WIPRO,WIT,WIPRO.NS,123.97,10328.1,81.92,1,10155.26,-172.84,-1.67,3.9,offline,"Offline insight: WIPRO ADR-implied price is at a 1.67% discount to its NSE close, consistent with overnight US trading and FX movement."
2022-12-22,WIPRO,WIT,WIPRO.NS,122.67,10201.0,81.99,1,10057.59,-143.41,-1.41,0.0,n/a,Normal market alignment.
2022-12-23,WIPRO,WIT,WIPRO.NS,122.27,10041.09,81.98,1,10023.94,-17.15,-0.17,0.0,n/a,Normal market alignment.
2022-12-26,WIPRO,WIT,WIPRO.NS,120.33,9881.69,81.97,1,9862.9,-18.78,-0.19,0.0,n/a,Normal market alignment.
2022-12-27,WIPRO,WIT,WIPRO.NS,122.15,10022.86,82.03,1,10019.7,-3.16,-0.03,0.0,n/a,Normal market alignment.
2022-12-28,WIPRO,WIT,WIPRO.NS,126.03,10557.41,81.98,1,10332.5,-224.91,-2.13,-3.4,offline,"Offline insight: WIPRO ADR-implied price is at a 2.13% discount to its NSE close, consistent with overnight US trading and FX movement."
2022-12-29,WIPRO,WIT,WIPRO.NS,122.74,10216.92,81.95,1,10058.27,-158.65,-1.55,-6.6,offline,"Offline insight: WIPRO ADR-implied price is at a 1.55% discount to its NSE close, consistent with overnight US trading and FX movement."
2022-12-30,WIPRO,WIT,WIPRO.NS,122.14,10082.39,81.98,1,10012.32,-70.06,-0.69,0.0,n/a,Normal market alignment.
2023-01-02,WIPRO,WIT,WIPRO.NS,124.49,10212.76,81.96,1,10203.44,-9.32,-0.09,0.0,n/a,Normal market alignment.
2023-01-03,WIPRO,WIT,WIPRO.NS,121.83,9923.72,81.96,1,9985.14,61.42,0.62,0.0,n/a,Normal market alignment.
2023-01-04,WIPRO,WIT,WIPRO.NS,122.9,10049.8,81.96,1,10072.33,22.53,0.22,0.0,n/a,Normal market alignment.
2023-01-05,WIPRO,WIT,WIPRO.NS,125.19,10259.81,81.97,1,10261.71,1.9,0.02,0.0,n/a,Normal market alignment.
2023-01-06,WIPRO,WIT,WIPRO.NS,125.37,10379.65,82.03,1,10284.02,-95.63,-0.92,0.0,n/a,Normal market alignment.
2023-01-09,WIPRO,WIT,WIPRO.NS,126.44,10445.27,82.03,1,10372.57,-72.7,-0.7,0.0,n/a,Normal market alignment.
2023-01-10,WIPRO,WIT,WIPRO.NS,129.82,10793.52,82.06,1,10653.13,-140.39,-1.3,0.0,n/a,Normal market alignment.
2023-01-11,WIPRO,WIT,WIPRO.NS,133.66,11188.9,81.98,1,10956.85,-232.05,-2.07,4.6,offline,"Offline insight: WIPRO ADR-implied price is at a 2.07% discount to its NSE close, consistent with overnight US trading and FX movement."
2023-01-12,WIPRO,WIT,WIPRO.NS,133.57,11173.75,81.98,1,10949.83,-223.92,-2.0,0.1,offline,"Offline insight: WIPRO ADR-implied price is at a 2.00% discount to its NSE close, consistent with overnight US trading and FX movement."
2023-01-13,WIPRO,WIT,WIPRO.NS,132.54,10877.25,81.94,1,10861.34,-15.91,-0.15,0.0,n/a,Normal market alignment.
2023-01-16,WIPRO,WIT,WIPRO.NS,130.76,10738.23,81.9,1,10708.47,-29.76,-0.28,0.0,n/a,Normal market alignment.
2023-01-17,WIPRO,WIT,WIPRO.NS,132.71,10865.42,81.86,1,10864.08,-1.35,-0.01,0.0,n/a,Normal market alignment.
2023-01-18,WIPRO,WIT,WIPRO.NS,130.02,10681.37,81.85,1,10642.18,-39.19,-0.37,0.0,n/a,Normal market alignment.
2023-01-19,WIPRO,WIT,WIPRO.NS,129.57,10768.61,81.89,1,10609.93,-158.68,-1.47,0.0,n/a,Normal market alignment.
2023-01-20,WIPRO,WIT,WIPRO.NS,129.8,10647.06,81.84,1,10622.7,-24.36,-0.23,0.0,n/a,Normal market alignment.
2023-01-23,WIPRO,WIT,WIPRO.NS,128.86,10723.81,81.84,1,10546.03,-177.78,-1.66,-2.4,offline,"Offline insight: WIPRO ADR-implied price is at a 1.66% discount to its NSE close, consistent with overnight US trading and FX movement."
2023-01-24,WIPRO,WIT,WIPRO.NS,129.44,10739.61,81.82,1,10591.08,-148.53,-1.38,0.0,n/a,Normal market alignment.
2023-01-25,WIPRO,WIT,WIPRO.NS,134.46,11096.36,81.81,1,11000.04,-96.32,-0.87,0.0,n/a,Normal market alignment.
2023-01-26,WIPRO,WIT,WIPRO.NS,134.26,11028.44,81.85,1,10988.8,-39.65,-0.36,0.0,n/a,Normal market alignment.
2023-01-27,WIPRO,WIT,WIPRO.NS,133.42,11003.02,81.87,1,10923.33,-79.69,-0.72,0.0,n/a,Normal market alignment.
2023-01-30,WIPRO,WIT,WIPRO.NS,135.49,11294.75,81.93,1,11100.35,-194.39,-1.72,-6.8,offline,"Offline insight: WIPRO ADR-implied price is at a 1.72% discount to its NSE close, consistent with overnight US trading and FX movement."
2023-01-31,WIPRO,WIT,WIPRO.NS,136.02,11323.3,81.92,1,11142.87,-180.43,-1.59,-6.5,offline,"Offline insight: WIPRO ADR-implied price is at a 1.59% discount to its NSE close, consistent with overnight US trading and FX movement."
2023-02-01,WIPRO,WIT,WIPRO.NS,139.0,11554.08,81.89,1,11383.06,-171.02,-1.48,0.0,n/a,Normal market alignment.
2023-02-02,WIPRO,WIT,WIPRO.NS,139.38,11578.98,81.89,1,11413.48,-165.5,-1.43,0.0,n/a,Normal market alignment.
2023-02-03,WIPRO,WIT,WIPRO.NS,138.9,11396.21,81.9,1,11375.86,-20.35,-0.18,0.0,n/a,Normal market alignment.
2023-02-06,WIPRO,WIT,WIPRO.NS,135.23,11182.98,81.9,1,11076.0,-106.98,-0.96,0.0,n/a,Normal market alignment.
2023-02-07,WIPRO,WIT,WIPRO.NS,131.98,10844.02,81.86,1,10804.62,-39.4,-0.36,0.0,n/a,Normal market alignment.
2023-02-08,WIPRO,WIT,WIPRO.NS,128.39,10522.22,81.87,1,10510.95,-11.28,-0.11,0.0,n/a,Normal market alignment.
2023-02-09,WIPRO,WIT,WIPRO.NS,129.16,10511.31,81.88,1,10575.22,63.91,0.61,0.0,n/a,Normal market alignment.
2023-02-10,WIPRO,WIT,WIPRO.NS,126.56,10347.06,81.98,1,10375.17,28.1,0.27,0.0,n/a,Normal market alignment.
2023-02-13,WIPRO,WIT,WIPRO.NS,128.98,10508.18,82.06,1,10583.5,75.32,0.72,0.0,n/a,Normal market alignment.
2023-02-14,WIPRO,WIT,WIPRO.NS,129.08,10554.53,82.02,1,10587.2,32.67,0.31,0.0,n/a,Normal market alignment.
2023-02-15,WIPRO,WIT,WIPRO.NS,128.64,10498.82,82.01,1,10550.24,51.42,0.49,0.0,n/a,Normal market alignment.
2023-02-16,WIPRO,WIT,WIPRO.NS,127.05,10492.1,81.95,1,10412.55,-79.55,-0.76,0.0,n/a,Normal market alignment.
2023-02-17,WIPRO,WIT,WIPRO.NS,128.28,10757.57,81.93,1,10509.97,-247.61,-2.3,4.1,offline,"Offline insight: WIPRO ADR-implied price is at a 2.30% discount to its NSE close, consistent with overnight US trading and FX movement."
2023-02-20,WIPRO,WIT,WIPRO.NS,126.77,10505.33,81.94,1,10388.02,-117.32,-1.12,0.0,n/a,Normal market alignment.
2023-02-21,WIPRO,WIT,WIPRO.NS,124.93,10281.6,81.99,1,10243.74,-37.86,-0.37,0.0,n/a,Normal market alignment.
2023-02-22,WIPRO,WIT,WIPRO.NS,127.2,10414.17,81.97,1,10425.83,11.66,0.11,0.0,n/a,Normal market alignment.
2023-02-23,WIPRO,WIT,WIPRO.NS,127.91,10512.77,81.94,1,10481.2,-31.57,-0.3,0.0,n/a,Normal market alignment.
2023-02-24,WIPRO,WIT,WIPRO.NS,127.5,10347.32,81.86,1,10436.58,89.26,0.86,0.0,n/a,Normal market alignment.
2023-02-27,WIPRO,WIT,WIPRO.NS,128.76,10518.84,81.85,1,10539.42,20.58,0.2,0.0,n/a,Normal market alignment.
2023-02-28,WIPRO,WIT,WIPRO.NS,128.82,10495.41,81.81,1,10538.65,43.24,0.41,0.0,n/a,Normal market alignment.
2023-03-01,WIPRO,WIT,WIPRO.NS,129.6,10529.88,81.79,1,10599.74,69.86,0.66,0.0,n/a,Normal market alignment.
2023-03-02,WIPRO,WIT,WIPRO.NS,128.05,10303.7,81.75,1,10468.68,164.98,1.6,-0.1,offline,"Offline insight: WIPRO ADR-implied price is at a 1.60% premium to its NSE close, consistent with overnight US trading and FX movement."
2023-03-03,WIPRO,WIT,WIPRO.NS,132.07,10717.39,81.75,1,10796.57,79.18,0.74,0.0,n/a,Normal market alignment.
2023-03-06,WIPRO,WIT,WIPRO.NS,130.96,10698.36,81.68,1,10696.87,-1.49,-0.01,0.0,n/a,Normal market alignment.
2023-03-07,WIPRO,WIT,WIPRO.NS,134.05,11058.91,81.62,1,10942.01,-116.9,-1.06,0.0,n/a,Normal market alignment.
2023-03-08,WIPRO,WIT,WIPRO.NS,133.71,10876.61,81.71,1,10925.82,49.21,0.45,0.0,n/a,Normal market alignment.
2023-03-09,WIPRO,WIT,WIPRO.NS,135.37,10992.27,81.66,1,11054.53,62.26,0.57,0.0,n/a,Normal market alignment.
2023-03-10,WIPRO,WIT,WIPRO.NS,136.9,11100.79,81.62,1,11173.73,72.93,0.66,0.0,n/a,Normal market alignment.
2023-03-13,WIPRO,WIT,WIPRO.NS,139.3,11093.9,81.69,1,11379.67,285.77,2.58,-4.9,offline,"Offline insight: WIPRO ADR-implied price is at a 2.58% premium to its NSE close, consistent with overnight US trading and FX movement."
2023-03-14,WIPRO,WIT,WIPRO.NS,137.58,11059.63,81.81,1,11255.72,196.09,1.77,-2.0,offline,"Offline insight: WIPRO ADR-implied price is at a 1.77% premium to its NSE close, consistent with overnight US trading and FX movement."
2023-03-15,WIPRO,WIT,WIPRO.NS,139.85,11416.91,81.76,1,11434.29,17.38,0.15,0.0,n/a,Normal market alignment.
2023-03-16,WIPRO,WIT,WIPRO.NS,143.76,11757.82,81.75,1,11752.44,-5.39,-0.05,0.0,n/a,Normal market alignment.
2023-03-17,WIPRO,WIT,WIPRO.NS,143.25,11796.19,81.76,1,11712.46,-83.73,-0.71,0.0,n/a,Normal market alignment.
2023-03-20,WIPRO,WIT,WIPRO.NS,143.36,11815.19,81.83,1,11732.13,-83.06,-0.7,0.0,n/a,Normal market alignment.
2023-03-21,WIPRO,WIT,WIPRO.NS,142.28,11720.52,81.8,1,11638.05,-82.47,-0.7,0.0,n/a,Normal market alignment.
2023-03-22,WIPRO,WIT,WIPRO.NS,141.58,11677.1,81.79,1,11579.82,-97.28,-0.83,0.0,n/a,Normal market alignment.
2023-03-23,WIPRO,WIT,WIPRO.NS,145.26,12063.18,81.82,1,11885.23,-177.95,-1.48,0.0,n/a,Normal market alignment.
2023-03-24,WIPRO,WIT,WIPRO.NS,143.12,11685.55,81.84,1,11712.39,26.84,0.23,0.0,n/a,Normal market alignment.
2023-03-27,WIPRO,WIT,WIPRO.NS,141.14,11508.47,81.82,1,11548.4,39.93,0.35,0.0,n/a,Normal market alignment.
2023-03-28,WIPRO,WIT,WIPRO.NS,144.59,11824.33,81.82,1,11830.29,5.96,0.05,0.0,n/a,Normal market alignment.
2023-03-29,WIPRO,WIT,WIPRO.NS,145.99,11870.24,81.77,1,11936.79,66.54,0.56,0.0,n/a,Normal market alignment.
2023-03-30,WIPRO,WIT,WIPRO.NS,150.68,12237.23,81.76,1,12318.74,81.51,0.67,0.0,n/a,Normal market alignment.
2023-03-31,WIPRO,WIT,WIPRO.NS,149.7,12165.66,81.75,1,12237.76,72.1,0.59,0.0,n/a,Normal market alignment.
2023-04-03,WIPRO,WIT,WIPRO.NS,150.03,12164.57,81.76,1,12266.15,101.58,0.84,0.0,n/a,Normal market alignment.
2023-04-04,WIPRO,WIT,WIPRO.NS,148.59,12073.31,81.74,1,12145.12,71.81,0.59,0.0,n/a,Normal market alignment.
2023-04-05,WIPRO,WIT,WIPRO.NS,148.95,12078.06,81.76,1,12177.83,99.77,0.83,0.0,n/a,Normal market alignment.
2023-04-06,WIPRO,WIT,WIPRO.NS,145.03,11743.32,81.8,1,11863.43,120.11,1.02,0.0,n/a,Normal market alignment.
2023-04-07,WIPRO,WIT,WIPRO.NS,146.57,11903.33,81.8,1,11989.94,86.61,0.73,0.0,n/a,Normal market alignment.
2023-04-10,WIPRO,WIT,WIPRO.NS,147.32,12020.0,81.82,1,12053.93,33.93,0.28,0.0,n/a,Normal market alignment.
2023-04-11,WIPRO,WIT,WIPRO.NS,147.24,11899.96,81.82,1,12047.6,147.64,1.24,0.0,n/a,Normal market alignment.
2023-04-12,WIPRO,WIT,WIPRO.NS,146.42,11931.91,81.82,1,11980.82,48.9,0.41,0.0,n/a,Normal market alignment.
2023-04-13,WIPRO,WIT,WIPRO.NS,144.5,11758.46,81.8,1,11819.59,61.12,0.52,0.0,n/a,Normal market alignment.
2023-04-14,WIPRO,WIT,WIPRO.NS,146.12,11882.66,81.81,1,11954.15,71.49,0.6,0.0,n/a,Normal market alignment.
2023-04-17,WIPRO,WIT,WIPRO.NS,143.6,11755.05,81.81,1,11747.33,-7.72,-0.07,0.0,n/a,Normal market alignment.
2023-04-18,WIPRO,WIT,WIPRO.NS,144.74,11925.45,81.89,1,11853.32,-72.14,-0.6,0.0,n/a,Normal market alignment.
2023-04-19,WIPRO,WIT,WIPRO.NS,149.29,12310.43,81.96,1,12235.26,-75.17,-0.61,0.0,n/a,Normal market alignment.
2023-04-20,WIPRO,WIT,WIPRO.NS,152.66,12603.67,81.97,1,12514.07,-89.6,-0.71,0.0,n/a,Normal market alignment.
2023-04-21,WIPRO,WIT,WIPRO.NS,149.26,12410.5,81.94,1,12230.89,-179.61,-1.45,0.0,n/a,Normal market alignment.
2023-04-24,WIPRO,WIT,WIPRO.NS,148.1,12292.45,81.9,1,12129.64,-162.8,-1.32,0.0,n/a,Normal market alignment.
2023-04-25,WIPRO,WIT,WIPRO.NS,149.09,12291.99,81.95,1,12217.22,-74.77,-0.61,0.0,n/a,Normal market alignment.
2023-04-26,WIPRO,WIT,WIPRO.NS,148.97,12146.41,81.96,1,12209.72,63.31,0.52,0.0,n/a,Normal market alignment.
2023-04-27,WIPRO,WIT,WIPRO.NS,145.89,11876.8,81.98,1,11960.03,83.23,0.7,0.0,n/a,Normal market alignment.
2023-04-28,WIPRO,WIT,WIPRO.NS,146.78,12193.26,81.91,1,12022.65,-170.61,-1.4,0.0,n/a,Normal market alignment.
2023-05-01,WIPRO,WIT,WIPRO.NS,146.8,12077.22,81.95,1,12030.04,-47.17,-0.39,0.0,n/a,Normal market alignment.
2023-05-02,WIPRO,WIT,WIPRO.NS,151.06,12459.87,81.97,1,12381.99,-77.88,-0.63,0.0,n/a,Normal market alignment.
2023-05-03,WIPRO,WIT,WIPRO.NS,150.53,12339.28,81.92,1,12332.14,-7.14,-0.06,0.0,n/a,Normal market alignment.
2023-05-04,WIPRO,WIT,WIPRO.NS,153.21,12554.76,81.91,1,12549.16,-5.6,-0.04,0.0,n/a,Normal market alignment.
2023-05-05,WIPRO,WIT,WIPRO.NS,150.35,12336.09,81.92,1,12316.15,-19.94,-0.16,0.0,n/a,Normal market alignment.
2023-05-08,WIPRO,WIT,WIPRO.NS,148.07,12150.87,81.92,1,12130.38,-20.48,-0.17,0.0,n/a,Normal market alignment.
2023-05-09,WIPRO,WIT,WIPRO.NS,149.72,12278.08,81.91,1,12263.73,-14.34,-0.12,0.0,n/a,Normal market alignment.
2023-05-10,WIPRO,WIT,WIPRO.NS,152.2,12358.65,81.91,1,12466.29,107.64,0.87,0.0,n/a,Normal market alignment.
2023-05-11,WIPRO,WIT,WIPRO.NS,150.06,12227.43,81.9,1,12289.64,62.22,0.51,0.0,n/a,Normal market alignment.
2023-05-12,WIPRO,WIT,WIPRO.NS,150.16,12169.21,81.91,1,12298.84,129.62,1.07,0.0,n/a,Normal market alignment.
2023-05-15,WIPRO,WIT,WIPRO.NS,147.09,11902.08,81.97,1,12056.45,154.37,1.3,0.0,n/a,Normal market alignment.
2023-05-16,WIPRO,WIT,WIPRO.NS,146.74,11864.65,81.86,1,12012.38,147.73,1.25,0.0,n/a,Normal market alignment.
2023-05-17,WIPRO,WIT,WIPRO.NS,148.62,12227.09,81.86,1,12165.53,-61.57,-0.5,0.0,n/a,Normal market alignment.
2023-05-18,WIPRO,WIT,WIPRO.NS,147.7,12033.29,81.86,1,12090.99,57.7,0.48,0.0,n/a,Normal market alignment.
2023-05-19,WIPRO,WIT,WIPRO.NS,147.19,12055.3,81.88,1,12051.34,-3.96,-0.03,0.0,n/a,Normal market alignment.
2023-05-22,WIPRO,WIT,WIPRO.NS,144.74,11791.96,81.86,1,11848.72,56.76,0.48,0.0,n/a,Normal market alignment.
2023-05-23,WIPRO,WIT,WIPRO.NS,143.38,11773.26,81.79,1,11727.11,-46.15,-0.39,0.0,n/a,Normal market alignment.
2023-05-24,WIPRO,WIT,WIPRO.NS,147.2,12171.56,81.81,1,12041.97,-129.6,-1.06,0.0,n/a,Normal market alignment.
2023-05-25,WIPRO,WIT,WIPRO.NS,147.4,11979.88,81.88,1,12069.08,89.21,0.74,0.0,n/a,Normal market alignment.
2023-05-26,WIPRO,WIT,WIPRO.NS,145.23,11909.06,81.82,1,11882.49,-26.57,-0.22,0.0,n/a,Normal market alignment.
2023-05-29,WIPRO,WIT,WIPRO.NS,144.59,11756.51,81.85,1,11835.09,78.58,0.67,0.0,n/a,Normal market alignment.
2023-05-30,WIPRO,WIT,WIPRO.NS,141.17,11497.7,81.84,1,11553.34,55.64,0.48,0.0,n/a,Normal market alignment.
2023-05-31,WIPRO,WIT,WIPRO.NS,139.06,11381.27,81.84,1,11380.85,-0.42,-0.0,0.0,n/a,Normal market alignment.
2023-06-01,WIPRO,WIT,WIPRO.NS,141.94,11614.56,81.8,1,11610.65,-3.9,-0.03,0.0,n/a,Normal market alignment.
2023-06-02,WIPRO,WIT,WIPRO.NS,141.68,11696.45,81.79,1,11587.57,-108.89,-0.93,0.0,n/a,Normal market alignment.
2023-06-05,WIPRO,WIT,WIPRO.NS,145.74,11995.56,81.84,1,11927.4,-68.16,-0.57,0.0,n/a,Normal market alignment.
2023-06-06,WIPRO,WIT,WIPRO.NS,145.58,12049.87,81.86,1,11917.46,-132.41,-1.1,0.0,n/a,Normal market alignment.
2023-06-07,WIPRO,WIT,WIPRO.NS,145.54,12037.52,81.93,1,11924.84,-112.68,-0.94,0.0,n/a,Normal market alignment.
2023-06-08,WIPRO,WIT,WIPRO.NS,146.99,12039.76,81.98,1,12050.12,10.36,0.09,0.0,n/a,Normal market alignment.
2023-06-09,WIPRO,WIT,WIPRO.NS,141.14,11546.77,82.0,1,11573.28,26.51,0.23,0.0,n/a,Normal market alignment.
2023-06-12,WIPRO,WIT,WIPRO.NS,141.61,11727.88,82.07,1,11622.35,-105.53,-0.9,0.0,n/a,Normal market alignment.
2023-06-13,WIPRO,WIT,WIPRO.NS,141.55,11613.4,82.09,1,11619.92,6.52,0.06,0.0,n/a,Normal market alignment.
2023-06-14,WIPRO,WIT,WIPRO.NS,144.75,11883.95,82.12,1,11887.36,3.41,0.03,0.0,n/a,Normal market alignment.
2023-06-15,WIPRO,WIT,WIPRO.NS,146.89,12105.2,82.11,1,12061.35,-43.86,-0.36,0.0,n/a,Normal market alignment.
2023-06-16,WIPRO,WIT,WIPRO.NS,144.43,11824.29,82.12,1,11860.39,36.1,0.31,0.0,n/a,Normal market alignment.
2023-06-19,WIPRO,WIT,WIPRO.NS,147.17,12072.99,82.09,1,12080.97,7.98,0.07,0.0,n/a,Normal market alignment.
2023-06-20,WIPRO,WIT,WIPRO.NS,146.63,12137.23,82.13,1,12043.01,-94.22,-0.78,0.0,n/a,Normal market alignment.
2023-06-21,WIPRO,WIT,WIPRO.NS,144.69,11779.07,82.08,1,11876.56,97.5,0.83,0.0,n/a,Normal market alignment.
2023-06-22,WIPRO,WIT,WIPRO.NS,145.16,11862.45,82.12,1,11919.93,57.48,0.48,0.0,n/a,Normal market alignment.
2023-06-23,WIPRO,WIT,WIPRO.NS,144.76,11858.57,82.11,1,11886.29,27.72,0.23,0.0,n/a,Normal market alignment.
2023-06-26,WIPRO,WIT,WIPRO.NS,148.15,12188.71,82.16,1,12171.24,-17.47,-0.14,0.0,n/a,Normal market alignment.
2023-06-27,WIPRO,WIT,WIPRO.NS,148.95,12151.78,82.19,1,12241.7,89.92,0.74,0.0,n/a,Normal market alignment.
2023-06-28,WIPRO,WIT,WIPRO.NS,149.45,12284.77,82.26,1,12294.18,9.41,0.08,0.0,n/a,Normal market alignment.
2023-06-29,WIPRO,WIT,WIPRO.NS,151.52,12599.0,82.29,1,12468.53,-130.47,-1.04,0.0,n/a,Normal market alignment.
2023-06-30,WIPRO,WIT,WIPRO.NS,154.05,12807.56,82.23,1,12667.14,-140.42,-1.1,0.0,n/a,Normal market alignment.
2023-07-03,WIPRO,WIT,WIPRO.NS,155.9,12784.93,82.23,1,12819.57,34.63,0.27,0.0,n/a,Normal market alignment.
2023-07-04,WIPRO,WIT,WIPRO.NS,159.27,12992.26,82.18,1,13089.06,96.8,0.75,0.0,n/a,Normal market alignment.
2023-07-05,WIPRO,WIT,WIPRO.NS,160.77,13173.95,82.16,1,13209.32,35.37,0.27,0.0,n/a,Normal market alignment.
2023-07-06,WIPRO,WIT,WIPRO.NS,161.22,13109.27,82.22,1,13256.41,147.14,1.12,0.0,n/a,Normal market alignment.
2023-07-07,WIPRO,WIT,WIPRO.NS,164.27,13351.33,82.25,1,13511.15,159.81,1.2,0.0,n/a,Normal market alignment.
2023-07-10,WIPRO,WIT,WIPRO.NS,164.09,13421.01,82.22,1,13492.35,71.34,0.53,0.0,n/a,Normal market alignment.
2023-07-11,WIPRO,WIT,WIPRO.NS,164.22,13469.32,82.18,1,13496.63,27.32,0.2,0.0,n/a,Normal market alignment.
2023-07-12,WIPRO,WIT,WIPRO.NS,168.51,13801.0,82.19,1,13849.61,48.61,0.35,0.0,n/a,Normal market alignment.
2023-07-13,WIPRO,WIT,WIPRO.NS,172.66,14235.29,82.14,1,14182.48,-52.81,-0.37,0.0,n/a,Normal market alignment.
2023-07-14,WIPRO,WIT,WIPRO.NS,172.7,14211.71,82.11,1,14180.53,-31.19,-0.22,0.0,n/a,Normal market alignment.
2023-07-17,WIPRO,WIT,WIPRO.NS,171.57,14078.75,82.13,1,14090.62,11.87,0.08,0.0,n/a,Normal market alignment.
2023-07-18,WIPRO,WIT,WIPRO.NS,175.39,14577.15,82.17,1,14412.38,-164.77,-1.13,0.0,n/a,Normal market alignment.
2023-07-19,WIPRO,WIT,WIPRO.NS,177.55,14713.53,82.2,1,14594.25,-119.28,-0.81,0.0,n/a,Normal market alignment.
2023-07-20,WIPRO,WIT,WIPRO.NS,178.44,14754.61,82.11,1,14651.54,-103.07,-0.7,0.0,n/a,Normal market alignment.
2023-07-21,WIPRO,WIT,WIPRO.NS,177.63,14543.83,82.12,1,14587.53,43.71,0.3,0.0,n/a,Normal market alignment.
2023-07-24,WIPRO,WIT,WIPRO.NS,178.57,14829.92,82.13,1,14665.18,-164.74,-1.11,0.0,n/a,Normal market alignment.
2023-07-25,WIPRO,WIT,WIPRO.NS,178.57,14806.16,82.14,1,14667.94,-138.22,-0.93,0.0,n/a,Normal market alignment.
2023-07-26,WIPRO,WIT,WIPRO.NS,176.84,14669.42,82.21,1,14537.78,-131.64,-0.9,0.0,n/a,Normal market alignment.
2023-07-27,WIPRO,WIT,WIPRO.NS,177.24,14536.41,82.13,1,14555.83,19.43,0.13,0.0,n/a,Normal market alignment.
2023-07-28,WIPRO,WIT,WIPRO.NS,177.99,14606.86,82.1,1,14614.12,7.26,0.05,0.0,n/a,Normal market alignment.
2023-07-31,WIPRO,WIT,WIPRO.NS,177.05,14355.81,82.13,1,14540.58,184.77,1.29,0.0,n/a,Normal market alignment.
2023-08-01,WIPRO,WIT,WIPRO.NS,179.5,14551.07,82.07,1,14730.9,179.82,1.24,0.0,n/a,Normal market alignment.
2023-08-02,WIPRO,WIT,WIPRO.NS,183.02,14963.11,82.13,1,15031.09,67.98,0.45,0.0,n/a,Normal market alignment.
2023-08-03,WIPRO,WIT,WIPRO.NS,185.74,15190.31,82.14,1,15257.2,66.89,0.44,0.0,n/a,Normal market alignment.
2023-08-04,WIPRO,WIT,WIPRO.NS,185.03,15202.52,82.18,1,15205.0,2.49,0.02,0.0,n/a,Normal market alignment.
2023-08-07,WIPRO,WIT,WIPRO.NS,187.18,15284.41,82.16,1,15377.86,93.45,0.61,0.0,n/a,Normal market alignment.
2023-08-08,WIPRO,WIT,WIPRO.NS,187.45,15494.4,82.19,1,15406.75,-87.65,-0.57,0.0,n/a,Normal market alignment.
2023-08-09,WIPRO,WIT,WIPRO.NS,184.04,15273.75,82.23,1,15133.84,-139.91,-0.92,0.0,n/a,Normal market alignment.
2023-08-10,WIPRO,WIT,WIPRO.NS,185.95,15328.36,82.24,1,15293.01,-35.35,-0.23,0.0,n/a,Normal market alignment.
2023-08-11,WIPRO,WIT,WIPRO.NS,186.41,15223.5,82.25,1,15333.05,109.56,0.72,0.0,n/a,Normal market alignment.
2023-08-14,WIPRO,WIT,WIPRO.NS,193.72,16115.26,82.27,1,15936.45,-178.81,-1.11,0.0,n/a,Normal market alignment.
2023-08-15,WIPRO,WIT,WIPRO.NS,198.01,16234.83,82.23,1,16282.94,48.12,0.3,0.0,n/a,Normal market alignment.
2023-08-16,WIPRO,WIT,WIPRO.NS,200.18,16447.43,82.23,1,16460.54,13.11,0.08,0.0,n/a,Normal market alignment.
2023-08-17,WIPRO,WIT,WIPRO.NS,200.99,16738.71,82.22,1,16525.98,-212.73,-1.27,0.0,n/a,Normal market alignment.
2023-08-18,WIPRO,WIT,WIPRO.NS,201.55,17063.47,82.24,1,16574.81,-488.65,-2.86,-4.7,offline,"Offline insight: WIPRO ADR-implied price is at a 2.86% discount to its NSE close, consistent with overnight US trading and FX movement."
2023-08-21,WIPRO,WIT,WIPRO.NS,198.57,16807.1,82.28,1,16338.39,-468.72,-2.79,-5.4,offline,"Offline insight: WIPRO ADR-implied price is at a 2.79% discount to its NSE close, consistent with overnight US trading and FX movement."
2023-08-22,WIPRO,WIT,WIPRO.NS,193.45,16182.11,82.24,1,15909.11,-273.01,-1.69,-3.1,offline,"Offline insight: WIPRO ADR-implied price is at a 1.69% discount to its NSE close, consistent with overnight US trading and FX movement."
2023-08-23,WIPRO,WIT,WIPRO.NS,190.98,15872.89,82.23,1,15704.89,-167.99,-1.06,0.0,n/a,Normal market alignment.
2023-08-24,WIPRO,WIT,WIPRO.NS,190.9,15740.05,82.29,1,15709.86,-30.19,-0.19,0.0,n/a,Normal market alignment.
2023-08-25,WIPRO,WIT,WIPRO.NS,184.93,15289.5,82.27,1,15213.1,-76.4,-0.5,0.0,n/a,Normal market alignment.
2023-08-28,WIPRO,WIT,WIPRO.NS,183.47,15251.62,82.23,1,15087.6,-164.02,-1.08,0.0,n/a,Normal market alignment.
2023-08-29,WIPRO,WIT,WIPRO.NS,182.85,15179.59,82.24,1,15037.75,-141.84,-0.93,0.0,n/a,Normal market alignment.
2023-08-30,WIPRO,WIT,WIPRO.NS,182.31,15081.01,82.28,1,15000.01,-81.01,-0.54,0.0,n/a,Normal market alignment.
2023-08-31,WIPRO,WIT,WIPRO.NS,180.56,14879.8,82.28,1,14855.88,-23.92,-0.16,0.0,n/a,Normal market alignment.
2023-09-01,WIPRO,WIT,WIPRO.NS,179.68,14890.59,82.33,1,14793.97,-96.62,-0.65,0.0,n/a,Normal market alignment.
2023-09-04,WIPRO,WIT,WIPRO.NS,184.38,15150.84,82.37,1,15187.46,36.62,0.24,0.0,n/a,Normal market alignment.
2023-09-05,WIPRO,WIT,WIPRO.NS,186.27,15393.95,82.4,1,15349.32,-44.64,-0.29,0.0,n/a,Normal market alignment.
2023-09-06,WIPRO,WIT,WIPRO.NS,184.76,15349.35,82.43,1,15229.2,-120.15,-0.78,0.0,n/a,Normal market alignment.
2023-09-07,WIPRO,WIT,WIPRO.NS,184.63,15366.04,82.52,1,15235.53,-130.51,-0.85,0.0,n/a,Normal market alignment.
2023-09-08,WIPRO,WIT,WIPRO.NS,184.6,15195.41,82.51,1,15232.3,36.89,0.24,0.0,n/a,Normal market alignment.
2023-09-11,WIPRO,WIT,WIPRO.NS,182.53,15039.03,82.43,1,15046.96,7.93,0.05,0.0,n/a,Normal market alignment.
2023-09-12,WIPRO,WIT,WIPRO.NS,180.48,14957.62,82.5,1,14889.64,-67.99,-0.45,0.0,n/a,Normal market alignment.
2023-09-13,WIPRO,WIT,WIPRO.NS,183.27,15060.07,82.48,1,15116.63,56.56,0.38,0.0,n/a,Normal market alignment.
2023-09-14,WIPRO,WIT,WIPRO.NS,182.17,14772.09,82.49,1,15026.94,254.86,1.73,0.7,offline,"Offline insight: WIPRO ADR-implied price is at a 1.73% premium to its NSE close, consistent with overnight US trading and FX movement."
2023-09-15,WIPRO,WIT,WIPRO.NS,179.24,14621.45,82.54,1,14794.27,172.82,1.18,0.0,n/a,Normal market alignment.
2023-09-18,WIPRO,WIT,WIPRO.NS,179.17,14549.0,82.48,1,14777.83,228.83,1.57,-4.1,offline,"Offline insight: WIPRO ADR-implied price is at a 1.57% premium to its NSE close, consistent with overnight US trading and FX movement."
2023-09-19,WIPRO,WIT,WIPRO.NS,179.55,14556.67,82.43,1,14799.61,242.95,1.67,-2.2,offline,"Offline insight: WIPRO ADR-implied price is at a 1.67% premium to its NSE close, consistent with overnight US trading and FX movement."
2023-09-20,WIPRO,WIT,WIPRO.NS,174.29,14272.72,82.37,1,14355.13,82.42,0.58,0.0,n/a,Normal market alignment.
2023-09-21,WIPRO,WIT,WIPRO.NS,174.23,14293.12,82.33,1,14345.31,52.18,0.37,0.0,n/a,Normal market alignment.
2023-09-22,WIPRO,WIT,WIPRO.NS,176.55,14639.02,82.35,1,14539.66,-99.36,-0.68,0.0,n/a,Normal market alignment.
2023-09-25,WIPRO,WIT,WIPRO.NS,177.8,14727.45,82.38,1,14646.34,-81.1,-0.55,0.0,n/a,Normal market alignment.
2023-09-26,WIPRO,WIT,WIPRO.NS,183.8,15260.14,82.39,1,15142.83,-117.31,-0.77,0.0,n/a,Normal market alignment.
2023-09-27,WIPRO,WIT,WIPRO.NS,187.31,15536.63,82.33,1,15421.15,-115.48,-0.74,0.0,n/a,Normal market alignment.
2023-09-28,WIPRO,WIT,WIPRO.NS,191.43,15897.79,82.24,1,15743.44,-154.35,-0.97,0.0,n/a,Normal market alignment.
2023-09-29,WIPRO,WIT,WIPRO.NS,199.53,16539.63,82.24,1,16410.05,-129.59,-0.78,0.0,n/a,Normal market alignment.
2023-10-02,WIPRO,WIT,WIPRO.NS,201.86,16614.19,82.23,1,16597.98,-16.21,-0.1,0.0,n/a,Normal market alignment.
2023-10-03,WIPRO,WIT,WIPRO.NS,202.41,16671.18,82.24,1,16647.48,-23.7,-0.14,0.0,n/a,Normal market alignment.
2023-10-04,WIPRO,WIT,WIPRO.NS,205.43,17139.91,82.27,1,16901.61,-238.31,-1.39,0.0,n/a,Normal market alignment.
2023-10-05,WIPRO,WIT,WIPRO.NS,203.77,16996.79,82.28,1,16766.23,-230.56,-1.36,0.0,n/a,Normal market alignment.
2023-10-06,WIPRO,WIT,WIPRO.NS,204.16,17126.29,82.31,1,16804.75,-321.54,-1.88,-0.3,offline,"Offline insight: WIPRO ADR-implied price is at a 1.88% discount to its NSE close, consistent with overnight US trading and FX movement."
2023-10-09,WIPRO,WIT,WIPRO.NS,202.24,16809.21,82.32,1,16648.57,-160.64,-0.96,0.0,n/a,Normal market alignment.
2023-10-10,WIPRO,WIT,WIPRO.NS,203.51,16794.6,82.34,1,16757.48,-37.13,-0.22,0.0,n/a,Normal market alignment.
2023-10-11,WIPRO,WIT,WIPRO.NS,201.58,16585.37,82.32,1,16593.16,7.79,0.05,0.0,n/a,Normal market alignment.
2023-10-12,WIPRO,WIT,WIPRO.NS,199.56,16512.29,82.31,1,16425.93,-86.36,-0.52,0.0,n/a,Normal market alignment.
2023-10-13,WIPRO,WIT,WIPRO.NS,200.86,16557.86,82.32,1,16534.51,-23.35,-0.14,0.0,n/a,Normal market alignment.
2023-10-16,WIPRO,WIT,WIPRO.NS,200.5,16580.69,82.35,1,16512.1,-68.59,-0.41,0.0,n/a,Normal market alignment.
2023-10-17,WIPRO,WIT,WIPRO.NS,194.77,16206.12,82.34,1,16036.77,-169.35,-1.04,0.0,n/a,Normal market alignment.
2023-10-18,WIPRO,WIT,WIPRO.NS,190.57,15712.52,82.36,1,15695.61,-16.91,-0.11,0.0,n/a,Normal market alignment.
2023-10-19,WIPRO,WIT,WIPRO.NS,187.35,15350.42,82.35,1,15428.4,77.99,0.51,0.0,n/a,Normal market alignment.
2023-10-20,WIPRO,WIT,WIPRO.NS,184.92,15081.85,82.35,1,15228.0,146.15,0.97,0.0,n/a,Normal market alignment.
2023-10-23,WIPRO,WIT,WIPRO.NS,186.13,15309.78,82.38,1,15333.6,23.82,0.16,0.0,n/a,Normal market alignment.
2023-10-24,WIPRO,WIT,WIPRO.NS,186.8,15233.86,82.3,1,15373.85,139.98,0.92,0.0,n/a,Normal market alignment.
2023-10-25,WIPRO,WIT,WIPRO.NS,189.84,15582.39,82.25,1,15614.47,32.07,0.21,0.0,n/a,Normal market alignment.
2023-10-26,WIPRO,WIT,WIPRO.NS,192.04,15693.11,82.19,1,15784.28,91.17,0.58,0.0,n/a,Normal market alignment.
2023-10-27,WIPRO,WIT,WIPRO.NS,195.18,16026.23,82.1,1,16024.78,-1.45,-0.01,0.0,n/a,Normal market alignment.
2023-10-30,WIPRO,WIT,WIPRO.NS,197.02,16196.95,82.08,1,16170.68,-26.28,-0.16,0.0,n/a,Normal market alignment.
2023-10-31,WIPRO,WIT,WIPRO.NS,197.7,16528.74,82.11,1,16232.51,-296.22,-1.79,-1.1,offline,"Offline insight: WIPRO ADR-implied price is at a 1.79% discount to its NSE close, consistent with overnight US trading and FX movement."
2023-11-01,WIPRO,WIT,WIPRO.NS,201.02,16718.07,82.1,1,16502.97,-215.1,-1.29,0.0,n/a,Normal market alignment.
2023-11-02,WIPRO,WIT,WIPRO.NS,203.85,16856.72,82.1,1,16737.34,-119.38,-0.71,0.0,n/a,Normal market alignment.
2023-11-03,WIPRO,WIT,WIPRO.NS,205.06,16966.72,82.15,1,16845.92,-120.8,-0.71,0.0,n/a,Normal market alignment.
2023-11-06,WIPRO,WIT,WIPRO.NS,209.04,17046.73,82.2,1,17183.47,136.74,0.8,0.0,n/a,Normal market alignment.
2023-11-07,WIPRO,WIT,WIPRO.NS,201.74,16638.95,82.2,1,16583.64,-55.31,-0.33,0.0,n/a,Normal market alignment.
2023-11-08,WIPRO,WIT,WIPRO.NS,200.93,16626.19,82.26,1,16527.44,-98.75,-0.59,0.0,n/a,Normal market alignment.
2023-11-09,WIPRO,WIT,WIPRO.NS,200.06,16622.05,82.26,1,16457.52,-164.52,-0.99,0.0,n/a,Normal market alignment.
2023-11-10,WIPRO,WIT,WIPRO.NS,203.58,16907.53,82.23,1,16740.4,-167.13,-0.99,0.0,n/a,Normal market alignment.
2023-11-13,WIPRO,WIT,WIPRO.NS,208.44,17113.21,82.21,1,17135.26,22.06,0.13,0.0,n/a,Normal market alignment.
2023-11-14,WIPRO,WIT,WIPRO.NS,203.97,16571.52,82.15,1,16755.79,184.27,1.11,0.0,n/a,Normal market alignment.
2023-11-15,WIPRO,WIT,WIPRO.NS,208.35,17078.14,82.11,1,17108.3,30.16,0.18,0.0,n/a,Normal market alignment.
2023-11-16,WIPRO,WIT,WIPRO.NS,204.75,16877.62,82.1,1,16810.08,-67.53,-0.4,0.0,n/a,Normal market alignment.
2023-11-17,WIPRO,WIT,WIPRO.NS,201.31,16709.5,82.13,1,16534.04,-175.46,-1.05,0.0,n/a,Normal market alignment.
2023-11-20,WIPRO,WIT,WIPRO.NS,200.66,16448.13,82.2,1,16494.91,46.77,0.28,0.0,n/a,Normal market alignment.
2023-11-21,WIPRO,WIT,WIPRO.NS,199.76,16254.99,82.15,1,16410.28,155.29,0.96,0.0,n/a,Normal market alignment.
2023-11-22,WIPRO,WIT,WIPRO.NS,195.15,15955.24,82.17,1,16034.85,79.62,0.5,0.0,n/a,Normal market alignment.
2023-11-23,WIPRO,WIT,WIPRO.NS,197.11,16298.45,82.12,1,16187.97,-110.48,-0.68,0.0,n/a,Normal market alignment.
2023-11-24,WIPRO,WIT,WIPRO.NS,199.18,16580.87,82.14,1,16361.78,-219.1,-1.32,0.0,n/a,Normal market alignment.
2023-11-27,WIPRO,WIT,WIPRO.NS,202.39,16737.22,82.14,1,16624.52,-112.71,-0.67,0.0,n/a,Normal market alignment.
2023-11-28,WIPRO,WIT,WIPRO.NS,201.14,16510.1,82.07,1,16506.88,-3.22,-0.02,0.0,n/a,Normal market alignment.
2023-11-29,WIPRO,WIT,WIPRO.NS,201.08,16753.98,82.11,1,16509.7,-244.27,-1.46,0.0,n/a,Normal market alignment.
2023-11-30,WIPRO,WIT,WIPRO.NS,201.05,16685.95,82.08,1,16502.46,-183.5,-1.1,0.0,n/a,Normal market alignment.
2023-12-01,WIPRO,WIT,WIPRO.NS,206.2,16841.39,82.06,1,16921.05,79.66,0.47,0.0,n/a,Normal market alignment.
2023-12-04,WIPRO,WIT,WIPRO.NS,197.49,16177.22,82.02,1,16198.5,21.28,0.13,0.0,n/a,Normal market alignment.
2023-12-05,WIPRO,WIT,WIPRO.NS,194.72,15788.84,82.0,1,15965.94,177.1,1.12,0.0,n/a,Normal market alignment.
2023-12-06,WIPRO,WIT,WIPRO.NS,194.79,15797.5,82.01,1,15975.59,178.09,1.13,0.0,n/a,Normal market alignment.
2023-12-07,WIPRO,WIT,WIPRO.NS,191.68,15731.97,82.01,1,15718.98,-12.99,-0.08,0.0,n/a,Normal market alignment.
2023-12-08,WIPRO,WIT,WIPRO.NS,190.99,15705.45,82.02,1,15665.49,-39.96,-0.25,0.0,n/a,Normal market alignment.
2023-12-11,WIPRO,WIT,WIPRO.NS,190.69,15681.58,82.04,1,15643.51,-38.07,-0.24,0.0,n/a,Normal market alignment.
2023-12-12,WIPRO,WIT,WIPRO.NS,188.86,15631.03,82.09,1,15504.05,-126.99,-0.81,0.0,n/a,Normal market alignment.
2023-12-13,WIPRO,WIT,WIPRO.NS,189.1,15704.45,82.08,1,15521.29,-183.17,-1.17,0.0,n/a,Normal market alignment.
2023-12-14,WIPRO,WIT,WIPRO.NS,190.94,15605.71,82.02,1,15661.1,55.39,0.35,0.0,n/a,Normal market alignment.
2023-12-15,WIPRO,WIT,WIPRO.NS,190.32,15692.55,82.06,1,15618.61,-73.94,-0.47,0.0,n/a,Normal market alignment.
2023-12-18,WIPRO,WIT,WIPRO.NS,189.09,15441.89,82.05,1,15514.8,72.91,0.47,0.0,n/a,Normal market alignment.
2023-12-19,WIPRO,WIT,WIPRO.NS,188.67,15492.92,82.1,1,15489.48,-3.44,-0.02,0.0,n/a,Normal market alignment.
2023-12-20,WIPRO,WIT,WIPRO.NS,188.71,15500.33,82.11,1,15495.48,-4.85,-0.03,0.0,n/a,Normal market alignment.
2023-12-21,WIPRO,WIT,WIPRO.NS,183.84,15038.52,82.11,1,15094.84,56.32,0.37,0.0,n/a,Normal market alignment.
2023-12-22,WIPRO,WIT,WIPRO.NS,185.17,15236.25,82.12,1,15206.65,-29.6,-0.19,0.0,n/a,Normal market alignment.
2023-12-25,WIPRO,WIT,WIPRO.NS,183.97,15080.51,82.2,1,15122.88,42.37,0.28,0.0,n/a,Normal market alignment.
2023-12-26,WIPRO,WIT,WIPRO.NS,187.51,15626.86,82.29,1,15429.35,-197.51,-1.26,0.0,n/a,Normal market alignment.
2023-12-27,WIPRO,WIT,WIPRO.NS,189.22,15641.96,82.29,1,15571.49,-70.48,-0.45,0.0,n/a,Normal market alignment.
2023-12-28,WIPRO,WIT,WIPRO.NS,192.6,16174.09,82.3,1,15850.88,-323.21,-2.0,-5.2,offline,"Offline insight: WIPRO ADR-implied price is at a 2.00% discount to its NSE close, consistent with overnight US trading and FX movement."
2023-12-29,WIPRO,WIT,WIPRO.NS,189.74,15838.67,82.34,1,15623.61,-215.05,-1.36,0.0,n/a,Normal market alignment.
2024-01-01,WIPRO,WIT,WIPRO.NS,188.74,15568.81,82.31,1,15535.07,-33.74,-0.22,0.0,n/a,Normal market alignment.
2024-01-02,WIPRO,WIT,WIPRO.NS,185.28,15206.39,82.32,1,15252.86,46.47,0.31,0.0,n/a,Normal market alignment.
2024-01-03,WIPRO,WIT,WIPRO.NS,183.37,15206.41,82.32,1,15096.08,-110.33,-0.73,0.0,n/a,Normal market alignment.
2024-01-04,WIPRO,WIT,WIPRO.NS,186.87,15582.09,82.34,1,15386.67,-195.41,-1.25,0.0,n/a,Normal market alignment.
2024-01-05,WIPRO,WIT,WIPRO.NS,191.1,15925.02,82.31,1,15728.42,-196.6,-1.23,0.0,n/a,Normal market alignment.
2024-01-08,WIPRO,WIT,WIPRO.NS,187.86,15545.39,82.24,1,15450.51,-94.88,-0.61,0.0,n/a,Normal market alignment.
2024-01-09,WIPRO,WIT,WIPRO.NS,186.63,15612.9,82.16,1,15333.65,-279.25,-1.79,-6.5,offline,"Offline insight: WIPRO ADR-implied price is at a 1.79% discount to its NSE close, consistent with overnight US trading and FX movement."
2024-01-10,WIPRO,WIT,WIPRO.NS,186.47,15480.13,82.12,1,15312.58,-167.56,-1.08,0.0,n/a,Normal market alignment.
2024-01-11,WIPRO,WIT,WIPRO.NS,188.17,15515.35,82.1,1,15448.41,-66.94,-0.43,0.0,n/a,Normal market alignment.
2024-01-12,WIPRO,WIT,WIPRO.NS,183.26,15112.35,82.09,1,15043.29,-69.06,-0.46,0.0,n/a,Normal market alignment.
2024-01-15,WIPRO,WIT,WIPRO.NS,178.9,14686.39,82.17,1,14700.13,13.74,0.09,0.0,n/a,Normal market alignment.
2024-01-16,WIPRO,WIT,WIPRO.NS,180.27,14789.19,82.21,1,14820.65,31.46,0.21,0.0,n/a,Normal market alignment.
2024-01-17,WIPRO,WIT,WIPRO.NS,175.06,14421.52,82.18,1,14385.25,-36.27,-0.25,0.0,n/a,Normal market alignment.
2024-01-18,WIPRO,WIT,WIPRO.NS,173.94,14514.37,82.19,1,14295.75,-218.62,-1.51,-6.5,offline,"Offline insight: WIPRO ADR-implied price is at a 1.51% discount to its NSE close, consistent with overnight US trading and FX movement."
2024-01-19,WIPRO,WIT,WIPRO.NS,174.41,14449.22,82.17,1,14332.13,-117.09,-0.81,0.0,n/a,Normal market alignment.
2024-01-22,WIPRO,WIT,WIPRO.NS,175.55,14592.27,82.16,1,14423.97,-168.3,-1.15,0.0,n/a,Normal market alignment.
2024-01-23,WIPRO,WIT,WIPRO.NS,175.23,14558.8,82.17,1,14399.11,-159.69,-1.1,0.0,n/a,Normal market alignment.
2024-01-24,WIPRO,WIT,WIPRO.NS,174.32,14375.31,82.2,1,14328.92,-46.39,-0.32,0.0,n/a,Normal market alignment.
2024-01-25,WIPRO,WIT,WIPRO.NS,176.58,14397.56,82.19,1,14512.53,114.96,0.8,0.0,n/a,Normal market alignment.
2024-01-26,WIPRO,WIT,WIPRO.NS,177.39,14520.99,82.23,1,14586.69,65.7,0.45,0.0,n/a,Normal market alignment.
2024-01-29,WIPRO,WIT,WIPRO.NS,175.72,14347.06,82.18,1,14441.65,94.59,0.66,0.0,n/a,Normal market alignment.
2024-01-30,WIPRO,WIT,WIPRO.NS,175.87,14543.9,82.19,1,14454.37,-89.52,-0.62,0.0,n/a,Normal market alignment.
2024-01-31,WIPRO,WIT,WIPRO.NS,176.94,14589.16,82.29,1,14560.35,-28.81,-0.2,0.0,n/a,Normal market alignment.
2024-02-01,WIPRO,WIT,WIPRO.NS,181.55,14965.8,82.3,1,14941.79,-24.01,-0.16,0.0,n/a,Normal market alignment.
2024-02-02,WIPRO,WIT,WIPRO.NS,183.75,15018.45,82.36,1,15133.23,114.77,0.76,0.0,n/a,Normal market alignment.
2024-02-05,WIPRO,WIT,WIPRO.NS,187.15,15401.99,82.36,1,15414.34,12.35,0.08,0.0,n/a,Normal market alignment.
2024-02-06,WIPRO,WIT,WIPRO.NS,185.49,15300.8,82.39,1,15282.28,-18.52,-0.12,0.0,n/a,Normal market alignment.
2024-02-07,WIPRO,WIT,WIPRO.NS,184.09,15065.75,82.39,1,15166.47,100.72,0.67,0.0,n/a,Normal market alignment.
2024-02-08,WIPRO,WIT,WIPRO.NS,183.49,15065.68,82.38,1,15116.4,50.73,0.34,0.0,n/a,Normal market alignment.
2024-02-09,WIPRO,WIT,WIPRO.NS,183.15,15169.96,82.35,1,15082.86,-87.1,-0.57,0.0,n/a,Normal market alignment.
2024-02-12,WIPRO,WIT,WIPRO.NS,180.44,14651.39,82.37,1,14862.61,211.22,1.44,0.0,n/a,Normal market alignment.
2024-02-13,WIPRO,WIT,WIPRO.NS,183.92,15126.58,82.34,1,15143.21,16.64,0.11,0.0,n/a,Normal market alignment.
2024-02-14,WIPRO,WIT,WIPRO.NS,186.41,15350.38,82.36,1,15353.56,3.18,0.02,0.0,n/a,Normal market alignment.
2024-02-15,WIPRO,WIT,WIPRO.NS,185.61,15257.09,82.41,1,15296.01,38.92,0.26,0.0,n/a,Normal market alignment.
2024-02-16,WIPRO,WIT,WIPRO.NS,187.46,15398.35,82.42,1,15450.77,52.41,0.34,0.0,n/a,Normal market alignment.
2024-02-19,WIPRO,WIT,WIPRO.NS,188.14,15494.03,82.41,1,15505.1,11.06,0.07,0.0,n/a,Normal market alignment.
2024-02-20,WIPRO,WIT,WIPRO.NS,190.23,15694.38,82.43,1,15680.81,-13.57,-0.09,0.0,n/a,Normal market alignment.
2024-02-21,WIPRO,WIT,WIPRO.NS,186.45,15400.52,82.42,1,15367.2,-33.32,-0.22,0.0,n/a,Normal market alignment.
2024-02-22,WIPRO,WIT,WIPRO.NS,186.1,15486.46,82.46,1,15345.38,-141.08,-0.91,0.0,n/a,Normal market alignment.
2024-02-23,WIPRO,WIT,WIPRO.NS,185.99,15177.7,82.39,1,15323.19,145.49,0.96,0.0,n/a,Normal market alignment.
2024-02-26,WIPRO,WIT,WIPRO.NS,187.79,15403.92,82.37,1,15468.8,64.87,0.42,0.0,n/a,Normal market alignment.
2024-02-27,WIPRO,WIT,WIPRO.NS,186.07,15210.99,82.3,1,15312.99,102.0,0.67,0.0,n/a,Normal market alignment.
2024-02-28,WIPRO,WIT,WIPRO.NS,179.15,14708.11,82.24,1,14732.83,24.72,0.17,0.0,n/a,Normal market alignment.
2024-02-29,WIPRO,WIT,WIPRO.NS,176.3,14529.42,82.29,1,14507.99,-21.43,-0.15,0.0,n/a,Normal market alignment.
2024-03-01,WIPRO,WIT,WIPRO.NS,176.19,14564.87,82.33,1,14505.54,-59.32,-0.41,0.0,n/a,Normal market alignment.
2024-03-04,WIPRO,WIT,WIPRO.NS,176.41,14714.49,82.3,1,14518.9,-195.6,-1.33,0.0,n/a,Normal market alignment.
2024-03-05,WIPRO,WIT,WIPRO.NS,180.92,15015.9,82.24,1,14879.25,-136.64,-0.91,0.0,n/a,Normal market alignment.
2024-03-06,WIPRO,WIT,WIPRO.NS,182.55,15117.93,82.13,1,14992.31,-125.62,-0.83,0.0,n/a,Normal market alignment.
2024-03-07,WIPRO,WIT,WIPRO.NS,182.83,14963.24,82.1,1,15011.35,48.11,0.32,0.0,n/a,Normal market alignment.
2024-03-08,WIPRO,WIT,WIPRO.NS,182.8,15123.96,82.2,1,15026.44,-97.52,-0.64,0.0,n/a,Normal market alignment.
2024-03-11,WIPRO,WIT,WIPRO.NS,185.88,15405.08,82.22,1,15283.25,-121.83,-0.79,0.0,n/a,Normal market alignment.
2024-03-12,WIPRO,WIT,WIPRO.NS,184.29,15317.63,82.2,1,15148.61,-169.02,-1.1,0.0,n/a,Normal market alignment.
2024-03-13,WIPRO,WIT,WIPRO.NS,183.96,15072.48,82.22,1,15124.89,52.41,0.35,0.0,n/a,Normal market alignment.
2024-03-14,WIPRO,WIT,WIPRO.NS,181.01,14930.9,82.16,1,14871.18,-59.72,-0.4,0.0,n/a,Normal market alignment.
2024-03-15,WIPRO,WIT,WIPRO.NS,184.91,15166.84,82.15,1,15190.14,23.3,0.15,0.0,n/a,Normal market alignment.
2024-03-18,WIPRO,WIT,WIPRO.NS,186.06,15168.06,82.15,1,15285.05,116.99,0.77,0.0,n/a,Normal market alignment.
2024-03-19,WIPRO,WIT,WIPRO.NS,184.14,15072.64,82.15,1,15126.97,54.34,0.36,0.0,n/a,Normal market alignment.
2024-03-20,WIPRO,WIT,WIPRO.NS,183.88,15225.34,82.18,1,15111.54,-113.81,-0.75,0.0,n/a,Normal market alignment.
2024-03-21,WIPRO,WIT,WIPRO.NS,185.34,15451.18,82.2,1,15234.34,-216.84,-1.4,0.0,n/a,Normal market alignment.
2024-03-22,WIPRO,WIT,WIPRO.NS,184.7,15223.3,82.22,1,15186.74,-36.57,-0.24,0.0,n/a,Normal market alignment.
2024-03-25,WIPRO,WIT,WIPRO.NS,183.27,15220.93,82.2,1,15064.68,-156.25,-1.03,0.0,n/a,Normal market alignment.
2024-03-26,WIPRO,WIT,WIPRO.NS,181.53,14979.21,82.23,1,14928.05,-51.15,-0.34,0.0,n/a,Normal market alignment.
2024-03-27,WIPRO,WIT,WIPRO.NS,182.51,15039.28,82.3,1,15020.5,-18.78,-0.12,0.0,n/a,Normal market alignment.
2024-03-28,WIPRO,WIT,WIPRO.NS,181.58,14909.28,82.26,1,14937.47,28.19,0.19,0.0,n/a,Normal market alignment.
2024-03-29,WIPRO,WIT,WIPRO.NS,180.4,14768.55,82.23,1,14834.06,65.51,0.44,0.0,n/a,Normal market alignment.
2024-04-01,WIPRO,WIT,WIPRO.NS,176.84,14607.44,82.28,1,14550.85,-56.59,-0.39,0.0,n/a,Normal market alignment.
2024-04-02,WIPRO,WIT,WIPRO.NS,177.1,14705.58,82.28,1,14570.98,-134.6,-0.92,0.0,n/a,Normal market alignment.
2024-04-03,WIPRO,WIT,WIPRO.NS,176.67,14552.93,82.33,1,14545.84,-7.09,-0.05,0.0,n/a,Normal market alignment.
2024-04-04,WIPRO,WIT,WIPRO.NS,175.87,14545.42,82.32,1,14477.09,-68.33,-0.47,0.0,n/a,Normal market alignment.
2024-04-05,WIPRO,WIT,WIPRO.NS,176.45,14863.06,82.38,1,14535.04,-328.02,-2.21,-2.1,offline,"Offline insight: WIPRO ADR-implied price is at a 2.21% discount to its NSE close, consistent with overnight US trading and FX movement."
2024-04-08,WIPRO,WIT,WIPRO.NS,178.48,14832.65,82.38,1,14703.6,-129.05,-0.87,0.0,n/a,Normal market alignment.
2024-04-09,WIPRO,WIT,WIPRO.NS,180.41,15052.56,82.39,1,14864.79,-187.77,-1.25,0.0,n/a,Normal market alignment.
2024-04-10,WIPRO,WIT,WIPRO.NS,181.96,15067.56,82.46,1,15004.06,-63.5,-0.42,0.0,n/a,Normal market alignment.
2024-04-11,WIPRO,WIT,WIPRO.NS,181.36,14844.76,82.44,1,14951.95,107.19,0.72,0.0,n/a,Normal market alignment.
2024-04-12,WIPRO,WIT,WIPRO.NS,179.87,14757.01,82.41,1,14822.68,65.67,0.44,0.0,n/a,Normal market alignment.
2024-04-15,WIPRO,WIT,WIPRO.NS,177.11,14452.7,82.39,1,14592.02,139.33,0.96,0.0,n/a,Normal market alignment.
2024-04-16,WIPRO,WIT,WIPRO.NS,175.59,14371.33,82.41,1,14469.92,98.6,0.69,0.0,n/a,Normal market alignment.
2024-04-17,WIPRO,WIT,WIPRO.NS,175.69,14250.69,82.35,1,14467.7,217.02,1.52,3.1,offline,"Offline insight: WIPRO ADR-implied price is at a 1.52% premium to its NSE close, consistent with overnight US trading and FX movement."
2024-04-18,WIPRO,WIT,WIPRO.NS,173.67,14281.7,82.37,1,14306.01,24.31,0.17,0.0,n/a,Normal market alignment.
2024-04-19,WIPRO,WIT,WIPRO.NS,173.97,14313.54,82.35,1,14327.34,13.8,0.1,0.0,n/a,Normal market alignment.
2024-04-22,WIPRO,WIT,WIPRO.NS,171.51,14057.82,82.4,1,14132.2,74.37,0.53,0.0,n/a,Normal market alignment.
2024-04-23,WIPRO,WIT,WIPRO.NS,167.28,13743.17,82.31,1,13768.48,25.31,0.18,0.0,n/a,Normal market alignment.
2024-04-24,WIPRO,WIT,WIPRO.NS,169.39,13810.04,82.28,1,13936.68,126.64,0.92,0.0,n/a,Normal market alignment.
2024-04-25,WIPRO,WIT,WIPRO.NS,168.24,13796.32,82.21,1,13830.5,34.19,0.25,0.0,n/a,Normal market alignment.
2024-04-26,WIPRO,WIT,WIPRO.NS,166.17,13440.99,82.18,1,13655.68,214.68,1.6,-5.2,offline,"Offline insight: WIPRO ADR-implied price is at a 1.60% premium to its NSE close, consistent with overnight US trading and FX movement."
2024-04-29,WIPRO,WIT,WIPRO.NS,163.5,13116.94,82.19,1,13437.5,320.56,2.44,4.0,offline,"Offline insight: WIPRO ADR-implied price is at a 2.44% premium to its NSE close, consistent with overnight US trading and FX movement."
2024-04-30,WIPRO,WIT,WIPRO.NS,164.58,13304.43,82.18,1,13525.78,221.36,1.66,3.0,offline,"Offline insight: WIPRO ADR-implied price is at a 1.66% premium to its NSE close, consistent with overnight US trading and FX movement."
2024-05-01,WIPRO,WIT,WIPRO.NS,168.03,13618.63,82.17,1,13807.26,188.63,1.39,0.0,n/a,Normal market alignment.
2024-05-02,WIPRO,WIT,WIPRO.NS,167.06,13502.18,82.17,1,13727.02,224.84,1.67,-6.9,offline,"Offline insight: WIPRO ADR-implied price is at a 1.67% premium to its NSE close, consistent with overnight US trading and FX movement."
2024-05-03,WIPRO,WIT,WIPRO.NS,166.57,13665.31,82.18,1,13688.28,22.97,0.17,0.0,n/a,Normal market alignment.
2024-05-06,WIPRO,WIT,WIPRO.NS,169.3,14020.38,82.14,1,13905.75,-114.62,-0.82,0.0,n/a,Normal market alignment.
2024-05-07,WIPRO,WIT,WIPRO.NS,164.75,13484.66,82.17,1,13537.11,52.45,0.39,0.0,n/a,Normal market alignment.
2024-05-08,WIPRO,WIT,WIPRO.NS,169.66,13886.19,82.19,1,13945.23,59.04,0.43,0.0,n/a,Normal market alignment.
2024-05-09,WIPRO,WIT,WIPRO.NS,175.93,14449.6,82.21,1,14463.55,13.95,0.1,0.0,n/a,Normal market alignment.
2024-05-10,WIPRO,WIT,WIPRO.NS,168.84,13875.55,82.23,1,13884.67,9.12,0.07,0.0,n/a,Normal market alignment.
2024-05-13,WIPRO,WIT,WIPRO.NS,168.65,14100.65,82.25,1,13870.7,-229.95,-1.63,-6.6,offline,"Offline insight: WIPRO ADR-implied price is at a 1.63% discount to its NSE close, consistent with overnight US trading and FX movement."
2024-05-14,WIPRO,WIT,WIPRO.NS,166.88,13893.5,82.33,1,13739.02,-154.48,-1.11,0.0,n/a,Normal market alignment.
2024-05-15,WIPRO,WIT,WIPRO.NS,166.27,13853.61,82.33,1,13688.17,-165.45,-1.19,0.0,n/a,Normal market alignment.
2024-05-16,WIPRO,WIT,WIPRO.NS,165.27,13614.57,82.31,1,13604.5,-10.06,-0.07,0.0,n/a,Normal market alignment.
2024-05-17,WIPRO,WIT,WIPRO.NS,167.34,13680.14,82.29,1,13769.36,89.22,0.65,0.0,n/a,Normal market alignment.
2024-05-20,WIPRO,WIT,WIPRO.NS,167.1,13635.11,82.25,1,13743.51,108.4,0.79,0.0,n/a,Normal market alignment.
2024-05-21,WIPRO,WIT,WIPRO.NS,164.87,13450.41,82.2,1,13551.81,101.39,0.75,0.0,n/a,Normal market alignment.
2024-05-22,WIPRO,WIT,WIPRO.NS,164.49,13596.2,82.16,1,13515.19,-81.01,-0.6,0.0,n/a,Normal market alignment.
2024-05-23,WIPRO,WIT,WIPRO.NS,165.81,13615.68,82.16,1,13623.3,7.62,0.06,0.0,n/a,Normal market alignment.
2024-05-24,WIPRO,WIT,WIPRO.NS,162.92,13324.66,82.17,1,13387.83,63.18,0.47,0.0,n/a,Normal market alignment.
2024-05-27,WIPRO,WIT,WIPRO.NS,158.95,12912.46,82.18,1,13061.74,149.28,1.16,0.0,n/a,Normal market alignment.
2024-05-28,WIPRO,WIT,WIPRO.NS,163.74,13164.72,82.15,1,13451.24,286.52,2.18,-4.3,offline,"Offline insight: WIPRO ADR-implied price is at a 2.18% premium to its NSE close, consistent with overnight US trading and FX movement."
2024-05-29,WIPRO,WIT,WIPRO.NS,162.22,13315.54,82.18,1,13331.66,16.12,0.12,0.0,n/a,Normal market alignment.
2024-05-30,WIPRO,WIT,WIPRO.NS,161.93,13339.73,82.22,1,13313.14,-26.59,-0.2,0.0,n/a,Normal market alignment.
2024-05-31,WIPRO,WIT,WIPRO.NS,161.01,13321.98,82.21,1,13236.83,-85.15,-0.64,0.0,n/a,Normal market alignment.
2024-06-03,WIPRO,WIT,WIPRO.NS,162.38,13380.7,82.19,1,13345.55,-35.16,-0.26,0.0,n/a,Normal market alignment.
2024-06-04,WIPRO,WIT,WIPRO.NS,166.75,13728.61,82.21,1,13708.26,-20.35,-0.15,0.0,n/a,Normal market alignment.
2024-06-05,WIPRO,WIT,WIPRO.NS,168.25,13868.11,82.22,1,13833.05,-35.06,-0.25,0.0,n/a,Normal market alignment.
2024-06-06,WIPRO,WIT,WIPRO.NS,164.47,13436.51,82.16,1,13512.78,76.27,0.57,0.0,n/a,Normal market alignment.
2024-06-07,WIPRO,WIT,WIPRO.NS,161.1,13293.23,82.16,1,13236.01,-57.22,-0.43,0.0,n/a,Normal market alignment.
2024-06-10,WIPRO,WIT,WIPRO.NS,160.19,13293.82,82.17,1,13162.61,-131.21,-0.99,0.0,n/a,Normal market alignment.
2024-06-11,WIPRO,WIT,WIPRO.NS,159.59,13281.9,82.13,1,13108.02,-173.88,-1.31,0.0,n/a,Normal market alignment.
2024-06-12,WIPRO,WIT,WIPRO.NS,155.52,12908.67,82.14,1,12774.71,-133.96,-1.04,0.0,n/a,Normal market alignment.
2024-06-13,WIPRO,WIT,WIPRO.NS,157.48,13121.08,82.09,1,12926.54,-194.54,-1.48,0.0,n/a,Normal market alignment.
2024-06-14,WIPRO,WIT,WIPRO.NS,154.96,12846.88,82.14,1,12728.22,-118.65,-0.92,0.0,n/a,Normal market alignment.
2024-06-17,WIPRO,WIT,WIPRO.NS,158.47,13113.07,82.19,1,13025.22,-87.86,-0.67,0.0,n/a,Normal market alignment.
2024-06-18,WIPRO,WIT,WIPRO.NS,162.85,13512.06,82.18,1,13383.35,-128.71,-0.95,0.0,n/a,Normal market alignment.
2024-06-19,WIPRO,WIT,WIPRO.NS,162.29,13334.71,82.2,1,13340.05,5.35,0.04,0.0,n/a,Normal market alignment.
2024-06-20,WIPRO,WIT,WIPRO.NS,163.41,13418.67,82.1,1,13416.31,-2.36,-0.02,0.0,n/a,Normal market alignment.
2024-06-21,WIPRO,WIT,WIPRO.NS,160.44,13069.31,82.06,1,13165.15,95.84,0.73,0.0,n/a,Normal market alignment.
2024-06-24,WIPRO,WIT,WIPRO.NS,161.99,13250.31,82.05,1,13290.52,40.21,0.3,0.0,n/a,Normal market alignment.
2024-06-25,WIPRO,WIT,WIPRO.NS,160.83,13166.71,82.0,1,13188.45,21.74,0.17,0.0,n/a,Normal market alignment.
2024-06-26,WIPRO,WIT,WIPRO.NS,158.25,13020.4,82.03,1,12982.0,-38.39,-0.29,0.0,n/a,Normal market alignment.
2024-06-27,WIPRO,WIT,WIPRO.NS,157.61,12965.88,82.11,1,12942.3,-23.58,-0.18,0.0,n/a,Normal market alignment.
2024-06-28,WIPRO,WIT,WIPRO.NS,156.56,12798.71,82.07,1,12848.56,49.84,0.39,0.0,n/a,Normal market alignment.
2024-07-01,WIPRO,WIT,WIPRO.NS,155.84,12791.62,82.04,1,12784.68,-6.94,-0.05,0.0,n/a,Normal market alignment.
2024-07-02,WIPRO,WIT,WIPRO.NS,158.11,12929.57,82.05,1,12972.28,42.71,0.33,0.0,n/a,Normal market alignment.
2024-07-03,WIPRO,WIT,WIPRO.NS,156.29,12881.35,82.11,1,12833.59,-47.75,-0.37,0.0,n/a,Normal market alignment.
2024-07-04,WIPRO,WIT,WIPRO.NS,160.41,13123.22,82.06,1,13163.76,40.54,0.31,0.0,n/a,Normal market alignment.
2024-07-05,WIPRO,WIT,WIPRO.NS,157.27,12936.33,82.08,1,12907.79,-28.54,-0.22,0.0,n/a,Normal market alignment.
2024-07-08,WIPRO,WIT,WIPRO.NS,161.13,13175.23,82.15,1,13236.34,61.11,0.46,0.0,n/a,Normal market alignment.
2024-07-09,WIPRO,WIT,WIPRO.NS,158.72,12986.47,82.08,1,13028.16,41.68,0.32,0.0,n/a,Normal market alignment.
2024-07-10,WIPRO,WIT,WIPRO.NS,158.76,12862.18,82.03,1,13023.89,161.71,1.26,0.0,n/a,Normal market alignment.
2024-07-11,WIPRO,WIT,WIPRO.NS,157.64,12936.44,82.02,1,12929.52,-6.92,-0.05,0.0,n/a,Normal market alignment.
2024-07-12,WIPRO,WIT,WIPRO.NS,156.88,13002.15,82.0,1,12863.63,-138.53,-1.07,0.0,n/a,Normal market alignment.
2024-07-15,WIPRO,WIT,WIPRO.NS,158.81,13168.41,82.03,1,13027.43,-140.98,-1.07,0.0,n/a,Normal market alignment.
2024-07-16,WIPRO,WIT,WIPRO.NS,162.43,13544.44,82.04,1,13326.16,-218.28,-1.61,-6.2,offline,"Offline insight: WIPRO ADR-implied price is at a 1.61% discount to its NSE close, consistent with overnight US trading and FX movement."
2024-07-17,WIPRO,WIT,WIPRO.NS,165.38,13824.03,81.97,1,13556.55,-267.48,-1.93,0.4,offline,"Offline insight: WIPRO ADR-implied price is at a 1.93% discount to its NSE close, consistent with overnight US trading and FX movement."
2024-07-18,WIPRO,WIT,WIPRO.NS,164.43,13580.42,81.99,1,13481.85,-98.57,-0.73,0.0,n/a,Normal market alignment.
2024-07-19,WIPRO,WIT,WIPRO.NS,164.93,13579.04,81.97,1,13519.51,-59.53,-0.44,0.0,n/a,Normal market alignment.
2024-07-22,WIPRO,WIT,WIPRO.NS,163.04,13454.01,82.02,1,13373.44,-80.57,-0.6,0.0,n/a,Normal market alignment.
2024-07-23,WIPRO,WIT,WIPRO.NS,160.67,13258.22,82.0,1,13174.67,-83.55,-0.63,0.0,n/a,Normal market alignment.
2024-07-24,WIPRO,WIT,WIPRO.NS,157.95,13052.15,81.97,1,12948.23,-103.92,-0.8,0.0,n/a,Normal market alignment.
2024-07-25,WIPRO,WIT,WIPRO.NS,156.96,12784.06,82.0,1,12870.68,86.62,0.68,0.0,n/a,Normal market alignment.
2024-07-26,WIPRO,WIT,WIPRO.NS,157.6,12941.72,82.03,1,12927.7,-14.02,-0.11,0.0,n/a,Normal market alignment.
2024-07-29,WIPRO,WIT,WIPRO.NS,153.13,12689.43,82.05,1,12563.74,-125.69,-0.99,0.0,n/a,Normal market alignment.
2024-07-30,WIPRO,WIT,WIPRO.NS,153.07,12553.26,81.98,1,12548.61,-4.65,-0.04,0.0,n/a,Normal market alignment.
2024-07-31,WIPRO,WIT,WIPRO.NS,156.59,12863.55,82.0,1,12841.26,-22.29,-0.17,0.0,n/a,Normal market alignment.
2024-08-01,WIPRO,WIT,WIPRO.NS,159.28,12884.3,81.96,1,13054.79,170.48,1.32,0.0,n/a,Normal market alignment.
2024-08-02,WIPRO,WIT,WIPRO.NS,157.92,12890.89,81.97,1,12945.75,54.86,0.43,0.0,n/a,Normal market alignment.
2024-08-05,WIPRO,WIT,WIPRO.NS,154.66,12563.25,81.92,1,12669.73,106.48,0.85,0.0,n/a,Normal market alignment.
2024-08-06,WIPRO,WIT,WIPRO.NS,155.78,12604.28,81.94,1,12763.86,159.58,1.27,0.0,n/a,Normal market alignment.
2024-08-07,WIPRO,WIT,WIPRO.NS,150.41,12270.86,81.91,1,12319.29,48.43,0.39,0.0,n/a,Normal market alignment.
2024-08-08,WIPRO,WIT,WIPRO.NS,152.96,12556.0,81.86,1,12520.44,-35.56,-0.28,0.0,n/a,Normal market alignment.
2024-08-09,WIPRO,WIT,WIPRO.NS,152.51,12445.15,81.89,1,12488.59,43.44,0.35,0.0,n/a,Normal market alignment.
2024-08-12,WIPRO,WIT,WIPRO.NS,156.75,12759.0,81.9,1,12837.06,78.06,0.61,0.0,n/a,Normal market alignment.
2024-08-13,WIPRO,WIT,WIPRO.NS,152.74,12582.83,81.87,1,12504.78,-78.05,-0.62,0.0,n/a,Normal market alignment.
2024-08-14,WIPRO,WIT,WIPRO.NS,154.88,12839.1,81.93,1,12689.9,-149.2,-1.16,0.0,n/a,Normal market alignment.
2024-08-15,WIPRO,WIT,WIPRO.NS,154.7,12993.29,81.91,1,12672.0,-321.29,-2.47,-6.4,offline,"Offline insight: WIPRO ADR-implied price is at a 2.47% discount to its NSE close, consistent with overnight US trading and FX movement."
2024-08-16,WIPRO,WIT,WIPRO.NS,153.98,12749.25,81.92,1,12613.23,-136.02,-1.07,0.0,n/a,Normal market alignment.
2024-08-19,WIPRO,WIT,WIPRO.NS,150.86,12462.23,81.93,1,12359.61,-102.62,-0.82,0.0,n/a,Normal market alignment.
2024-08-20,WIPRO,WIT,WIPRO.NS,152.25,12546.37,81.9,1,12470.15,-76.23,-0.61,0.0,n/a,Normal market alignment.
2024-08-21,WIPRO,WIT,WIPRO.NS,153.84,12801.65,81.92,1,12603.41,-198.24,-1.55,4.2,offline,"Offline insight: WIPRO ADR-implied price is at a 1.55% discount to its NSE close, consistent with overnight US trading and FX movement."
2024-08-22,WIPRO,WIT,WIPRO.NS,158.01,13164.97,81.9,1,12941.46,-223.51,-1.7,-0.1,offline,"Offline insight: WIPRO ADR-implied price is at a 1.70% discount to its NSE close, consistent with overnight US trading and FX movement."
2024-08-23,WIPRO,WIT,WIPRO.NS,160.44,13318.78,81.89,1,13138.55,-180.24,-1.35,0.0,n/a,Normal market alignment.
2024-08-26,WIPRO,WIT,WIPRO.NS,159.06,13203.62,81.94,1,13034.27,-169.35,-1.28,0.0,n/a,Normal market alignment.
2024-08-27,WIPRO,WIT,WIPRO.NS,156.71,12924.35,81.9,1,12835.55,-88.8,-0.69,0.0,n/a,Normal market alignment.
2024-08-28,WIPRO,WIT,WIPRO.NS,153.55,12561.73,81.81,1,12561.25,-0.48,-0.0,0.0,n/a,Normal market alignment.
2024-08-29,WIPRO,WIT,WIPRO.NS,156.98,12652.16,81.87,1,12852.88,200.72,1.59,3.2,offline,"Offline insight: WIPRO ADR-implied price is at a 1.59% premium to its NSE close, consistent with overnight US trading and FX movement."
2024-08-30,WIPRO,WIT,WIPRO.NS,155.2,12604.48,81.98,1,12722.69,118.21,0.94,0.0,n/a,Normal market alignment.
2024-09-02,WIPRO,WIT,WIPRO.NS,158.69,12834.15,81.96,1,13006.58,172.43,1.34,0.0,n/a,Normal market alignment.
2024-09-03,WIPRO,WIT,WIPRO.NS,159.99,13071.26,81.88,1,13100.69,29.43,0.23,0.0,n/a,Normal market alignment.
2024-09-04,WIPRO,WIT,WIPRO.NS,160.83,13305.64,81.87,1,13167.61,-138.03,-1.04,0.0,n/a,Normal market alignment.
2024-09-05,WIPRO,WIT,WIPRO.NS,160.14,13224.2,81.86,1,13109.28,-114.92,-0.87,0.0,n/a,Normal market alignment.
2024-09-06,WIPRO,WIT,WIPRO.NS,161.77,13462.82,81.86,1,13242.05,-220.77,-1.64,3.5,offline,"Offline insight: WIPRO ADR-implied price is at a 1.64% discount to its NSE close, consistent with overnight US trading and FX movement."
2024-09-09,WIPRO,WIT,WIPRO.NS,161.78,13366.05,81.81,1,13235.91,-130.14,-0.97,0.0,n/a,Normal market alignment.
2024-09-10,WIPRO,WIT,WIPRO.NS,160.94,13321.06,81.84,1,13170.47,-150.59,-1.13,0.0,n/a,Normal market alignment.
2024-09-11,WIPRO,WIT,WIPRO.NS,162.66,13593.66,81.86,1,13315.5,-278.17,-2.05,0.1,offline,"Offline insight: WIPRO ADR-implied price is at a 2.05% discount to its NSE close, consistent with overnight US trading and FX movement."
2024-09-12,WIPRO,WIT,WIPRO.NS,162.36,13282.86,81.8,1,13281.19,-1.67,-0.01,0.0,n/a,Normal market alignment.
2024-09-13,WIPRO,WIT,WIPRO.NS,160.47,13181.38,81.83,1,13130.78,-50.59,-0.38,0.0,n/a,Normal market alignment.
2024-09-16,WIPRO,WIT,WIPRO.NS,161.96,13451.5,81.91,1,13266.33,-185.18,-1.38,0.0,n/a,Normal market alignment.
2024-09-17,WIPRO,WIT,WIPRO.NS,161.85,13285.05,81.92,1,13258.85,-26.21,-0.2,0.0,n/a,Normal market alignment.
2024-09-18,WIPRO,WIT,WIPRO.NS,163.09,13442.49,81.91,1,13358.02,-84.47,-0.63,0.0,n/a,Normal market alignment.
2024-09-19,WIPRO,WIT,WIPRO.NS,162.02,13219.3,81.9,1,13270.33,51.04,0.39,0.0,n/a,Normal market alignment.
2024-09-20,WIPRO,WIT,WIPRO.NS,159.13,13074.54,81.93,1,13037.71,-36.83,-0.28,0.0,n/a,Normal market alignment.
2024-09-23,WIPRO,WIT,WIPRO.NS,163.32,13443.42,81.86,1,13369.8,-73.62,-0.55,0.0,n/a,Normal market alignment.
2024-09-24,WIPRO,WIT,WIPRO.NS,167.16,13697.19,81.87,1,13685.24,-11.95,-0.09,0.0,n/a,Normal market alignment.
2024-09-25,WIPRO,WIT,WIPRO.NS,169.43,13818.14,81.85,1,13868.29,50.15,0.36,0.0,n/a,Normal market alignment.
2024-09-26,WIPRO,WIT,WIPRO.NS,168.49,13700.87,81.93,1,13804.4,103.54,0.76,0.0,n/a,Normal market alignment.
2024-09-27,WIPRO,WIT,WIPRO.NS,167.79,13691.88,81.92,1,13745.36,53.48,0.39,0.0,n/a,Normal market alignment.
2024-09-30,WIPRO,WIT,WIPRO.NS,171.31,13961.71,81.99,1,14046.09,84.38,0.6,0.0,n/a,Normal market alignment.
2024-10-01,WIPRO,WIT,WIPRO.NS,170.46,13845.92,81.95,1,13968.4,122.48,0.88,0.0,n/a,Normal market alignment.
2024-10-02,WIPRO,WIT,WIPRO.NS,168.89,13751.89,81.97,1,13844.19,92.29,0.67,0.0,n/a,Normal market alignment.
2024-10-03,WIPRO,WIT,WIPRO.NS,173.68,14196.54,81.99,1,14239.53,42.99,0.3,0.0,n/a,Normal market alignment.
2024-10-04,WIPRO,WIT,WIPRO.NS,173.61,14346.84,81.95,1,14227.76,-119.08,-0.83,0.0,n/a,Normal market alignment.
2024-10-07,WIPRO,WIT,WIPRO.NS,178.27,14622.37,81.96,1,14610.88,-11.49,-0.08,0.0,n/a,Normal market alignment.
2024-10-08,WIPRO,WIT,WIPRO.NS,174.58,14319.95,82.01,1,14317.43,-2.52,-0.02,0.0,n/a,Normal market alignment.
2024-10-09,WIPRO,WIT,WIPRO.NS,175.99,14474.34,82.0,1,14430.91,-43.44,-0.3,0.0,n/a,Normal market alignment.
2024-10-10,WIPRO,WIT,WIPRO.NS,181.51,14765.96,81.93,1,14871.45,105.48,0.71,0.0,n/a,Normal market alignment.
2024-10-11,WIPRO,WIT,WIPRO.NS,181.65,14968.04,81.93,1,14882.6,-85.45,-0.57,0.0,n/a,Normal market alignment.
2024-10-14,WIPRO,WIT,WIPRO.NS,180.98,14702.93,81.9,1,14821.77,118.85,0.81,0.0,n/a,Normal market alignment.
2024-10-15,WIPRO,WIT,WIPRO.NS,177.87,14496.3,81.88,1,14564.34,68.04,0.47,0.0,n/a,Normal market alignment.
2024-10-16,WIPRO,WIT,WIPRO.NS,180.81,14730.53,81.88,1,14804.75,74.23,0.5,0.0,n/a,Normal market alignment.
2024-10-17,WIPRO,WIT,WIPRO.NS,178.77,14622.38,81.81,1,14626.15,3.77,0.03,0.0,n/a,Normal market alignment.
2024-10-18,WIPRO,WIT,WIPRO.NS,178.57,14768.43,81.75,1,14598.38,-170.05,-1.15,0.0,n/a,Normal market alignment.
2024-10-21,WIPRO,WIT,WIPRO.NS,175.32,14449.94,81.77,1,14335.99,-113.95,-0.79,0.0,n/a,Normal market alignment.
2024-10-22,WIPRO,WIT,WIPRO.NS,179.47,14706.64,81.75,1,14671.51,-35.13,-0.24,0.0,n/a,Normal market alignment.
2024-10-23,WIPRO,WIT,WIPRO.NS,182.63,14862.46,81.65,1,14911.52,49.05,0.33,0.0,n/a,Normal market alignment.
2024-10-24,WIPRO,WIT,WIPRO.NS,182.6,14905.99,81.68,1,14914.84,8.86,0.06,0.0,n/a,Normal market alignment.
2024-10-25,WIPRO,WIT,WIPRO.NS,179.49,14886.41,81.69,1,14663.24,-223.17,-1.5,0.0,n/a,Normal market alignment.
2024-10-28,WIPRO,WIT,WIPRO.NS,183.68,15303.2,81.67,1,15000.4,-302.8,-1.98,6.0,offline,"Offline insight: WIPRO ADR-implied price is at a 1.98% discount to its NSE close, consistent with overnight US trading and FX movement."
2024-10-29,WIPRO,WIT,WIPRO.NS,182.73,14876.05,81.61,1,14913.12,37.08,0.25,0.0,n/a,Normal market alignment.
2024-10-30,WIPRO,WIT,WIPRO.NS,179.75,14767.41,81.65,1,14676.55,-90.85,-0.62,0.0,n/a,Normal market alignment.
2024-10-31,WIPRO,WIT,WIPRO.NS,175.06,14206.18,81.66,1,14295.65,89.47,0.63,0.0,n/a,Normal market alignment.
2024-11-01,WIPRO,WIT,WIPRO.NS,173.41,14217.36,81.76,1,14178.12,-39.24,-0.28,0.0,n/a,Normal market alignment.
2024-11-04,WIPRO,WIT,WIPRO.NS,169.68,13916.86,81.78,1,13876.04,-40.82,-0.29,0.0,n/a,Normal market alignment.
2024-11-05,WIPRO,WIT,WIPRO.NS,168.15,13717.45,81.79,1,13753.34,35.89,0.26,0.0,n/a,Normal market alignment.
2024-11-06,WIPRO,WIT,WIPRO.NS,170.07,13968.34,81.79,1,13910.07,-58.27,-0.42,0.0,n/a,Normal market alignment.
2024-11-07,WIPRO,WIT,WIPRO.NS,169.17,13723.01,81.82,1,13841.62,118.6,0.86,0.0,n/a,Normal market alignment.
2024-11-08,WIPRO,WIT,WIPRO.NS,170.12,13844.91,81.85,1,13924.04,79.13,0.57,0.0,n/a,Normal market alignment.
2024-11-11,WIPRO,WIT,WIPRO.NS,168.33,13694.6,81.9,1,13785.74,91.14,0.67,0.0,n/a,Normal market alignment.
2024-11-12,WIPRO,WIT,WIPRO.NS,168.54,13770.81,81.88,1,13800.01,29.19,0.21,0.0,n/a,Normal market alignment.
2024-11-13,WIPRO,WIT,WIPRO.NS,173.45,14115.88,81.86,1,14198.92,83.04,0.59,0.0,n/a,Normal market alignment.
2024-11-14,WIPRO,WIT,WIPRO.NS,172.59,13922.81,81.84,1,14125.83,203.01,1.46,0.0,n/a,Normal market alignment.
2024-11-15,WIPRO,WIT,WIPRO.NS,173.64,14106.73,81.88,1,14217.19,110.45,0.78,0.0,n/a,Normal market alignment.
2024-11-18,WIPRO,WIT,WIPRO.NS,169.62,13668.22,81.94,1,13897.93,229.71,1.68,6.9,offline,"Offline insight: WIPRO ADR-implied price is at a 1.68% premium to its NSE close, consistent with overnight US trading and FX movement."
2024-11-19,WIPRO,WIT,WIPRO.NS,173.53,14133.97,81.92,1,14215.98,82.01,0.58,0.0,n/a,Normal market alignment.
2024-11-20,WIPRO,WIT,WIPRO.NS,172.34,13992.18,81.9,1,14115.73,123.55,0.88,0.0,n/a,Normal market alignment.
2024-11-21,WIPRO,WIT,WIPRO.NS,175.11,14220.74,81.92,1,14344.77,124.03,0.87,0.0,n/a,Normal market alignment.
2024-11-22,WIPRO,WIT,WIPRO.NS,174.84,14353.28,81.91,1,14321.03,-32.25,-0.22,0.0,n/a,Normal market alignment.
2024-11-25,WIPRO,WIT,WIPRO.NS,176.5,14461.45,81.95,1,14463.6,2.15,0.01,0.0,n/a,Normal market alignment.
2024-11-26,WIPRO,WIT,WIPRO.NS,178.33,14595.58,81.86,1,14597.63,2.05,0.01,0.0,n/a,Normal market alignment.
2024-11-27,WIPRO,WIT,WIPRO.NS,177.17,14583.13,81.83,1,14497.26,-85.86,-0.59,0.0,n/a,Normal market alignment.
2024-11-28,WIPRO,WIT,WIPRO.NS,180.12,14748.74,81.8,1,14733.6,-15.14,-0.1,0.0,n/a,Normal market alignment.
2024-11-29,WIPRO,WIT,WIPRO.NS,178.13,14547.99,81.71,1,14553.93,5.94,0.04,0.0,n/a,Normal market alignment.
2024-12-02,WIPRO,WIT,WIPRO.NS,180.26,14725.23,81.67,1,14721.36,-3.88,-0.03,0.0,n/a,Normal market alignment.
2024-12-03,WIPRO,WIT,WIPRO.NS,179.26,14642.57,81.63,1,14633.22,-9.34,-0.06,0.0,n/a,Normal market alignment.
2024-12-04,WIPRO,WIT,WIPRO.NS,180.25,14727.99,81.62,1,14713.07,-14.92,-0.1,0.0,n/a,Normal market alignment.
2024-12-05,WIPRO,WIT,WIPRO.NS,179.06,14670.35,81.67,1,14623.68,-46.68,-0.32,0.0,n/a,Normal market alignment.
2024-12-06,WIPRO,WIT,WIPRO.NS,179.25,14651.08,81.66,1,14637.45,-13.63,-0.09,0.0,n/a,Normal market alignment.
2024-12-09,WIPRO,WIT,WIPRO.NS,176.41,14472.09,81.62,1,14398.78,-73.31,-0.51,0.0,n/a,Normal market alignment.
2024-12-10,WIPRO,WIT,WIPRO.NS,177.12,14234.87,81.62,1,14456.34,221.47,1.56,-2.0,offline,"Offline insight: WIPRO ADR-implied price is at a 1.56% premium to its NSE close, consistent with overnight US trading and FX movement."
2024-12-11,WIPRO,WIT,WIPRO.NS,177.29,14485.56,81.66,1,14477.88,-7.68,-0.05,0.0,n/a,Normal market alignment.
2024-12-12,WIPRO,WIT,WIPRO.NS,175.9,14421.84,81.63,1,14358.23,-63.62,-0.44,0.0,n/a,Normal market alignment.
2024-12-13,WIPRO,WIT,WIPRO.NS,175.81,14433.76,81.59,1,14344.45,-89.3,-0.62,0.0,n/a,Normal market alignment.
2024-12-16,WIPRO,WIT,WIPRO.NS,176.22,14231.26,81.61,1,14381.7,150.44,1.06,0.0,n/a,Normal market alignment.
2024-12-17,WIPRO,WIT,WIPRO.NS,174.64,14293.11,81.61,1,14251.68,-41.42,-0.29,0.0,n/a,Normal market alignment.
2024-12-18,WIPRO,WIT,WIPRO.NS,174.36,14215.46,81.63,1,14233.12,17.66,0.12,0.0,n/a,Normal market alignment.
2024-12-19,WIPRO,WIT,WIPRO.NS,171.78,13988.04,81.63,1,14022.79,34.75,0.25,0.0,n/a,Normal market alignment.
2024-12-20,WIPRO,WIT,WIPRO.NS,177.88,14470.21,81.66,1,14525.57,55.36,0.38,0.0,n/a,Normal market alignment.
2024-12-23,WIPRO,WIT,WIPRO.NS,180.75,14593.59,81.62,1,14753.39,159.8,1.09,0.0,n/a,Normal market alignment.
2024-12-24,WIPRO,WIT,WIPRO.NS,181.55,14598.19,81.62,1,14818.34,220.15,1.51,-5.2,offline,"Offline insight: WIPRO ADR-implied price is at a 1.51% premium to its NSE close, consistent with overnight US trading and FX movement."
2024-12-25,WIPRO,WIT,WIPRO.NS,184.8,14993.61,81.61,1,15081.95,88.34,0.59,0.0,n/a,Normal market alignment.
2024-12-26,WIPRO,WIT,WIPRO.NS,179.36,14558.93,81.57,1,14630.16,71.24,0.49,0.0,n/a,Normal market alignment.
2024-12-27,WIPRO,WIT,WIPRO.NS,172.54,14206.31,81.51,1,14062.65,-143.67,-1.01,0.0,n/a,Normal market alignment.
2024-12-30,WIPRO,WIT,WIPRO.NS,171.56,14063.09,81.53,1,13987.52,-75.58,-0.54,0.0,n/a,Normal market alignment.
2024-12-31,WIPRO,WIT,WIPRO.NS,168.06,13821.67,81.52,1,13700.28,-121.39,-0.88,0.0,n/a,Normal market alignment.
2025-01-01,WIPRO,WIT,WIPRO.NS,167.51,13739.41,81.48,1,13649.09,-90.32,-0.66,0.0,n/a,Normal market alignment.
2025-01-02,WIPRO,WIT,WIPRO.NS,168.08,13913.84,81.48,1,13694.81,-219.03,-1.57,-1.9,offline,"Offline insight: WIPRO ADR-implied price is at a 1.57% discount to its NSE close, consistent with overnight US trading and FX movement."
2025-01-03,WIPRO,WIT,WIPRO.NS,170.45,13988.33,81.52,1,13895.85,-92.48,-0.66,0.0,n/a,Normal market alignment.
2025-01-06,WIPRO,WIT,WIPRO.NS,167.59,13867.34,81.43,1,13647.64,-219.7,-1.58,-3.9,offline,"Offline insight: WIPRO ADR-implied price is at a 1.58% discount to its NSE close, consistent with overnight US trading and FX movement."
2025-01-07,WIPRO,WIT,WIPRO.NS,168.65,13840.82,81.37,1,13723.62,-117.2,-0.85,0.0,n/a,Normal market alignment.
2025-01-08,WIPRO,WIT,WIPRO.NS,168.73,13914.8,81.34,1,13724.64,-190.16,-1.37,0.0,n/a,Normal market alignment.
2025-01-09,WIPRO,WIT,WIPRO.NS,169.66,14008.56,81.4,1,13810.38,-198.18,-1.41,0.0,n/a,Normal market alignment.
2025-01-10,WIPRO,WIT,WIPRO.NS,168.39,13714.48,81.41,1,13708.92,-5.56,-0.04,0.0,n/a,Normal market alignment.
2025-01-13,WIPRO,WIT,WIPRO.NS,171.94,13948.89,81.44,1,14002.9,54.01,0.39,0.0,n/a,Normal market alignment.
2025-01-14,WIPRO,WIT,WIPRO.NS,171.72,13834.27,81.4,1,13977.7,143.43,1.04,0.0,n/a,Normal market alignment.
2025-01-15,WIPRO,WIT,WIPRO.NS,176.34,14104.43,81.35,1,14346.16,241.73,1.71,0.4,offline,"Offline insight: WIPRO ADR-implied price is at a 1.71% premium to its NSE close, consistent with overnight US trading and FX movement."
2025-01-16,WIPRO,WIT,WIPRO.NS,174.3,14114.89,81.37,1,14183.68,68.79,0.49,0.0,n/a,Normal market alignment.
2025-01-17,WIPRO,WIT,WIPRO.NS,176.3,14156.62,81.38,1,14346.56,189.94,1.34,0.0,n/a,Normal market alignment.
2025-01-20,WIPRO,WIT,WIPRO.NS,176.19,14373.81,81.4,1,14342.07,-31.74,-0.22,0.0,n/a,Normal market alignment.
2025-01-21,WIPRO,WIT,WIPRO.NS,175.38,14219.3,81.39,1,14274.72,55.42,0.39,0.0,n/a,Normal market alignment.
2025-01-22,WIPRO,WIT,WIPRO.NS,177.1,14432.63,81.4,1,14416.54,-16.09,-0.11,0.0,n/a,Normal market alignment.
2025-01-23,WIPRO,WIT,WIPRO.NS,176.36,14461.31,81.41,1,14357.46,-103.85,-0.72,0.0,n/a,Normal market alignment.
2025-01-24,WIPRO,WIT,WIPRO.NS,169.37,13794.02,81.44,1,13793.92,-0.1,-0.0,0.0,n/a,Normal market alignment.
2025-01-27,WIPRO,WIT,WIPRO.NS,161.64,13083.22,81.48,1,13169.71,86.48,0.66,0.0,n/a,Normal market alignment.
2025-01-28,WIPRO,WIT,WIPRO.NS,164.77,13276.79,81.41,1,13414.51,137.72,1.04,0.0,n/a,Normal market alignment.
2025-01-29,WIPRO,WIT,WIPRO.NS,167.86,13546.47,81.32,1,13651.16,104.69,0.77,0.0,n/a,Normal market alignment.
2025-01-30,WIPRO,WIT,WIPRO.NS,172.66,13971.13,81.37,1,14048.81,77.69,0.56,0.0,n/a,Normal market alignment.
2025-01-31,WIPRO,WIT,WIPRO.NS,172.67,13959.65,81.41,1,14057.71,98.06,0.7,0.0,n/a,Normal market alignment.
2025-02-03,WIPRO,WIT,WIPRO.NS,169.37,13695.76,81.37,1,13782.61,86.84,0.63,0.0,n/a,Normal market alignment.
2025-02-04,WIPRO,WIT,WIPRO.NS,168.36,13584.48,81.3,1,13687.64,103.16,0.76,0.0,n/a,Normal market alignment.
2025-02-05,WIPRO,WIT,WIPRO.NS,168.44,13613.46,81.31,1,13694.93,81.47,0.6,0.0,n/a,Normal market alignment.
2025-02-06,WIPRO,WIT,WIPRO.NS,165.94,13371.61,81.34,1,13498.51,126.9,0.95,0.0,n/a,Normal market alignment.
2025-02-07,WIPRO,WIT,WIPRO.NS,170.1,13928.1,81.42,1,13848.76,-79.34,-0.57,0.0,n/a,Normal market alignment.
2025-02-10,WIPRO,WIT,WIPRO.NS,175.86,14384.32,81.44,1,14321.94,-62.38,-0.43,0.0,n/a,Normal market alignment.
2025-02-11,WIPRO,WIT,WIPRO.NS,177.18,14606.02,81.42,1,14426.53,-179.49,-1.23,0.0,n/a,Normal market alignment.
2025-02-12,WIPRO,WIT,WIPRO.NS,177.2,14501.19,81.39,1,14422.35,-78.84,-0.54,0.0,n/a,Normal market alignment.
2025-02-13,WIPRO,WIT,WIPRO.NS,173.81,14031.28,81.39,1,14146.79,115.5,0.82,0.0,n/a,Normal market alignment.
2025-02-14,WIPRO,WIT,WIPRO.NS,177.9,14453.81,81.38,1,14477.23,23.42,0.16,0.0,n/a,Normal market alignment.
2025-02-17,WIPRO,WIT,WIPRO.NS,178.15,14464.15,81.34,1,14491.09,26.95,0.19,0.0,n/a,Normal market alignment.
2025-02-18,WIPRO,WIT,WIPRO.NS,177.43,14355.24,81.42,1,14447.3,92.06,0.64,0.0,n/a,Normal market alignment.
2025-02-19,WIPRO,WIT,WIPRO.NS,178.77,14725.33,81.5,1,14568.86,-156.47,-1.06,0.0,n/a,Normal market alignment.
2025-02-20,WIPRO,WIT,WIPRO.NS,177.25,14599.9,81.54,1,14453.46,-146.44,-1.0,0.0,n/a,Normal market alignment.
2025-02-21,WIPRO,WIT,WIPRO.NS,177.69,14533.66,81.51,1,14483.27,-50.38,-0.35,0.0,n/a,Normal market alignment.
2025-02-24,WIPRO,WIT,WIPRO.NS,173.9,14504.67,81.54,1,14180.36,-324.31,-2.24,-1.7,offline,"Offline insight: WIPRO ADR-implied price is at a 2.24% discount to its NSE close, consistent with overnight US trading and FX movement."
2025-02-25,WIPRO,WIT,WIPRO.NS,176.79,14718.65,81.57,1,14420.55,-298.1,-2.03,-0.3,offline,"Offline insight: WIPRO ADR-implied price is at a 2.03% discount to its NSE close, consistent with overnight US trading and FX movement."
2025-02-26,WIPRO,WIT,WIPRO.NS,176.57,14469.92,81.59,1,14405.59,-64.33,-0.44,0.0,n/a,Normal market alignment.
2025-02-27,WIPRO,WIT,WIPRO.NS,179.69,14605.89,81.64,1,14669.47,63.59,0.44,0.0,n/a,Normal market alignment.
2025-02-28,WIPRO,WIT,WIPRO.NS,179.2,14558.18,81.67,1,14634.35,76.17,0.52,0.0,n/a,Normal market alignment.
2025-03-03,WIPRO,WIT,WIPRO.NS,178.89,14479.44,81.7,1,14614.32,134.87,0.93,0.0,n/a,Normal market alignment.
2025-03-04,WIPRO,WIT,WIPRO.NS,175.69,14256.45,81.72,1,14357.59,101.14,0.71,0.0,n/a,Normal market alignment.
2025-03-05,WIPRO,WIT,WIPRO.NS,177.74,14410.76,81.74,1,14528.13,117.37,0.81,0.0,n/a,Normal market alignment.
2025-03-06,WIPRO,WIT,WIPRO.NS,175.46,14291.02,81.67,1,14329.28,38.26,0.27,0.0,n/a,Normal market alignment.
2025-03-07,WIPRO,WIT,WIPRO.NS,174.23,14195.47,81.67,1,14229.78,34.31,0.24,0.0,n/a,Normal market alignment.
2025-03-10,WIPRO,WIT,WIPRO.NS,174.29,14273.05,81.65,1,14230.57,-42.48,-0.3,0.0,n/a,Normal market alignment.
2025-03-11,WIPRO,WIT,WIPRO.NS,174.66,14152.06,81.6,1,14251.95,99.89,0.71,0.0,n/a,Normal market alignment.
2025-03-12,WIPRO,WIT,WIPRO.NS,170.24,13699.19,81.67,1,13903.12,203.93,1.49,0.0,n/a,Normal market alignment.
2025-03-13,WIPRO,WIT,WIPRO.NS,169.7,13617.89,81.74,1,13871.06,253.17,1.86,3.7,offline,"Offline insight: WIPRO ADR-implied price is at a 1.86% premium to its NSE close, consistent with overnight US trading and FX movement."
2025-03-14,WIPRO,WIT,WIPRO.NS,171.78,13934.57,81.79,1,14050.2,115.63,0.83,0.0,n/a,Normal market alignment.
2025-03-17,WIPRO,WIT,WIPRO.NS,170.85,14000.36,81.8,1,13976.59,-23.77,-0.17,0.0,n/a,Normal market alignment.
2025-03-18,WIPRO,WIT,WIPRO.NS,170.33,13833.48,81.86,1,13943.04,109.56,0.79,0.0,n/a,Normal market alignment.
2025-03-19,WIPRO,WIT,WIPRO.NS,170.8,13862.78,81.86,1,13981.44,118.66,0.86,0.0,n/a,Normal market alignment.
2025-03-20,WIPRO,WIT,WIPRO.NS,170.52,13857.73,81.87,1,13960.77,103.04,0.74,0.0,n/a,Normal market alignment.
2025-03-21,WIPRO,WIT,WIPRO.NS,167.94,13741.63,81.83,1,13741.98,0.36,0.0,0.0,n/a,Normal market alignment.
2025-03-24,WIPRO,WIT,WIPRO.NS,167.9,13700.41,81.84,1,13741.45,41.04,0.3,0.0,n/a,Normal market alignment.
2025-03-25,WIPRO,WIT,WIPRO.NS,170.45,14032.44,81.85,1,13951.05,-81.39,-0.58,0.0,n/a,Normal market alignment.
2025-03-26,WIPRO,WIT,WIPRO.NS,167.82,13713.54,81.8,1,13726.69,13.15,0.1,0.0,n/a,Normal market alignment.
2025-03-27,WIPRO,WIT,WIPRO.NS,166.92,13515.3,81.8,1,13653.52,138.23,1.02,0.0,n/a,Normal market alignment.
2025-03-28,WIPRO,WIT,WIPRO.NS,163.51,13143.58,81.79,1,13374.3,230.72,1.76,-3.2,offline,"Offline insight: WIPRO ADR-implied price is at a 1.76% premium to its NSE close, consistent with overnight US trading and FX movement."
2025-03-31,WIPRO,WIT,WIPRO.NS,165.87,13372.1,81.87,1,13579.26,207.16,1.55,0.5,offline,"Offline insight: WIPRO ADR-implied price is at a 1.55% premium to its NSE close, consistent with overnight US trading and FX movement."
2025-04-01,WIPRO,WIT,WIPRO.NS,165.69,13575.76,81.9,1,13570.61,-5.15,-0.04,0.0,n/a,Normal market alignment.
2025-04-02,WIPRO,WIT,WIPRO.NS,163.63,13386.41,81.9,1,13401.86,15.45,0.12,0.0,n/a,Normal market alignment.
2025-04-03,WIPRO,WIT,WIPRO.NS,163.9,13219.08,81.92,1,13426.22,207.14,1.57,-2.3,offline,"Offline insight: WIPRO ADR-implied price is at a 1.57% premium to its NSE close, consistent with overnight US trading and FX movement."
2025-04-04,WIPRO,WIT,WIPRO.NS,160.99,13144.63,81.92,1,13188.3,43.66,0.33,0.0,n/a,Normal market alignment.
2025-04-07,WIPRO,WIT,WIPRO.NS,158.55,12966.2,81.91,1,12986.67,20.47,0.16,0.0,n/a,Normal market alignment.
2025-04-08,WIPRO,WIT,WIPRO.NS,155.12,12563.36,81.87,1,12699.57,136.21,1.08,0.0,n/a,Normal market alignment.
2025-04-09,WIPRO,WIT,WIPRO.NS,152.69,12365.54,81.86,1,12499.4,133.86,1.08,0.0,n/a,Normal market alignment.
2025-04-10,WIPRO,WIT,WIPRO.NS,155.84,12455.99,81.83,1,12753.14,297.15,2.39,4.0,offline,"Offline insight: WIPRO ADR-implied price is at a 2.39% premium to its NSE close, consistent with overnight US trading and FX movement."
2025-04-11,WIPRO,WIT,WIPRO.NS,154.17,12494.43,81.79,1,12609.17,114.74,0.92,0.0,n/a,Normal market alignment.
2025-04-14,WIPRO,WIT,WIPRO.NS,155.3,12722.51,81.81,1,12704.46,-18.04,-0.14,0.0,n/a,Normal market alignment.
2025-04-15,WIPRO,WIT,WIPRO.NS,153.4,12455.33,81.82,1,12551.46,96.13,0.77,0.0,n/a,Normal market alignment.
2025-04-16,WIPRO,WIT,WIPRO.NS,155.19,12734.92,81.75,1,12687.29,-47.63,-0.37,0.0,n/a,Normal market alignment.
2025-04-17,WIPRO,WIT,WIPRO.NS,152.85,12540.64,81.75,1,12495.22,-45.42,-0.36,0.0,n/a,Normal market alignment.
2025-04-18,WIPRO,WIT,WIPRO.NS,152.98,12545.6,81.79,1,12512.57,-33.03,-0.26,0.0,n/a,Normal market alignment.
2025-04-21,WIPRO,WIT,WIPRO.NS,153.15,12462.19,81.83,1,12532.88,70.69,0.57,0.0,n/a,Normal market alignment.
2025-04-22,WIPRO,WIT,WIPRO.NS,158.54,12881.69,81.88,1,12980.92,99.23,0.77,0.0,n/a,Normal market alignment.
2025-04-23,WIPRO,WIT,WIPRO.NS,160.09,13006.25,81.88,1,13107.98,101.73,0.78,0.0,n/a,Normal market alignment.
2025-04-24,WIPRO,WIT,WIPRO.NS,158.72,12965.8,81.85,1,12990.13,24.32,0.19,0.0,n/a,Normal market alignment.
2025-04-25,WIPRO,WIT,WIPRO.NS,160.39,12995.56,81.8,1,13120.71,125.15,0.96,0.0,n/a,Normal market alignment.
2025-04-28,WIPRO,WIT,WIPRO.NS,165.59,13102.95,81.82,1,13547.91,444.96,3.4,2.0,offline,"Offline insight: WIPRO ADR-implied price is at a 3.40% premium to its NSE close, consistent with overnight US trading and FX movement."
2025-04-29,WIPRO,WIT,WIPRO.NS,161.59,12898.2,81.83,1,13223.42,325.22,2.52,-6.9,offline,"Offline insight: WIPRO ADR-implied price is at a 2.52% premium to its NSE close, consistent with overnight US trading and FX movement."
2025-04-30,WIPRO,WIT,WIPRO.NS,159.59,12865.05,81.89,1,13068.66,203.61,1.58,2.2,offline,"Offline insight: WIPRO ADR-implied price is at a 1.58% premium to its NSE close, consistent with overnight US trading and FX movement."
2025-05-01,WIPRO,WIT,WIPRO.NS,159.08,13027.94,81.93,1,13033.3,5.35,0.04,0.0,n/a,Normal market alignment.
2025-05-02,WIPRO,WIT,WIPRO.NS,158.13,13009.84,81.93,1,12954.99,-54.85,-0.42,0.0,n/a,Normal market alignment.
2025-05-05,WIPRO,WIT,WIPRO.NS,157.39,12938.62,81.88,1,12886.54,-52.08,-0.4,0.0,n/a,Normal market alignment.
2025-05-06,WIPRO,WIT,WIPRO.NS,154.35,12714.77,81.87,1,12636.48,-78.29,-0.62,0.0,n/a,Normal market alignment.
2025-05-07,WIPRO,WIT,WIPRO.NS,157.65,12957.24,81.88,1,12907.91,-49.33,-0.38,0.0,n/a,Normal market alignment.
2025-05-08,WIPRO,WIT,WIPRO.NS,154.33,12508.14,81.87,1,12635.25,127.11,1.02,0.0,n/a,Normal market alignment.
2025-05-09,WIPRO,WIT,WIPRO.NS,153.92,12413.63,81.85,1,12597.69,184.06,1.48,0.0,n/a,Normal market alignment.
2025-05-12,WIPRO,WIT,WIPRO.NS,156.38,12701.95,81.86,1,12800.83,98.88,0.78,0.0,n/a,Normal market alignment.
2025-05-13,WIPRO,WIT,WIPRO.NS,156.35,12844.53,81.84,1,12795.88,-48.65,-0.38,0.0,n/a,Normal market alignment.
2025-05-14,WIPRO,WIT,WIPRO.NS,154.1,12519.27,81.81,1,12608.02,88.75,0.71,0.0,n/a,Normal market alignment.
2025-05-15,WIPRO,WIT,WIPRO.NS,151.03,12310.64,81.83,1,12358.77,48.14,0.39,0.0,n/a,Normal market alignment.
2025-05-16,WIPRO,WIT,WIPRO.NS,150.56,12438.72,81.81,1,12317.57,-121.15,-0.97,0.0,n/a,Normal market alignment.
2025-05-19,WIPRO,WIT,WIPRO.NS,148.89,12193.45,81.82,1,12183.0,-10.45,-0.09,0.0,n/a,Normal market alignment.
2025-05-20,WIPRO,WIT,WIPRO.NS,149.4,12144.99,81.84,1,12225.94,80.96,0.67,0.0,n/a,Normal market alignment.
2025-05-21,WIPRO,WIT,WIPRO.NS,146.3,12123.46,81.79,1,11966.08,-157.39,-1.3,0.0,n/a,Normal market alignment.
2025-05-22,WIPRO,WIT,WIPRO.NS,148.13,12279.42,81.77,1,12112.9,-166.52,-1.36,0.0,n/a,Normal market alignment.
2025-05-23,WIPRO,WIT,WIPRO.NS,148.43,12255.4,81.83,1,12146.21,-109.19,-0.89,0.0,n/a,Normal market alignment.
2025-05-26,WIPRO,WIT,WIPRO.NS,148.9,12180.16,81.79,1,12177.67,-2.49,-0.02,0.0,n/a,Normal market alignment.
2025-05-27,WIPRO,WIT,WIPRO.NS,152.16,12478.4,81.7,1,12431.82,-46.58,-0.37,0.0,n/a,Normal market alignment.
2025-05-28,WIPRO,WIT,WIPRO.NS,151.21,12443.16,81.63,1,12342.81,-100.35,-0.81,0.0,n/a,Normal market alignment.
2025-05-29,WIPRO,WIT,WIPRO.NS,149.61,12209.38,81.63,1,12212.45,3.07,0.03,0.0,n/a,Normal market alignment.
2025-05-30,WIPRO,WIT,WIPRO.NS,148.42,12154.12,81.63,1,12116.11,-38.01,-0.31,0.0,n/a,Normal market alignment.
2025-06-02,WIPRO,WIT,WIPRO.NS,148.04,12061.07,81.63,1,12084.2,23.13,0.19,0.0,n/a,Normal market alignment.
2025-06-03,WIPRO,WIT,WIPRO.NS,147.88,12159.28,81.68,1,12078.67,-80.61,-0.66,0.0,n/a,Normal market alignment.
2025-06-04,WIPRO,WIT,WIPRO.NS,146.08,12078.7,81.57,1,11916.31,-162.39,-1.34,0.0,n/a,Normal market alignment.
2025-06-05,WIPRO,WIT,WIPRO.NS,141.69,11592.88,81.59,1,11560.66,-32.22,-0.28,0.0,n/a,Normal market alignment.
2025-06-06,WIPRO,WIT,WIPRO.NS,140.54,11474.63,81.65,1,11475.78,1.15,0.01,0.0,n/a,Normal market alignment.
2025-06-09,WIPRO,WIT,WIPRO.NS,141.34,11460.24,81.61,1,11534.92,74.69,0.65,0.0,n/a,Normal market alignment.
2025-06-10,WIPRO,WIT,WIPRO.NS,141.67,11557.84,81.6,1,11559.95,2.1,0.02,0.0,n/a,Normal market alignment.
2025-06-11,WIPRO,WIT,WIPRO.NS,144.27,11831.78,81.57,1,11767.22,-64.56,-0.55,0.0,n/a,Normal market alignment.
2025-06-12,WIPRO,WIT,WIPRO.NS,148.54,12035.51,81.53,1,12110.74,75.24,0.63,0.0,n/a,Normal market alignment.
2025-06-13,WIPRO,WIT,WIPRO.NS,150.28,12335.75,81.52,1,12250.51,-85.24,-0.69,0.0,n/a,Normal market alignment.
2025-06-16,WIPRO,WIT,WIPRO.NS,153.44,12459.65,81.58,1,12517.14,57.49,0.46,0.0,n/a,Normal market alignment.
2025-06-17,WIPRO,WIT,WIPRO.NS,155.25,12525.97,81.65,1,12676.43,150.46,1.2,0.0,n/a,Normal market alignment.
2025-06-18,WIPRO,WIT,WIPRO.NS,159.28,12833.62,81.64,1,13003.39,169.76,1.32,0.0,n/a,Normal market alignment.
2025-06-19,WIPRO,WIT,WIPRO.NS,163.75,13339.29,81.72,1,13380.94,41.65,0.31,0.0,n/a,Normal market alignment.
2025-06-20,WIPRO,WIT,WIPRO.NS,166.13,13628.63,81.72,1,13576.27,-52.37,-0.38,0.0,n/a,Normal market alignment.
2025-06-23,WIPRO,WIT,WIPRO.NS,167.94,13788.2,81.79,1,13736.14,-52.06,-0.38,0.0,n/a,Normal market alignment.
2025-06-24,WIPRO,WIT,WIPRO.NS,167.48,13854.5,81.79,1,13697.52,-156.98,-1.13,0.0,n/a,Normal market alignment.
2025-06-25,WIPRO,WIT,WIPRO.NS,167.42,13882.01,81.79,1,13694.18,-187.83,-1.35,0.0,n/a,Normal market alignment.
2025-06-26,WIPRO,WIT,WIPRO.NS,166.62,13680.81,81.81,1,13631.49,-49.32,-0.36,0.0,n/a,Normal market alignment.
2025-06-27,WIPRO,WIT,WIPRO.NS,168.23,13751.41,81.94,1,13784.17,32.76,0.24,0.0,n/a,Normal market alignment.
2025-06-30,WIPRO,WIT,WIPRO.NS,166.46,13726.43,81.97,1,13645.2,-81.23,-0.59,0.0,n/a,Normal market alignment.
2025-07-01,WIPRO,WIT,WIPRO.NS,166.03,13589.58,81.95,1,13605.65,16.07,0.12,0.0,n/a,Normal market alignment.
2025-07-02,WIPRO,WIT,WIPRO.NS,160.22,13084.55,81.99,1,13135.44,50.89,0.39,0.0,n/a,Normal market alignment.
2025-07-03,WIPRO,WIT,WIPRO.NS,164.41,13305.0,81.97,1,13476.67,171.67,1.29,0.0,n/a,Normal market alignment.
2025-07-04,WIPRO,WIT,WIPRO.NS,163.91,13277.41,81.95,1,13433.1,155.69,1.17,0.0,n/a,Normal market alignment.
2025-07-07,WIPRO,WIT,WIPRO.NS,165.08,13342.35,81.99,1,13535.09,192.74,1.44,0.0,n/a,Normal market alignment.
2025-07-08,WIPRO,WIT,WIPRO.NS,168.74,13671.35,81.99,1,13835.5,164.15,1.2,0.0,n/a,Normal market alignment.
2025-07-09,WIPRO,WIT,WIPRO.NS,169.55,13711.2,82.0,1,13904.03,192.83,1.41,0.0,n/a,Normal market alignment.
2025-07-10,WIPRO,WIT,WIPRO.NS,173.28,14217.83,82.01,1,14209.7,-8.13,-0.06,0.0,n/a,Normal market alignment.
2025-07-11,WIPRO,WIT,WIPRO.NS,170.1,13968.45,82.02,1,13951.76,-16.7,-0.12,0.0,n/a,Normal market alignment.
2025-07-14,WIPRO,WIT,WIPRO.NS,176.27,14475.16,82.04,1,14460.83,-14.33,-0.1,0.0,n/a,Normal market alignment.
2025-07-15,WIPRO,WIT,WIPRO.NS,179.2,14721.13,81.96,1,14687.27,-33.86,-0.23,0.0,n/a,Normal market alignment.
2025-07-16,WIPRO,WIT,WIPRO.NS,179.81,14717.32,81.99,1,14742.74,25.42,0.17,0.0,n/a,Normal market alignment.
2025-07-17,WIPRO,WIT,WIPRO.NS,183.71,14973.27,81.95,1,15055.27,82.01,0.55,0.0,n/a,Normal market alignment.
2025-07-18,WIPRO,WIT,WIPRO.NS,180.54,14696.99,81.9,1,14785.64,88.65,0.6,0.0,n/a,Normal market alignment.
2025-07-21,WIPRO,WIT,WIPRO.NS,179.82,14690.86,81.89,1,14725.83,34.97,0.24,0.0,n/a,Normal market alignment.
2025-07-22,WIPRO,WIT,WIPRO.NS,183.77,15106.29,81.9,1,15050.06,-56.22,-0.37,0.0,n/a,Normal market alignment.
2025-07-23,WIPRO,WIT,WIPRO.NS,178.67,14549.06,81.87,1,14628.31,79.25,0.54,0.0,n/a,Normal market alignment.
2025-07-24,WIPRO,WIT,WIPRO.NS,180.23,14677.94,81.91,1,14761.85,83.91,0.57,0.0,n/a,Normal market alignment.
2025-07-25,WIPRO,WIT,WIPRO.NS,181.72,14929.79,81.85,1,14874.54,-55.25,-0.37,0.0,n/a,Normal market alignment.
2025-07-28,WIPRO,WIT,WIPRO.NS,187.15,15370.48,81.84,1,15315.51,-54.97,-0.36,0.0,n/a,Normal market alignment.
2025-07-29,WIPRO,WIT,WIPRO.NS,182.76,15170.03,81.82,1,14952.36,-217.67,-1.43,0.0,n/a,Normal market alignment.
2025-07-30,WIPRO,WIT,WIPRO.NS,187.22,15446.86,81.81,1,15317.7,-129.16,-0.84,0.0,n/a,Normal market alignment.
2025-07-31,WIPRO,WIT,WIPRO.NS,185.71,15293.97,81.83,1,15196.01,-97.97,-0.64,0.0,n/a,Normal market alignment.
2025-08-01,WIPRO,WIT,WIPRO.NS,184.52,15211.05,81.79,1,15091.42,-119.63,-0.79,0.0,n/a,Normal market alignment.
2025-08-04,WIPRO,WIT,WIPRO.NS,181.19,14730.86,81.82,1,14824.75,93.89,0.64,0.0,n/a,Normal market alignment.
2025-08-05,WIPRO,WIT,WIPRO.NS,178.29,14650.46,81.82,1,14587.92,-62.54,-0.43,0.0,n/a,Normal market alignment.
2025-08-06,WIPRO,WIT,WIPRO.NS,179.42,14632.32,81.75,1,14667.19,34.87,0.24,0.0,n/a,Normal market alignment.
2025-08-07,WIPRO,WIT,WIPRO.NS,176.48,14175.96,81.67,1,14413.22,237.26,1.67,-4.6,offline,"Offline insight: WIPRO ADR-implied price is at a 1.67% premium to its NSE close, consistent with overnight US trading and FX movement."
2025-08-08,WIPRO,WIT,WIPRO.NS,178.5,14325.79,81.67,1,14577.68,251.89,1.76,3.1,offline,"Offline insight: WIPRO ADR-implied price is at a 1.76% premium to its NSE close, consistent with overnight US trading and FX movement."
2025-08-11,WIPRO,WIT,WIPRO.NS,176.78,14288.12,81.66,1,14435.7,147.58,1.03,0.0,n/a,Normal market alignment.
2025-08-12,WIPRO,WIT,WIPRO.NS,173.61,14201.55,81.66,1,14176.83,-24.73,-0.17,0.0,n/a,Normal market alignment.
2025-08-13,WIPRO,WIT,WIPRO.NS,172.29,14219.24,81.66,1,14068.82,-150.43,-1.06,0.0,n/a,Normal market alignment.
2025-08-14,WIPRO,WIT,WIPRO.NS,173.21,14277.59,81.67,1,14145.83,-131.76,-0.92,0.0,n/a,Normal market alignment.
2025-08-15,WIPRO,WIT,WIPRO.NS,172.54,14245.32,81.71,1,14097.94,-147.38,-1.03,0.0,n/a,Normal market alignment.
2025-08-18,WIPRO,WIT,WIPRO.NS,172.68,14262.27,81.66,1,14101.9,-160.37,-1.12,0.0,n/a,Normal market alignment.
2025-08-19,WIPRO,WIT,WIPRO.NS,174.54,14375.21,81.62,1,14245.39,-129.82,-0.9,0.0,n/a,Normal market alignment.
2025-08-20,WIPRO,WIT,WIPRO.NS,177.42,14562.71,81.58,1,14473.37,-89.33,-0.61,0.0,n/a,Normal market alignment.
2025-08-21,WIPRO,WIT,WIPRO.NS,176.65,14416.71,81.59,1,14412.61,-4.1,-0.03,0.0,n/a,Normal market alignment.
2025-08-22,WIPRO,WIT,WIPRO.NS,173.94,14326.6,81.64,1,14200.02,-126.58,-0.88,0.0,n/a,Normal market alignment.
2025-08-25,WIPRO,WIT,WIPRO.NS,174.19,14362.38,81.62,1,14217.66,-144.73,-1.01,0.0,n/a,Normal market alignment.
2025-08-26,WIPRO,WIT,WIPRO.NS,175.47,14408.13,81.52,1,14304.91,-103.22,-0.72,0.0,n/a,Normal market alignment.
2025-08-27,WIPRO,WIT,WIPRO.NS,171.68,14063.94,81.46,1,13984.24,-79.7,-0.57,0.0,n/a,Normal market alignment.
2025-08-28,WIPRO,WIT,WIPRO.NS,169.44,13666.92,81.42,1,13796.14,129.22,0.95,0.0,n/a,Normal market alignment.
2025-08-29,WIPRO,WIT,WIPRO.NS,167.66,13548.99,81.4,1,13647.88,98.89,0.73,0.0,n/a,Normal market alignment.
2025-09-01,WIPRO,WIT,WIPRO.NS,167.19,13701.62,81.39,1,13606.87,-94.76,-0.69,0.0,n/a,Normal market alignment.
2025-09-02,WIPRO,WIT,WIPRO.NS,165.33,13472.51,81.39,1,13456.04,-16.47,-0.12,0.0,n/a,Normal market alignment.
2025-09-03,WIPRO,WIT,WIPRO.NS,167.13,13559.02,81.38,1,13600.87,41.85,0.31,0.0,n/a,Normal market alignment.
2025-09-04,WIPRO,WIT,WIPRO.NS,163.16,13271.54,81.42,1,13284.49,12.95,0.1,0.0,n/a,Normal market alignment.
2025-09-05,WIPRO,WIT,WIPRO.NS,159.34,13072.93,81.39,1,12969.54,-103.38,-0.79,0.0,n/a,Normal market alignment.
2025-09-08,WIPRO,WIT,WIPRO.NS,158.59,12806.33,81.36,1,12903.16,96.83,0.76,0.0,n/a,Normal market alignment.
2025-09-09,WIPRO,WIT,WIPRO.NS,158.22,12914.35,81.38,1,12876.23,-38.13,-0.3,0.0,n/a,Normal market alignment.
2025-09-10,WIPRO,WIT,WIPRO.NS,154.82,12553.95,81.32,1,12589.78,35.83,0.29,0.0,n/a,Normal market alignment.
2025-09-11,WIPRO,WIT,WIPRO.NS,153.45,12442.79,81.34,1,12481.52,38.73,0.31,0.0,n/a,Normal market alignment.
2025-09-12,WIPRO,WIT,WIPRO.NS,152.58,12336.04,81.34,1,12410.96,74.92,0.61,0.0,n/a,Normal market alignment.
2025-09-15,WIPRO,WIT,WIPRO.NS,151.72,12151.26,81.34,1,12340.72,189.46,1.56,0.9,offline,"Offline insight: WIPRO ADR-implied price is at a 1.56% premium to its NSE close, consistent with overnight US trading and FX movement."
2025-09-16,WIPRO,WIT,WIPRO.NS,152.11,12219.99,81.4,1,12382.35,162.36,1.33,0.0,n/a,Normal market alignment.
2025-09-17,WIPRO,WIT,WIPRO.NS,150.65,12210.0,81.38,1,12259.59,49.59,0.41,0.0,n/a,Normal market alignment.
2025-09-18,WIPRO,WIT,WIPRO.NS,154.03,12421.45,81.46,1,12547.88,126.43,1.02,0.0,n/a,Normal market alignment.
2025-09-19,WIPRO,WIT,WIPRO.NS,155.21,12620.97,81.45,1,12642.29,21.32,0.17,0.0,n/a,Normal market alignment.
2025-09-22,WIPRO,WIT,WIPRO.NS,153.38,12458.45,81.4,1,12485.35,26.89,0.22,0.0,n/a,Normal market alignment.
2025-09-23,WIPRO,WIT,WIPRO.NS,153.64,12605.15,81.41,1,12507.38,-97.77,-0.78,0.0,n/a,Normal market alignment.
2025-09-24,WIPRO,WIT,WIPRO.NS,153.97,12678.63,81.37,1,12527.92,-150.71,-1.19,0.0,n/a,Normal market alignment.
2025-09-25,WIPRO,WIT,WIPRO.NS,156.82,12842.36,81.34,1,12755.39,-86.97,-0.68,0.0,n/a,Normal market alignment.
2025-09-26,WIPRO,WIT,WIPRO.NS,155.46,12665.8,81.35,1,12646.97,-18.83,-0.15,0.0,n/a,Normal market alignment.
2025-09-29,WIPRO,WIT,WIPRO.NS,157.29,12966.06,81.38,1,12799.98,-166.08,-1.28,0.0,n/a,Normal market alignment.
2025-09-30,WIPRO,WIT,WIPRO.NS,157.44,12862.17,81.35,1,12808.1,-54.08,-0.42,0.0,n/a,Normal market alignment.
2025-10-01,WIPRO,WIT,WIPRO.NS,161.01,13214.15,81.39,1,13105.02,-109.13,-0.83,0.0,n/a,Normal market alignment.
2025-10-02,WIPRO,WIT,WIPRO.NS,164.17,13317.17,81.44,1,13370.48,53.3,0.4,0.0,n/a,Normal market alignment.
2025-10-03,WIPRO,WIT,WIPRO.NS,164.71,13424.46,81.5,1,13423.62,-0.83,-0.01,0.0,n/a,Normal market alignment.
2025-10-06,WIPRO,WIT,WIPRO.NS,164.11,13485.04,81.52,1,13378.48,-106.57,-0.79,0.0,n/a,Normal market alignment.
2025-10-07,WIPRO,WIT,WIPRO.NS,165.41,13550.4,81.58,1,13493.34,-57.06,-0.42,0.0,n/a,Normal market alignment.
2025-10-08,WIPRO,WIT,WIPRO.NS,165.01,13569.93,81.5,1,13448.62,-121.32,-0.89,0.0,n/a,Normal market alignment.
2025-10-09,WIPRO,WIT,WIPRO.NS,169.22,13741.29,81.49,1,13789.64,48.35,0.35,0.0,n/a,Normal market alignment.
2025-10-10,WIPRO,WIT,WIPRO.NS,169.47,13775.16,81.46,1,13804.3,29.13,0.21,0.0,n/a,Normal market alignment.
2025-10-13,WIPRO,WIT,WIPRO.NS,168.49,13722.57,81.46,1,13725.41,2.84,0.02,0.0,n/a,Normal market alignment.
2025-10-14,WIPRO,WIT,WIPRO.NS,167.38,13573.33,81.44,1,13631.25,57.92,0.43,0.0,n/a,Normal market alignment.
2025-10-15,WIPRO,WIT,WIPRO.NS,164.38,13446.55,81.44,1,13386.38,-60.17,-0.45,0.0,n/a,Normal market alignment.
2025-10-16,WIPRO,WIT,WIPRO.NS,165.8,13674.92,81.51,1,13514.8,-160.12,-1.17,0.0,n/a,Normal market alignment.
2025-10-17,WIPRO,WIT,WIPRO.NS,163.81,13407.54,81.51,1,13351.67,-55.87,-0.42,0.0,n/a,Normal market alignment.
2025-10-20,WIPRO,WIT,WIPRO.NS,166.56,13718.43,81.52,1,13578.53,-139.9,-1.02,0.0,n/a,Normal market alignment.
2025-10-21,WIPRO,WIT,WIPRO.NS,163.38,13504.52,81.52,1,13317.91,-186.62,-1.38,0.0,n/a,Normal market alignment.
2025-10-22,WIPRO,WIT,WIPRO.NS,163.74,13380.55,81.52,1,13347.98,-32.57,-0.24,0.0,n/a,Normal market alignment.
2025-10-23,WIPRO,WIT,WIPRO.NS,166.61,13552.47,81.52,1,13582.49,30.02,0.22,0.0,n/a,Normal market alignment.
2025-10-24,WIPRO,WIT,WIPRO.NS,161.29,13249.81,81.54,1,13151.13,-98.68,-0.74,0.0,n/a,Normal market alignment.
2025-10-27,WIPRO,WIT,WIPRO.NS,166.22,13681.56,81.59,1,13561.12,-120.43,-0.88,0.0,n/a,Normal market alignment.
2025-10-28,WIPRO,WIT,WIPRO.NS,165.21,13648.16,81.65,1,13489.73,-158.42,-1.16,0.0,n/a,Normal market alignment.
2025-10-29,WIPRO,WIT,WIPRO.NS,165.61,13450.97,81.67,1,13524.55,73.57,0.55,0.0,n/a,Normal market alignment.
2025-10-30,WIPRO,WIT,WIPRO.NS,167.07,13518.54,81.69,1,13648.64,130.1,0.96,0.0,n/a,Normal market alignment.
2025-10-31,WIPRO,WIT,WIPRO.NS,168.94,13754.88,81.65,1,13793.79,38.9,0.28,0.0,n/a,Normal market alignment.
2025-11-03,WIPRO,WIT,WIPRO.NS,169.69,13775.23,81.64,1,13854.17,78.94,0.57,0.0,n/a,Normal market alignment.
2025-11-04,WIPRO,WIT,WIPRO.NS,172.28,14157.97,81.68,1,14072.24,-85.73,-0.61,0.0,n/a,Normal market alignment.
2025-11-05,WIPRO,WIT,WIPRO.NS,173.67,14311.6,81.72,1,14192.22,-119.38,-0.83,0.0,n/a,Normal market alignment.
2025-11-06,WIPRO,WIT,WIPRO.NS,178.31,14635.54,81.73,1,14573.03,-62.51,-0.43,0.0,n/a,Normal market alignment.
2025-11-07,WIPRO,WIT,WIPRO.NS,179.76,14689.27,81.76,1,14698.13,8.86,0.06,0.0,n/a,Normal market alignment.
2025-11-10,WIPRO,WIT,WIPRO.NS,185.11,15144.36,81.79,1,15139.51,-4.85,-0.03,0.0,n/a,Normal market alignment.
2025-11-11,WIPRO,WIT,WIPRO.NS,187.67,15334.2,81.83,1,15357.88,23.67,0.15,0.0,n/a,Normal market alignment.
2025-11-12,WIPRO,WIT,WIPRO.NS,182.64,14926.78,81.85,1,14948.79,22.01,0.15,0.0,n/a,Normal market alignment.
2025-11-13,WIPRO,WIT,WIPRO.NS,189.85,15540.3,81.83,1,15536.26,-4.04,-0.03,0.0,n/a,Normal market alignment.
2025-11-14,WIPRO,WIT,WIPRO.NS,188.27,15444.22,81.85,1,15409.79,-34.43,-0.22,0.0,n/a,Normal market alignment.
2025-11-17,WIPRO,WIT,WIPRO.NS,192.55,15806.03,81.73,1,15737.72,-68.3,-0.43,0.0,n/a,Normal market alignment.
2025-11-18,WIPRO,WIT,WIPRO.NS,192.69,15767.2,81.75,1,15751.91,-15.28,-0.1,0.0,n/a,Normal market alignment.
2025-11-19,WIPRO,WIT,WIPRO.NS,195.81,15942.4,81.6,1,15978.97,36.57,0.23,0.0,n/a,Normal market alignment.
2025-11-20,WIPRO,WIT,WIPRO.NS,193.85,15762.0,81.54,1,15805.58,43.58,0.28,0.0,n/a,Normal market alignment.
2025-11-21,WIPRO,WIT,WIPRO.NS,195.73,16068.32,81.55,1,15962.41,-105.91,-0.66,0.0,n/a,Normal market alignment.
2025-11-24,WIPRO,WIT,WIPRO.NS,195.04,16086.6,81.57,1,15910.49,-176.1,-1.09,0.0,n/a,Normal market alignment.
2025-11-25,WIPRO,WIT,WIPRO.NS,199.72,16344.74,81.53,1,16283.02,-61.72,-0.38,0.0,n/a,Normal market alignment.
2025-11-26,WIPRO,WIT,WIPRO.NS,201.1,16258.86,81.5,1,16389.52,130.66,0.8,0.0,n/a,Normal market alignment.
2025-11-27,WIPRO,WIT,WIPRO.NS,203.98,16538.53,81.56,1,16635.92,97.39,0.59,0.0,n/a,Normal market alignment.
2025-11-28,WIPRO,WIT,WIPRO.NS,197.42,16086.78,81.54,1,16097.26,10.48,0.07,0.0,n/a,Normal market alignment.
2025-12-01,WIPRO,WIT,WIPRO.NS,197.22,16067.81,81.63,1,16099.32,31.51,0.2,0.0,n/a,Normal market alignment.
2025-12-02,WIPRO,WIT,WIPRO.NS,198.5,16314.11,81.63,1,16203.48,-110.63,-0.68,0.0,n/a,Normal market alignment.
2025-12-03,WIPRO,WIT,WIPRO.NS,199.22,16183.7,81.65,1,16266.14,82.44,0.51,0.0,n/a,Normal market alignment.
2025-12-04,WIPRO,WIT,WIPRO.NS,202.16,16447.06,81.71,1,16518.81,71.75,0.44,0.0,n/a,Normal market alignment.
2025-12-05,WIPRO,WIT,WIPRO.NS,201.11,16468.43,81.72,1,16434.36,-34.07,-0.21,0.0,n/a,Normal market alignment.
2025-12-08,WIPRO,WIT,WIPRO.NS,201.31,16483.15,81.68,1,16443.45,-39.7,-0.24,0.0,n/a,Normal market alignment.
2025-12-09,WIPRO,WIT,WIPRO.NS,204.94,16825.43,81.68,1,16739.04,-86.39,-0.51,0.0,n/a,Normal market alignment.
2025-12-10,WIPRO,WIT,WIPRO.NS,198.0,16073.76,81.68,1,16171.83,98.07,0.61,0.0,n/a,Normal market alignment.
2025-12-11,WIPRO,WIT,WIPRO.NS,199.81,16272.4,81.62,1,16308.93,36.53,0.22,0.0,n/a,Normal market alignment.
2025-12-12,WIPRO,WIT,WIPRO.NS,198.87,16190.89,81.61,1,16230.31,39.42,0.24,0.0,n/a,Normal market alignment.
2025-12-15,WIPRO,WIT,WIPRO.NS,196.21,15920.25,81.59,1,16007.44,87.19,0.55,0.0,n/a,Normal market alignment.
2025-12-16,WIPRO,WIT,WIPRO.NS,197.25,16131.18,81.62,1,16100.54,-30.64,-0.19,0.0,n/a,Normal market alignment.
2025-12-17,WIPRO,WIT,WIPRO.NS,200.95,16398.74,81.63,1,16402.29,3.55,0.02,0.0,n/a,Normal market alignment.
2025-12-18,WIPRO,WIT,WIPRO.NS,204.14,16626.67,81.62,1,16660.77,34.1,0.21,0.0,n/a,Normal market alignment.
2025-12-19,WIPRO,WIT,WIPRO.NS,203.79,16793.37,81.61,1,16631.34,-162.02,-0.96,0.0,n/a,Normal market alignment.
2025-12-22,WIPRO,WIT,WIPRO.NS,206.52,16924.89,81.62,1,16856.85,-68.04,-0.4,0.0,n/a,Normal market alignment.
2025-12-23,WIPRO,WIT,WIPRO.NS,209.27,17133.59,81.65,1,17086.78,-46.81,-0.27,0.0,n/a,Normal market alignment.
2025-12-24,WIPRO,WIT,WIPRO.NS,209.06,17073.82,81.61,1,17061.36,-12.46,-0.07,0.0,n/a,Normal market alignment.
2025-12-25,WIPRO,WIT,WIPRO.NS,206.95,16883.87,81.57,1,16880.69,-3.18,-0.02,0.0,n/a,Normal market alignment.
2025-12-26,WIPRO,WIT,WIPRO.NS,205.04,16705.75,81.61,1,16734.17,28.42,0.17,0.0,n/a,Normal market alignment.
2025-12-29,WIPRO,WIT,WIPRO.NS,207.68,16772.15,81.6,1,16946.28,174.13,1.04,0.0,n/a,Normal market alignment.
2025-12-30,WIPRO,WIT,WIPRO.NS,207.61,16963.49,81.54,1,16929.1,-34.39,-0.2,0.0,n/a,Normal market alignment.
2025-12-31,WIPRO,WIT,WIPRO.NS,204.42,16732.77,81.56,1,16672.34,-60.43,-0.36,0.0,n/a,Normal market alignment.
2026-01-01,WIPRO,WIT,WIPRO.NS,199.31,16219.34,81.58,1,16259.88,40.54,0.25,0.0,n/a,Normal market alignment.
2026-01-02,WIPRO,WIT,WIPRO.NS,201.86,16375.8,81.52,1,16455.48,79.69,0.49,0.0,n/a,Normal market alignment.
2026-01-05,WIPRO,WIT,WIPRO.NS,200.26,16227.93,81.53,1,16327.5,99.57,0.61,0.0,n/a,Normal market alignment.
2026-01-06,WIPRO,WIT,WIPRO.NS,201.32,16050.96,81.56,1,16419.44,368.47,2.3,-1.4,offline,"Offline insight: WIPRO ADR-implied price is at a 2.30% premium to its NSE close, consistent with overnight US trading and FX movement."
2026-01-07,WIPRO,WIT,WIPRO.NS,205.12,16435.92,81.58,1,16732.97,297.04,1.81,2.7,offline,"Offline insight: WIPRO ADR-implied price is at a 1.81% premium to its NSE close, consistent with overnight US trading and FX movement."
2026-01-08,WIPRO,WIT,WIPRO.NS,201.15,16112.47,81.6,1,16414.74,302.27,1.88,5.0,offline,"Offline insight: WIPRO ADR-implied price is at a 1.88% premium to its NSE close, consistent with overnight US trading and FX movement."
2026-01-09,WIPRO,WIT,WIPRO.NS,201.08,16249.48,81.55,1,16397.46,147.98,0.91,0.0,n/a,Normal market alignment.
2026-01-12,WIPRO,WIT,WIPRO.NS,200.62,16387.61,81.56,1,16363.25,-24.36,-0.15,0.0,n/a,Normal market alignment.
2026-01-13,WIPRO,WIT,WIPRO.NS,201.83,16510.18,81.55,1,16459.12,-51.05,-0.31,0.0,n/a,Normal market alignment.
2026-01-14,WIPRO,WIT,WIPRO.NS,205.64,16713.94,81.53,1,16766.23,52.29,0.31,0.0,n/a,Normal market alignment.
2026-01-15,WIPRO,WIT,WIPRO.NS,201.6,16366.8,81.57,1,16444.13,77.33,0.47,0.0,n/a,Normal market alignment.
2026-01-16,WIPRO,WIT,WIPRO.NS,203.38,16508.45,81.63,1,16601.85,93.4,0.57,0.0,n/a,Normal market alignment.
2026-01-19,WIPRO,WIT,WIPRO.NS,206.59,16846.83,81.7,1,16878.74,31.91,0.19,0.0,n/a,Normal market alignment.
2026-01-20,WIPRO,WIT,WIPRO.NS,206.08,16872.64,81.75,1,16847.66,-24.97,-0.15,0.0,n/a,Normal market alignment.
2026-01-21,WIPRO,WIT,WIPRO.NS,205.71,16853.47,81.75,1,16817.29,-36.19,-0.21,0.0,n/a,Normal market alignment.
2026-01-22,WIPRO,WIT,WIPRO.NS,207.07,16867.21,81.77,1,16931.02,63.81,0.38,0.0,n/a,Normal market alignment.
2026-01-23,WIPRO,WIT,WIPRO.NS,208.2,16892.51,81.8,1,17030.26,137.76,0.82,0.0,n/a,Normal market alignment.
2026-01-26,WIPRO,WIT,WIPRO.NS,210.08,17222.41,81.8,1,17185.37,-37.04,-0.22,0.0,n/a,Normal market alignment.
2026-01-27,WIPRO,WIT,WIPRO.NS,211.91,17266.67,81.81,1,17336.53,69.86,0.4,0.0,n/a,Normal market alignment.
2026-01-28,WIPRO,WIT,WIPRO.NS,208.85,17129.9,81.84,1,17093.46,-36.44,-0.21,0.0,n/a,Normal market alignment.
2026-01-29,WIPRO,WIT,WIPRO.NS,212.02,17317.47,81.84,1,17352.2,34.74,0.2,0.0,n/a,Normal market alignment.
2026-01-30,WIPRO,WIT,WIPRO.NS,215.79,17657.5,81.81,1,17655.02,-2.48,-0.01,0.0,n/a,Normal market alignment.
2026-02-02,WIPRO,WIT,WIPRO.NS,216.46,17515.72,81.8,1,17706.23,190.51,1.09,0.0,n/a,Normal market alignment.
2026-02-03,WIPRO,WIT,WIPRO.NS,211.67,17258.16,81.83,1,17320.28,62.12,0.36,0.0,n/a,Normal market alignment.
2026-02-04,WIPRO,WIT,WIPRO.NS,211.37,17237.13,81.83,1,17295.9,58.78,0.34,0.0,n/a,Normal market alignment.
2026-02-05,WIPRO,WIT,WIPRO.NS,212.05,17246.11,81.84,1,17354.62,108.51,0.63,0.0,n/a,Normal market alignment.
2026-02-06,WIPRO,WIT,WIPRO.NS,208.48,17107.74,81.87,1,17067.67,-40.07,-0.23,0.0,n/a,Normal market alignment.
2026-02-09,WIPRO,WIT,WIPRO.NS,207.41,17010.27,81.86,1,16977.68,-32.58,-0.19,0.0,n/a,Normal market alignment.
2026-02-10,WIPRO,WIT,WIPRO.NS,203.09,16680.5,81.89,1,16630.21,-50.3,-0.3,0.0,n/a,Normal market alignment.
2026-02-11,WIPRO,WIT,WIPRO.NS,205.0,16881.26,81.9,1,16790.0,-91.26,-0.54,0.0,n/a,Normal market alignment.
2026-02-12,WIPRO,WIT,WIPRO.NS,205.57,16933.93,81.85,1,16826.88,-107.05,-0.63,0.0,n/a,Normal market alignment.
2026-02-13,WIPRO,WIT,WIPRO.NS,200.56,16362.99,81.91,1,16428.3,65.31,0.4,0.0,n/a,Normal market alignment.
2026-02-16,WIPRO,WIT,WIPRO.NS,201.68,16545.7,81.89,1,16516.0,-29.7,-0.18,0.0,n/a,Normal market alignment.
2026-02-17,WIPRO,WIT,WIPRO.NS,201.57,16446.32,81.83,1,16493.81,47.49,0.29,0.0,n/a,Normal market alignment.
2026-02-18,WIPRO,WIT,WIPRO.NS,203.19,16553.1,81.79,1,16618.23,65.13,0.39,0.0,n/a,Normal market alignment.
2026-02-19,WIPRO,WIT,WIPRO.NS,202.05,16641.01,81.75,1,16517.57,-123.44,-0.74,0.0,n/a,Normal market alignment.
2026-02-20,WIPRO,WIT,WIPRO.NS,199.69,16337.91,81.75,1,16324.57,-13.34,-0.08,0.0,n/a,Normal market alignment.
2026-02-23,WIPRO,WIT,WIPRO.NS,197.44,16308.09,81.74,1,16138.74,-169.35,-1.04,0.0,n/a,Normal market alignment.
2026-02-24,WIPRO,WIT,WIPRO.NS,195.9,16040.28,81.73,1,16010.86,-29.42,-0.18,0.0,n/a,Normal market alignment.
2026-02-25,WIPRO,WIT,WIPRO.NS,196.02,16100.12,81.75,1,16025.24,-74.88,-0.47,0.0,n/a,Normal market alignment.
2026-02-26,WIPRO,WIT,WIPRO.NS,196.51,16112.5,81.77,1,16068.48,-44.02,-0.27,0.0,n/a,Normal market alignment.
2026-02-27,WIPRO,WIT,WIPRO.NS,196.01,16203.37,81.78,1,16030.01,-173.36,-1.07,0.0,n/a,Normal market alignment.
2026-03-02,WIPRO,WIT,WIPRO.NS,194.82,16025.56,81.8,1,15936.42,-89.15,-0.56,0.0,n/a,Normal market alignment.
2026-03-03,WIPRO,WIT,WIPRO.NS,193.85,15812.34,81.83,1,15862.17,49.82,0.32,0.0,n/a,Normal market alignment.
2026-03-04,WIPRO,WIT,WIPRO.NS,201.2,16508.87,81.74,1,16446.83,-62.04,-0.38,0.0,n/a,Normal market alignment.
2026-03-05,WIPRO,WIT,WIPRO.NS,198.94,16365.38,81.73,1,16258.92,-106.46,-0.65,0.0,n/a,Normal market alignment.
2026-03-06,WIPRO,WIT,WIPRO.NS,197.33,16122.33,81.64,1,16110.71,-11.62,-0.07,0.0,n/a,Normal market alignment.
2026-03-09,WIPRO,WIT,WIPRO.NS,207.14,16862.72,81.64,1,16912.04,49.32,0.29,0.0,n/a,Normal market alignment.
2026-03-10,WIPRO,WIT,WIPRO.NS,208.51,17288.33,81.65,1,17024.09,-264.24,-1.53,3.9,offline,"Offline insight: WIPRO ADR-implied price is at a 1.53% discount to its NSE close, consistent with overnight US trading and FX movement."
2026-03-11,WIPRO,WIT,WIPRO.NS,204.26,16603.57,81.69,1,16685.55,81.98,0.49,0.0,n/a,Normal market alignment.
2026-03-12,WIPRO,WIT,WIPRO.NS,206.9,16799.58,81.74,1,16911.5,111.92,0.67,0.0,n/a,Normal market alignment.
2026-03-13,WIPRO,WIT,WIPRO.NS,204.14,16540.77,81.75,1,16687.58,146.81,0.89,0.0,n/a,Normal market alignment.
2026-03-16,WIPRO,WIT,WIPRO.NS,206.98,16843.43,81.73,1,16916.21,72.78,0.43,0.0,n/a,Normal market alignment.
2026-03-17,WIPRO,WIT,WIPRO.NS,206.39,17049.19,81.75,1,16871.96,-177.23,-1.04,0.0,n/a,Normal market alignment.
2026-03-18,WIPRO,WIT,WIPRO.NS,205.09,16787.01,81.73,1,16761.59,-25.42,-0.15,0.0,n/a,Normal market alignment.
2026-03-19,WIPRO,WIT,WIPRO.NS,210.1,17255.35,81.73,1,17171.4,-83.94,-0.49,0.0,n/a,Normal market alignment.
2026-03-20,WIPRO,WIT,WIPRO.NS,211.95,17315.63,81.77,1,17331.02,15.39,0.09,0.0,n/a,Normal market alignment.
2026-03-23,WIPRO,WIT,WIPRO.NS,215.11,17602.15,81.75,1,17584.57,-17.57,-0.1,0.0,n/a,Normal market alignment.
2026-03-24,WIPRO,WIT,WIPRO.NS,216.58,17692.88,81.78,1,17711.76,18.88,0.11,0.0,n/a,Normal market alignment.
2026-03-25,WIPRO,WIT,WIPRO.NS,215.2,17689.68,81.81,1,17605.05,-84.64,-0.48,0.0,n/a,Normal market alignment.
2026-03-26,WIPRO,WIT,WIPRO.NS,217.24,17707.38,81.77,1,17763.69,56.31,0.32,0.0,n/a,Normal market alignment.
2026-03-27,WIPRO,WIT,WIPRO.NS,221.24,18216.84,81.81,1,18100.06,-116.78,-0.64,0.0,n/a,Normal market alignment.
2026-03-30,WIPRO,WIT,WIPRO.NS,221.75,17935.55,81.84,1,18148.49,212.94,1.19,0.0,n/a,Normal market alignment.
2026-03-31,WIPRO,WIT,WIPRO.NS,227.81,18230.1,81.85,1,18645.55,415.45,2.28,0.6,offline,"Offline insight: WIPRO ADR-implied price is at a 2.28% premium to its NSE close, consistent with overnight US trading and FX movement."
2026-04-01,WIPRO,WIT,WIPRO.NS,230.79,18419.82,81.82,1,18882.2,462.38,2.51,3.1,offline,"Offline insight: WIPRO ADR-implied price is at a 2.51% premium to its NSE close, consistent with overnight US trading and FX movement."
2026-04-02,WIPRO,WIT,WIPRO.NS,231.59,18496.45,81.78,1,18940.18,443.73,2.4,-1.2,offline,"Offline insight: WIPRO ADR-implied price is at a 2.40% premium to its NSE close, consistent with overnight US trading and FX movement."
2026-04-03,WIPRO,WIT,WIPRO.NS,232.53,18753.7,81.76,1,19012.54,258.84,1.38,0.0,n/a,Normal market alignment.
2026-04-06,WIPRO,WIT,WIPRO.NS,233.08,18754.23,81.79,1,19062.68,308.45,1.64,4.0,offline,"Offline insight: WIPRO ADR-implied price is at a 1.64% premium to its NSE close, consistent with overnight US trading and FX movement."
2026-04-07,WIPRO,WIT,WIPRO.NS,228.78,18531.7,81.75,1,18702.1,170.4,0.92,0.0,n/a,Normal market alignment.
2026-04-08,WIPRO,WIT,WIPRO.NS,228.54,18787.33,81.77,1,18686.67,-100.66,-0.54,0.0,n/a,Normal market alignment.
2026-04-09,WIPRO,WIT,WIPRO.NS,229.36,18607.13,81.72,1,18743.11,135.98,0.73,0.0,n/a,Normal market alignment.
2026-04-10,WIPRO,WIT,WIPRO.NS,228.0,18404.0,81.71,1,18630.12,226.12,1.23,0.0,n/a,Normal market alignment.
2026-04-13,WIPRO,WIT,WIPRO.NS,229.22,18598.28,81.72,1,18731.31,133.02,0.72,0.0,n/a,Normal market alignment.
2026-04-14,WIPRO,WIT,WIPRO.NS,229.37,18846.33,81.81,1,18765.58,-80.75,-0.43,0.0,n/a,Normal market alignment.
2026-04-15,WIPRO,WIT,WIPRO.NS,232.1,19103.94,81.76,1,18976.43,-127.5,-0.67,0.0,n/a,Normal market alignment.
2026-04-16,WIPRO,WIT,WIPRO.NS,234.48,19511.79,81.82,1,19184.92,-326.87,-1.68,4.6,offline,"Offline insight: WIPRO ADR-implied price is at a 1.68% discount to its NSE close, consistent with overnight US trading and FX movement."
2026-04-17,WIPRO,WIT,WIPRO.NS,235.13,19306.76,81.83,1,19240.42,-66.34,-0.34,0.0,n/a,Normal market alignment.
2026-04-20,WIPRO,WIT,WIPRO.NS,230.38,19109.49,81.84,1,18855.63,-253.86,-1.33,0.0,n/a,Normal market alignment.
2026-04-21,WIPRO,WIT,WIPRO.NS,236.64,19485.31,81.85,1,19369.12,-116.19,-0.6,0.0,n/a,Normal market alignment.
2026-04-22,WIPRO,WIT,WIPRO.NS,236.21,19523.3,81.87,1,19338.14,-185.15,-0.95,0.0,n/a,Normal market alignment.
2026-04-23,WIPRO,WIT,WIPRO.NS,235.99,19626.96,81.86,1,19319.27,-307.69,-1.57,-5.1,offline,"Offline insight: WIPRO ADR-implied price is at a 1.57% discount to its NSE close, consistent with overnight US trading and FX movement."
2026-04-24,WIPRO,WIT,WIPRO.NS,234.85,19389.73,81.92,1,19239.7,-150.03,-0.77,0.0,n/a,Normal market alignment.
2026-04-27,WIPRO,WIT,WIPRO.NS,233.2,19234.74,81.91,1,19100.49,-134.24,-0.7,0.0,n/a,Normal market alignment.
2026-04-28,WIPRO,WIT,WIPRO.NS,238.67,19526.85,81.95,1,19559.65,32.8,0.17,0.0,n/a,Normal market alignment.
2026-04-29,WIPRO,WIT,WIPRO.NS,243.7,20124.43,81.93,1,19966.14,-158.29,-0.79,0.0,n/a,Normal market alignment.
2026-04-30,WIPRO,WIT,WIPRO.NS,245.4,20308.38,81.93,1,20104.88,-203.5,-1.0,0.0,n/a,Normal market alignment.
2026-05-01,WIPRO,WIT,WIPRO.NS,245.08,20534.9,81.88,1,20068.23,-466.67,-2.27,-3.7,offline,"Offline insight: WIPRO ADR-implied price is at a 2.27% discount to its NSE close, consistent with overnight US trading and FX movement."
2026-05-04,WIPRO,WIT,WIPRO.NS,247.43,20869.02,81.9,1,20265.37,-603.65,-2.89,-3.2,offline,"Offline insight: WIPRO ADR-implied price is at a 2.89% discount to its NSE close, consistent with overnight US trading and FX movement."
2026-05-05,WIPRO,WIT,WIPRO.NS,247.78,20405.75,81.96,1,20308.45,-97.3,-0.48,0.0,n/a,Normal market alignment.
2026-05-06,WIPRO,WIT,WIPRO.NS,247.14,20021.34,81.96,1,20256.08,234.74,1.17,0.0,n/a,Normal market alignment.
2026-05-07,WIPRO,WIT,WIPRO.NS,248.47,20207.91,81.95,1,20363.18,155.27,0.77,0.0,n/a,Normal market alignment.
2026-05-08,WIPRO,WIT,WIPRO.NS,246.9,20247.19,81.91,1,20223.78,-23.42,-0.12,0.0,n/a,Normal market alignment.
2026-05-11,WIPRO,WIT,WIPRO.NS,247.91,20361.01,81.9,1,20304.34,-56.67,-0.28,0.0,n/a,Normal market alignment.
2026-05-12,WIPRO,WIT,WIPRO.NS,248.74,20266.94,81.84,1,20357.03,90.09,0.44,0.0,n/a,Normal market alignment.
2026-05-13,WIPRO,WIT,WIPRO.NS,251.07,20557.53,81.8,1,20538.33,-19.19,-0.09,0.0,n/a,Normal market alignment.
2026-05-14,WIPRO,WIT,WIPRO.NS,248.81,20333.83,81.81,1,20356.26,22.43,0.11,0.0,n/a,Normal market alignment.
2026-05-15,WIPRO,WIT,WIPRO.NS,251.54,20580.94,81.87,1,20592.73,11.79,0.06,0.0,n/a,Normal market alignment.
2026-05-18,WIPRO,WIT,WIPRO.NS,248.19,20421.38,81.98,1,20347.09,-74.29,-0.36,0.0,n/a,Normal market alignment.
2026-05-19,WIPRO,WIT,WIPRO.NS,246.14,20291.95,81.96,1,20172.91,-119.04,-0.59,0.0,n/a,Normal market alignment.
2026-05-20,WIPRO,WIT,WIPRO.NS,244.26,20062.6,82.02,1,20033.18,-29.42,-0.15,0.0,n/a,Normal market alignment.
2026-05-21,WIPRO,WIT,WIPRO.NS,240.4,19873.01,82.03,1,19719.63,-153.38,-0.77,0.0,n/a,Normal market alignment.
2026-05-22,WIPRO,WIT,WIPRO.NS,244.14,20054.19,82.02,1,20024.74,-29.45,-0.15,0.0,n/a,Normal market alignment.
2026-05-25,WIPRO,WIT,WIPRO.NS,240.66,19827.0,82.04,1,19744.08,-82.92,-0.42,0.0,n/a,Normal market alignment.
2026-05-26,WIPRO,WIT,WIPRO.NS,238.21,19575.51,82.04,1,19543.84,-31.67,-0.16,0.0,n/a,Normal market alignment.
2026-05-27,WIPRO,WIT,WIPRO.NS,242.77,19746.91,82.05,1,19919.05,172.13,0.87,0.0,n/a,Normal market alignment.
2026-05-28,WIPRO,WIT,WIPRO.NS,240.76,19671.12,82.03,1,19750.85,79.72,0.41,0.0,n/a,Normal market alignment.
2026-05-29,WIPRO,WIT,WIPRO.NS,240.16,19514.74,81.98,1,19687.84,173.1,0.89,0.0,n/a,Normal market alignment.
2026-06-01,WIPRO,WIT,WIPRO.NS,236.58,19521.49,81.92,1,19380.51,-140.98,-0.72,0.0,n/a,Normal market alignment.
2026-06-02,WIPRO,WIT,WIPRO.NS,239.61,19785.85,81.95,1,19634.97,-150.88,-0.76,0.0,n/a,Normal market alignment.
2026-06-03,WIPRO,WIT,WIPRO.NS,242.72,19975.32,81.94,1,19887.8,-87.52,-0.44,0.0,n/a,Normal market alignment.
2026-06-04,WIPRO,WIT,WIPRO.NS,245.49,19893.07,81.91,1,20108.6,215.53,1.08,0.0,n/a,Normal market alignment.
2026-06-05,WIPRO,WIT,WIPRO.NS,247.54,20424.54,81.91,1,20277.1,-147.45,-0.72,0.0,n/a,Normal market alignment.
2026-06-08,WIPRO,WIT,WIPRO.NS,247.89,20415.87,81.95,1,20313.69,-102.18,-0.5,0.0,n/a,Normal market alignment.
2026-06-09,WIPRO,WIT,WIPRO.NS,246.01,20018.02,81.96,1,20162.03,144.01,0.72,0.0,n/a,Normal market alignment.
2026-06-10,WIPRO,WIT,WIPRO.NS,243.08,19938.97,81.93,1,19915.47,-23.5,-0.12,0.0,n/a,Normal market alignment.
2026-06-11,WIPRO,WIT,WIPRO.NS,247.86,20363.93,81.98,1,20319.19,-44.74,-0.22,0.0,n/a,Normal market alignment.
2026-06-12,WIPRO,WIT,WIPRO.NS,250.77,20553.84,82.04,1,20574.48,20.63,0.1,0.0,n/a,Normal market alignment.
2026-06-15,WIPRO,WIT,WIPRO.NS,248.24,20333.33,82.06,1,20371.84,38.51,0.19,0.0,n/a,Normal market alignment.
2026-06-16,WIPRO,WIT,WIPRO.NS,248.46,20156.23,82.1,1,20400.05,243.82,1.21,0.0,n/a,Normal market alignment.
2026-06-17,WIPRO,WIT,WIPRO.NS,247.42,20117.7,82.16,1,20326.87,209.17,1.04,0.0,n/a,Normal market alignment.
2026-06-18,WIPRO,WIT,WIPRO.NS,243.31,19694.31,82.2,1,20000.22,305.91,1.55,-4.7,offline,"Offline insight: WIPRO ADR-implied price is at a 1.55% premium to its NSE close, consistent with overnight US trading and FX movement."
2026-06-19,WIPRO,WIT,WIPRO.NS,244.03,19930.23,82.23,1,20065.75,135.52,0.68,0.0,n/a,Normal market alignment.
2026-06-22,WIPRO,WIT,WIPRO.NS,242.58,19974.81,82.25,1,19952.76,-22.05,-0.11,0.0,n/a,Normal market alignment.
2026-06-23,WIPRO,WIT,WIPRO.NS,239.19,19723.1,82.27,1,19678.87,-44.23,-0.22,0.0,n/a,Normal market alignment.
2026-06-24,WIPRO,WIT,WIPRO.NS,233.95,19421.84,82.23,1,19238.13,-183.71,-0.95,0.0,n/a,Normal market alignment.
2026-06-25,WIPRO,WIT,WIPRO.NS,228.53,18842.43,82.26,1,18799.26,-43.17,-0.23,0.0,n/a,Normal market alignment.
2026-06-26,WIPRO,WIT,WIPRO.NS,227.33,18764.54,82.21,1,18688.06,-76.48,-0.41,0.0,n/a,Normal market alignment.
2026-06-29,WIPRO,WIT,WIPRO.NS,227.11,18797.19,82.18,1,18662.82,-134.36,-0.71,0.0,n/a,Normal market alignment.
2026-06-30,WIPRO,WIT,WIPRO.NS,224.19,18450.03,82.23,1,18435.3,-14.73,-0.08,0.0,n/a,Normal market alignment.
2026-07-01,WIPRO,WIT,WIPRO.NS,226.45,18788.04,82.26,1,18628.62,-159.41,-0.85,0.0,n/a,Normal market alignment.
2026-07-02,WIPRO,WIT,WIPRO.NS,226.3,18623.95,82.32,1,18629.58,5.64,0.03,0.0,n/a,Normal market alignment.
2026-07-03,WIPRO,WIT,WIPRO.NS,228.32,18853.83,82.31,1,18794.13,-59.71,-0.32,0.0,n/a,Normal market alignment.
2026-07-06,WIPRO,WIT,WIPRO.NS,227.76,18622.22,82.27,1,18737.93,115.71,0.62,0.0,n/a,Normal market alignment.
2026-07-07,WIPRO,WIT,WIPRO.NS,225.14,18502.26,82.26,1,18520.38,18.11,0.1,0.0,n/a,Normal market alignment.
2026-07-08,WIPRO,WIT,WIPRO.NS,225.6,18466.25,82.27,1,18558.78,92.53,0.5,0.0,n/a,Normal market alignment.
2026-07-09,WIPRO,WIT,WIPRO.NS,221.39,18136.44,82.27,1,18213.76,77.32,0.43,0.0,n/a,Normal market alignment.
2026-07-10,WIPRO,WIT,WIPRO.NS,223.25,18235.35,82.32,1,18376.95,141.6,0.78,0.0,n/a,Normal market alignment.
2026-07-13,WIPRO,WIT,WIPRO.NS,220.18,18023.33,82.3,1,18121.18,97.85,0.54,0.0,n/a,Normal market alignment.
2026-07-14,WIPRO,WIT,WIPRO.NS,223.28,18535.02,82.32,1,18379.57,-155.44,-0.84,0.0,n/a,Normal market alignment.
2026-07-15,WIPRO,WIT,WIPRO.NS,222.21,18246.18,82.28,1,18283.21,37.03,0.2,0.0,n/a,Normal market alignment.
2026-07-16,WIPRO,WIT,WIPRO.NS,225.82,18573.17,82.3,1,18584.39,11.22,0.06,0.0,n/a,Normal market alignment.
2026-07-17,WIPRO,WIT,WIPRO.NS,222.08,18170.26,82.3,1,18277.26,107.01,0.59,0.0,n/a,Normal market alignment.
2026-07-20,WIPRO,WIT,WIPRO.NS,219.89,17940.48,82.27,1,18090.55,150.07,0.84,0.0,n/a,Normal market alignment.
2026-07-21,WIPRO,WIT,WIPRO.NS,221.21,18204.66,82.26,1,18197.49,-7.17,-0.04,0.0,n/a,Normal market alignment.
2026-07-22,WIPRO,WIT,WIPRO.NS,225.16,18644.81,82.26,1,18521.01,-123.8,-0.66,0.0,n/a,Normal market alignment.
2026-07-23,WIPRO,WIT,WIPRO.NS,230.86,18975.86,82.25,1,18987.31,11.45,0.06,0.0,n/a,Normal market alignment.
2026-07-24,WIPRO,WIT,WIPRO.NS,231.07,19054.94,82.32,1,19021.4,-33.55,-0.18,0.0,n/a,Normal market alignment.
2026-07-27,WIPRO,WIT,WIPRO.NS,237.51,19443.84,82.31,1,19550.75,106.91,0.55,0.0,n/a,Normal market alignment.
2026-07-28,WIPRO,WIT,WIPRO.NS,236.55,19429.73,82.31,1,19469.6,39.87,0.21,0.0,n/a,Normal market alignment.
2026-07-29,WIPRO,WIT,WIPRO.NS,240.52,19611.75,82.22,1,19776.39,164.64,0.84,0.0,n/a,Normal market alignment.
2026-07-30,WIPRO,WIT,WIPRO.NS,237.19,19339.86,82.19,1,19494.58,154.72,0.8,0.0,n/a,Normal market alignment.
2026-07-31,WIPRO,WIT,WIPRO.NS,238.76,19488.2,82.18,1,19621.03,132.83,0.68,0.0,n/a,Normal market alignment.
2026-08-03,WIPRO,WIT,WIPRO.NS,230.44,18903.81,82.15,1,18931.63,27.82,0.15,0.0,n/a,Normal market alignment.
2026-08-04,WIPRO,WIT,WIPRO.NS,226.64,18584.91,82.21,1,18631.56,46.65,0.25,0.0,n/a,Normal market alignment.
2026-08-05,WIPRO,WIT,WIPRO.NS,228.29,18583.14,82.2,1,18766.29,183.15,0.99,0.0,n/a,Normal market alignment.
2026-08-06,WIPRO,WIT,WIPRO.NS,223.87,18312.9,82.26,1,18414.24,101.34,0.55,0.0,n/a,Normal market alignment.
2026-08-07,WIPRO,WIT,WIPRO.NS,225.37,18408.9,82.26,1,18538.47,129.57,0.7,0.0,n/a,Normal market alignment.
2026-08-10,WIPRO,WIT,WIPRO.NS,228.5,18711.58,82.26,1,18796.67,85.09,0.45,0.0,n/a,Normal market alignment.
2026-08-11,WIPRO,WIT,WIPRO.NS,226.85,18593.43,82.26,1,18660.38,66.95,0.36,0.0,n/a,Normal market alignment.
2026-08-12,WIPRO,WIT,WIPRO.NS,223.62,18137.04,82.26,1,18395.02,257.99,1.42,0.0,n/a,Normal market alignment.
2026-08-13,WIPRO,WIT,WIPRO.NS,222.1,17980.48,82.33,1,18285.19,304.71,1.69,-1.5,offline,"Offline insight: WIPRO ADR-implied price is at a 1.69% premium to its NSE close, consistent with overnight US trading and FX movement."
2026-08-14,WIPRO,WIT,WIPRO.NS,218.95,17814.64,82.24,1,18005.68,191.04,1.07,0.0,n/a,Normal market alignment.
2026-08-17,WIPRO,WIT,WIPRO.NS,218.68,17825.01,82.16,1,17966.46,141.45,0.79,0.0,n/a,Normal market alignment.
2026-08-18,WIPRO,WIT,WIPRO.NS,219.08,17997.55,82.14,1,17994.82,-2.73,-0.02,0.0,n/a,Normal market alignment.
2026-08-19,WIPRO,WIT,WIPRO.NS,218.14,17941.32,82.14,1,17917.97,-23.36,-0.13,0.0,n/a,Normal market alignment.
2026-08-20,WIPRO,WIT,WIPRO.NS,223.68,18354.34,82.17,1,18379.76,25.41,0.14,0.0,n/a,Normal market alignment.
2026-08-21,WIPRO,WIT,WIPRO.NS,221.34,18068.74,82.19,1,18191.34,122.6,0.68,0.0,n/a,Normal market alignment.
2026-08-24,WIPRO,WIT,WIPRO.NS,226.02,18401.81,82.17,1,18573.23,171.42,0.93,0.0,n/a,Normal market alignment.
2026-08-25,WIPRO,WIT,WIPRO.NS,222.56,18337.9,82.22,1,18298.01,-39.89,-0.22,0.0,n/a,Normal market alignment.
2026-08-26,WIPRO,WIT,WIPRO.NS,222.87,18231.99,82.26,1,18332.88,100.89,0.55,0.0,n/a,Normal market alignment.
2026-08-27,WIPRO,WIT,WIPRO.NS,226.89,18615.39,82.27,1,18665.63,50.24,0.27,0.0,n/a,Normal market alignment.
2026-08-28,WIPRO,WIT,WIPRO.NS,230.81,19098.13,82.31,1,18997.11,-101.02,-0.53,0.0,n/a,Normal market alignment.
2026-08-31,WIPRO,WIT,WIPRO.NS,229.42,18769.77,82.32,1,18885.78,116.01,0.62,0.0,n/a,Normal market alignment.
2026-09-01,WIPRO,WIT,WIPRO.NS,231.4,18781.69,82.3,1,19043.73,262.03,1.4,0.0,n/a,Normal market alignment.
2026-09-02,WIPRO,WIT,WIPRO.NS,232.94,18982.54,82.33,1,19176.49,193.95,1.02,0.0,n/a,Normal market alignment.
2026-09-03,WIPRO,WIT,WIPRO.NS,231.12,18819.44,82.33,1,19028.18,208.74,1.11,0.0,n/a,Normal market alignment.
2026-09-04,WIPRO,WIT,WIPRO.NS,233.32,18981.64,82.33,1,19209.94,228.3,1.2,0.0,n/a,Normal market alignment.
2026-09-07,WIPRO,WIT,WIPRO.NS,239.91,19436.59,82.39,1,19766.75,330.16,1.7,-4.3,offline,"Offline insight: WIPRO ADR-implied price is at a 1.70% premium to its NSE close, consistent with overnight US trading and FX movement."
2026-09-08,WIPRO,WIT,WIPRO.NS,241.68,19589.6,82.29,1,19889.09,299.5,1.53,1.3,offline,"Offline insight: WIPRO ADR-implied price is at a 1.53% premium to its NSE close, consistent with overnight US trading and FX movement."
2026-09-09,WIPRO,WIT,WIPRO.NS,243.81,20052.86,82.24,1,20050.44,-2.42,-0.01,0.0,n/a,Normal market alignment.
2026-09-10,WIPRO,WIT,WIPRO.NS,246.34,19967.69,82.19,1,20247.16,279.47,1.4,0.0,n/a,Normal market alignment.
2026-09-11,WIPRO,WIT,WIPRO.NS,241.01,19497.09,82.18,1,19806.27,309.17,1.59,-5.6,offline,"Offline insight: WIPRO ADR-implied price is at a 1.59% premium to its NSE close, consistent with overnight US trading and FX movement."
2026-09-14,WIPRO,WIT,WIPRO.NS,242.75,19828.77,82.17,1,19946.71,117.94,0.59,0.0,n/a,Normal market alignment.
2026-09-15,WIPRO,WIT,WIPRO.NS,239.12,19706.0,82.11,1,19634.3,-71.7,-0.36,0.0,n/a,Normal market alignment.
2026-09-16,WIPRO,WIT,WIPRO.NS,237.08,19431.11,82.07,1,19457.35,26.24,0.14,0.0,n/a,Normal market alignment.
2026-09-17,WIPRO,WIT,WIPRO.NS,244.84,20108.86,82.04,1,20085.99,-22.87,-0.11,0.0,n/a,Normal market alignment.
2026-09-18,WIPRO,WIT,WIPRO.NS,243.98,20007.38,82.14,1,20039.94,32.56,0.16,0.0,n/a,Normal market alignment.
2026-09-21,WIPRO,WIT,WIPRO.NS,241.34,19719.22,82.21,1,19841.09,121.87,0.62,0.0,n/a,Normal market alignment.
2026-09-22,WIPRO,WIT,WIPRO.NS,245.59,20191.46,82.2,1,20186.27,-5.19,-0.03,0.0,n/a,Normal market alignment.
2026-09-23,WIPRO,WIT,WIPRO.NS,242.17,20061.93,82.18,1,19902.09,-159.83,-0.8,0.0,n/a,Normal market alignment.
2026-09-24,WIPRO,WIT,WIPRO.NS,240.62,19804.86,82.14,1,19763.68,-41.18,-0.21,0.0,n/a,Normal market alignment.
2026-09-25,WIPRO,WIT,WIPRO.NS,245.2,20222.16,82.06,1,20121.42,-100.73,-0.5,0.0,n/a,Normal market alignment.
2026-09-28,WIPRO,WIT,WIPRO.NS,245.43,20179.14,82.06,1,20139.47,-39.68,-0.2,0.0,n/a,Normal market alignment.
2026-09-29,WIPRO,WIT,WIPRO.NS,239.75,19874.77,82.02,1,19664.43,-210.33,-1.06,0.0,n/a,Normal market alignment.
2026-09-30,WIPRO,WIT,WIPRO.NS,241.78,19992.45,82.02,1,19830.21,-162.24,-0.81,0.0,n/a,Normal market alignment.
2026-10-01,WIPRO,WIT,WIPRO.NS,240.42,19700.41,81.95,1,19703.08,2.67,0.01,0.0,n/a,Normal market alignment.
2026-10-02,WIPRO,WIT,WIPRO.NS,246.04,20070.08,81.92,1,20156.84,86.76,0.43,0.0,n/a,Normal market alignment.
2026-10-05,WIPRO,WIT,WIPRO.NS,243.88,20039.91,81.93,1,19981.3,-58.61,-0.29,0.0,n/a,Normal market alignment.
2026-10-06,WIPRO,WIT,WIPRO.NS,247.8,20509.96,81.95,1,20306.24,-203.72,-0.99,0.0,n/a,Normal market alignment.
2022-03-31,ICICI_BANK,IBN,ICICIBANK.NS,51.35,2105.8,82.01,2,2105.8,0.0,0.0,0.0,n/a,Normal market alignment.
2022-04-01,ICICI_BANK,IBN,ICICIBANK.NS,51.27,2060.54,81.97,2,2101.3,40.76,1.98,6.4,offline,"Offline insight: ICICI_BANK ADR-implied price is at a 1.98% premium to its NSE close, consistent with overnight US trading and FX movement."
2022-04-04,ICICI_BANK,IBN,ICICIBANK.NS,50.9,2069.78,82.0,2,2087.16,17.39,0.84,0.0,n/a,Normal market alignment.
2022-04-05,ICICI_BANK,IBN,ICICIBANK.NS,51.69,2117.05,82.04,2,2120.39,3.34,0.16,0.0,n/a,Normal market alignment.
2022-04-06,ICICI_BANK,IBN,ICICIBANK.NS,52.56,2137.58,81.97,2,2154.1,16.53,0.77,0.0,n/a,Normal market alignment.
2022-04-07,ICICI_BANK,IBN,ICICIBANK.NS,52.22,2102.43,81.91,2,2138.89,36.45,1.73,1.1,offline,"Offline insight: ICICI_BANK ADR-implied price is at a 1.73% premium to its NSE close, consistent with overnight US trading and FX movement."
2022-04-08,ICICI_BANK,IBN,ICICIBANK.NS,52.4,2107.95,81.92,2,2146.5,38.55,1.83,0.1,offline,"Offline insight: ICICI_BANK ADR-implied price is at a 1.83% premium to its NSE close, consistent with overnight US trading and FX movement."
2022-04-11,ICICI_BANK,IBN,ICICIBANK.NS,51.47,2102.54,81.91,2,2107.94,5.39,0.26,0.0,n/a,Normal market alignment.
2022-04-12,ICICI_BANK,IBN,ICICIBANK.NS,50.79,2073.97,81.91,2,2080.26,6.3,0.3,0.0,n/a,Normal market alignment.
2022-04-13,ICICI_BANK,IBN,ICICIBANK.NS,50.9,2107.84,81.88,2,2083.92,-23.92,-1.13,0.0,n/a,Normal market alignment.
2022-04-14,ICICI_BANK,IBN,ICICIBANK.NS,50.94,2087.48,81.91,2,2086.45,-1.04,-0.05,0.0,n/a,Normal market alignment.
2022-04-15,ICICI_BANK,IBN,ICICIBANK.NS,50.22,2082.07,81.94,2,2057.62,-24.45,-1.17,0.0,n/a,Normal market alignment.
2022-04-18,ICICI_BANK,IBN,ICICIBANK.NS,49.7,2062.36,81.95,2,2036.23,-26.13,-1.27,0.0,n/a,Normal market alignment.
2022-04-19,ICICI_BANK,IBN,ICICIBANK.NS,48.92,2020.84,81.99,2,2005.44,-15.41,-0.76,0.0,n/a,Normal market alignment.
2022-04-20,ICICI_BANK,IBN,ICICIBANK.NS,49.27,2023.16,82.01,2,2020.21,-2.95,-0.15,0.0,n/a,Normal market alignment.
2022-04-21,ICICI_BANK,IBN,ICICIBANK.NS,47.83,1965.71,81.98,2,1960.39,-5.31,-0.27,0.0,n/a,Normal market alignment.
2022-04-22,ICICI_BANK,IBN,ICICIBANK.NS,47.11,1914.35,82.0,2,1931.61,17.25,0.9,0.0,n/a,Normal market alignment.
2022-04-25,ICICI_BANK,IBN,ICICIBANK.NS,45.81,1857.9,81.96,2,1877.35,19.45,1.05,0.0,n/a,Normal market alignment.
2022-04-26,ICICI_BANK,IBN,ICICIBANK.NS,46.11,1870.36,81.99,2,1890.55,20.19,1.08,0.0,n/a,Normal market alignment.
2022-04-27,ICICI_BANK,IBN,ICICIBANK.NS,44.88,1843.9,81.99,2,1839.97,-3.93,-0.21,0.0,n/a,Normal market alignment.
2022-04-28,ICICI_BANK,IBN,ICICIBANK.NS,44.92,1821.91,81.99,2,1841.26,19.35,1.06,0.0,n/a,Normal market alignment.
2022-04-29,ICICI_BANK,IBN,ICICIBANK.NS,46.03,1885.07,81.96,2,1886.49,1.41,0.07,0.0,n/a,Normal market alignment.
2022-05-02,ICICI_BANK,IBN,ICICIBANK.NS,47.2,1911.48,82.01,2,1935.58,24.11,1.26,0.0,n/a,Normal market alignment.
2022-05-03,ICICI_BANK,IBN,ICICIBANK.NS,45.94,1843.57,82.01,2,1883.61,40.05,2.17,-1.0,offline,"Offline insight: ICICI_BANK ADR-implied price is at a 2.17% premium to its NSE close, consistent with overnight US trading and FX movement."
2022-05-04,ICICI_BANK,IBN,ICICIBANK.NS,46.16,1861.3,81.99,2,1892.24,30.94,1.66,2.8,offline,"Offline insight: ICICI_BANK ADR-implied price is at a 1.66% premium to its NSE close, consistent with overnight US trading and FX movement."
2022-05-05,ICICI_BANK,IBN,ICICIBANK.NS,45.49,1832.92,81.98,2,1864.44,31.52,1.72,5.9,offline,"Offline insight: ICICI_BANK ADR-implied price is at a 1.72% premium to its NSE close, consistent with overnight US trading and FX movement."
2022-05-06,ICICI_BANK,IBN,ICICIBANK.NS,44.69,1853.0,82.0,2,1832.13,-20.87,-1.13,0.0,n/a,Normal market alignment.
2022-05-09,ICICI_BANK,IBN,ICICIBANK.NS,44.62,1844.89,82.01,2,1829.91,-14.98,-0.81,0.0,n/a,Normal market alignment.
2022-05-10,ICICI_BANK,IBN,ICICIBANK.NS,45.46,1859.28,82.03,2,1864.57,5.28,0.28,0.0,n/a,Normal market alignment.
2022-05-11,ICICI_BANK,IBN,ICICIBANK.NS,45.88,1867.05,82.05,2,1882.32,15.27,0.82,0.0,n/a,Normal market alignment.
2022-05-12,ICICI_BANK,IBN,ICICIBANK.NS,45.4,1871.46,82.14,2,1864.66,-6.8,-0.36,0.0,n/a,Normal market alignment.
2022-05-13,ICICI_BANK,IBN,ICICIBANK.NS,45.9,1892.6,82.12,2,1884.59,-8.02,-0.42,0.0,n/a,Normal market alignment.
2022-05-16,ICICI_BANK,IBN,ICICIBANK.NS,44.37,1859.02,82.1,2,1821.29,-37.73,-2.03,1.4,offline,"Offline insight: ICICI_BANK ADR-implied price is at a 2.03% discount to its NSE close, consistent with overnight US trading and FX movement."
2022-05-17,ICICI_BANK,IBN,ICICIBANK.NS,43.88,1817.45,82.07,2,1800.58,-16.88,-0.93,0.0,n/a,Normal market alignment.
2022-05-18,ICICI_BANK,IBN,ICICIBANK.NS,43.35,1813.43,82.1,2,1779.42,-34.01,-1.88,-3.8,offline,"Offline insight: ICICI_BANK ADR-implied price is at a 1.88% discount to its NSE close, consistent with overnight US trading and FX movement."
2022-05-19,ICICI_BANK,IBN,ICICIBANK.NS,43.41,1789.02,82.14,2,1783.05,-5.97,-0.33,0.0,n/a,Normal market alignment.
2022-05-20,ICICI_BANK,IBN,ICICIBANK.NS,43.29,1766.99,82.14,2,1778.08,11.09,0.63,0.0,n/a,Normal market alignment.
2022-05-23,ICICI_BANK,IBN,ICICIBANK.NS,43.22,1773.35,82.11,2,1774.14,0.79,0.04,0.0,n/a,Normal market alignment.
2022-05-24,ICICI_BANK,IBN,ICICIBANK.NS,43.12,1762.43,82.07,2,1769.33,6.9,0.39,0.0,n/a,Normal market alignment.
2022-05-25,ICICI_BANK,IBN,ICICIBANK.NS,43.14,1769.57,82.1,2,1771.04,1.47,0.08,0.0,n/a,Normal market alignment.
2022-05-26,ICICI_BANK,IBN,ICICIBANK.NS,43.51,1782.68,82.13,2,1786.59,3.91,0.22,0.0,n/a,Normal market alignment.
2022-05-27,ICICI_BANK,IBN,ICICIBANK.NS,43.62,1803.73,82.15,2,1791.62,-12.11,-0.67,0.0,n/a,Normal market alignment.
2022-05-30,ICICI_BANK,IBN,ICICIBANK.NS,43.44,1783.37,82.13,2,1783.96,0.58,0.03,0.0,n/a,Normal market alignment.
2022-05-31,ICICI_BANK,IBN,ICICIBANK.NS,43.72,1815.97,82.14,2,1795.47,-20.51,-1.13,0.0,n/a,Normal market alignment.
2022-06-01,ICICI_BANK,IBN,ICICIBANK.NS,44.27,1854.71,82.15,2,1818.38,-36.32,-1.96,-6.8,offline,"Offline insight: ICICI_BANK ADR-implied price is at a 1.96% discount to its NSE close, consistent with overnight US trading and FX movement."
2022-06-02,ICICI_BANK,IBN,ICICIBANK.NS,43.92,1827.0,82.15,2,1803.98,-23.03,-1.26,0.0,n/a,Normal market alignment.
2022-06-03,ICICI_BANK,IBN,ICICIBANK.NS,43.89,1820.15,82.19,2,1803.7,-16.46,-0.9,0.0,n/a,Normal market alignment.
2022-06-06,ICICI_BANK,IBN,ICICIBANK.NS,44.67,1842.38,82.2,2,1835.9,-6.48,-0.35,0.0,n/a,Normal market alignment.
2022-06-07,ICICI_BANK,IBN,ICICIBANK.NS,43.94,1818.81,82.23,2,1806.7,-12.11,-0.67,0.0,n/a,Normal market alignment.
2022-06-08,ICICI_BANK,IBN,ICICIBANK.NS,45.15,1839.3,82.23,2,1856.23,16.93,0.92,0.0,n/a,Normal market alignment.
2022-06-09,ICICI_BANK,IBN,ICICIBANK.NS,44.25,1807.76,82.24,2,1819.78,12.02,0.66,0.0,n/a,Normal market alignment.
2022-06-10,ICICI_BANK,IBN,ICICIBANK.NS,44.04,1801.35,82.27,2,1811.48,10.12,0.56,0.0,n/a,Normal market alignment.
2022-06-13,ICICI_BANK,IBN,ICICIBANK.NS,43.42,1776.52,82.21,2,1784.96,8.44,0.48,0.0,n/a,Normal market alignment.
2022-06-14,ICICI_BANK,IBN,ICICIBANK.NS,44.86,1825.79,82.2,2,1843.81,18.02,0.99,0.0,n/a,Normal market alignment.
2022-06-15,ICICI_BANK,IBN,ICICIBANK.NS,44.54,1812.0,82.18,2,1830.04,18.04,1.0,0.0,n/a,Normal market alignment.
2022-06-16,ICICI_BANK,IBN,ICICIBANK.NS,44.21,1799.98,82.16,2,1816.3,16.32,0.91,0.0,n/a,Normal market alignment.
2022-06-17,ICICI_BANK,IBN,ICICIBANK.NS,43.98,1787.59,82.15,2,1806.53,18.93,1.06,0.0,n/a,Normal market alignment.
2022-06-20,ICICI_BANK,IBN,ICICIBANK.NS,44.06,1822.69,82.21,2,1811.0,-11.7,-0.64,0.0,n/a,Normal market alignment.
2022-06-21,ICICI_BANK,IBN,ICICIBANK.NS,43.85,1831.85,82.18,2,1801.88,-29.97,-1.64,1.7,offline,"Offline insight: ICICI_BANK ADR-implied price is at a 1.64% discount to its NSE close, consistent with overnight US trading and FX movement."
2022-06-22,ICICI_BANK,IBN,ICICIBANK.NS,43.78,1818.52,82.22,2,1799.7,-18.82,-1.03,0.0,n/a,Normal market alignment.
2022-06-23,ICICI_BANK,IBN,ICICIBANK.NS,41.47,1716.62,82.15,2,1703.59,-13.03,-0.76,0.0,n/a,Normal market alignment.
2022-06-24,ICICI_BANK,IBN,ICICIBANK.NS,41.52,1706.15,82.14,2,1705.31,-0.85,-0.05,0.0,n/a,Normal market alignment.
2022-06-27,ICICI_BANK,IBN,ICICIBANK.NS,41.55,1706.7,82.15,2,1706.43,-0.27,-0.02,0.0,n/a,Normal market alignment.
2022-06-28,ICICI_BANK,IBN,ICICIBANK.NS,42.21,1727.17,82.17,2,1734.04,6.87,0.4,0.0,n/a,Normal market alignment.
2022-06-29,ICICI_BANK,IBN,ICICIBANK.NS,43.05,1780.52,82.2,2,1769.24,-11.27,-0.63,0.0,n/a,Normal market alignment.
2022-06-30,ICICI_BANK,IBN,ICICIBANK.NS,42.94,1772.36,82.23,2,1765.5,-6.87,-0.39,0.0,n/a,Normal market alignment.
2022-07-01,ICICI_BANK,IBN,ICICIBANK.NS,43.48,1808.54,82.22,2,1787.36,-21.18,-1.17,0.0,n/a,Normal market alignment.
2022-07-04,ICICI_BANK,IBN,ICICIBANK.NS,42.77,1765.61,82.2,2,1757.99,-7.63,-0.43,0.0,n/a,Normal market alignment.
2022-07-05,ICICI_BANK,IBN,ICICIBANK.NS,43.28,1807.97,82.24,2,1779.51,-28.46,-1.57,5.1,offline,"Offline insight: ICICI_BANK ADR-implied price is at a 1.57% discount to its NSE close, consistent with overnight US trading and FX movement."
2022-07-06,ICICI_BANK,IBN,ICICIBANK.NS,42.92,1777.07,82.23,2,1764.62,-12.45,-0.7,0.0,n/a,Normal market alignment.
2022-07-07,ICICI_BANK,IBN,ICICIBANK.NS,42.17,1758.21,82.18,2,1732.74,-25.47,-1.45,0.0,n/a,Normal market alignment.
2022-07-08,ICICI_BANK,IBN,ICICIBANK.NS,42.06,1747.38,82.14,2,1727.51,-19.88,-1.14,0.0,n/a,Normal market alignment.
2022-07-11,ICICI_BANK,IBN,ICICIBANK.NS,42.96,1764.54,82.1,2,1763.54,-0.99,-0.06,0.0,n/a,Normal market alignment.
2022-07-12,ICICI_BANK,IBN,ICICIBANK.NS,43.09,1767.09,82.12,2,1769.31,2.22,0.13,0.0,n/a,Normal market alignment.
2022-07-13,ICICI_BANK,IBN,ICICIBANK.NS,44.07,1829.4,82.13,2,1809.71,-19.7,-1.08,0.0,n/a,Normal market alignment.
2022-07-14,ICICI_BANK,IBN,ICICIBANK.NS,43.59,1810.77,82.16,2,1790.55,-20.22,-1.12,0.0,n/a,Normal market alignment.
2022-07-15,ICICI_BANK,IBN,ICICIBANK.NS,44.29,1850.72,82.14,2,1818.87,-31.85,-1.72,-6.1,offline,"Offline insight: ICICI_BANK ADR-implied price is at a 1.72% discount to its NSE close, consistent with overnight US trading and FX movement."
2022-07-18,ICICI_BANK,IBN,ICICIBANK.NS,43.87,1842.67,82.15,2,1801.79,-40.89,-2.22,-1.4,offline,"Offline insight: ICICI_BANK ADR-implied price is at a 2.22% discount to its NSE close, consistent with overnight US trading and FX movement."
2022-07-19,ICICI_BANK,IBN,ICICIBANK.NS,44.03,1831.87,82.17,2,1808.99,-22.88,-1.25,0.0,n/a,Normal market alignment.
2022-07-20,ICICI_BANK,IBN,ICICIBANK.NS,44.18,1821.67,82.16,2,1815.16,-6.51,-0.36,0.0,n/a,Normal market alignment.
2022-07-21,ICICI_BANK,IBN,ICICIBANK.NS,44.64,1832.42,82.18,2,1834.15,1.72,0.09,0.0,n/a,Normal market alignment.
2022-07-22,ICICI_BANK,IBN,ICICIBANK.NS,44.82,1832.26,82.16,2,1841.02,8.76,0.48,0.0,n/a,Normal market alignment.
2022-07-25,ICICI_BANK,IBN,ICICIBANK.NS,44.33,1815.8,82.14,2,1820.86,5.06,0.28,0.0,n/a,Normal market alignment.
2022-07-26,ICICI_BANK,IBN,ICICIBANK.NS,44.93,1845.58,82.13,2,1845.13,-0.45,-0.02,0.0,n/a,Normal market alignment.
2022-07-27,ICICI_BANK,IBN,ICICIBANK.NS,46.11,1907.14,82.08,2,1892.53,-14.6,-0.77,0.0,n/a,Normal market alignment.
2022-07-28,ICICI_BANK,IBN,ICICIBANK.NS,45.72,1891.51,82.1,2,1877.0,-14.52,-0.77,0.0,n/a,Normal market alignment.
2022-07-29,ICICI_BANK,IBN,ICICIBANK.NS,44.48,1851.14,82.08,2,1825.49,-25.65,-1.39,0.0,n/a,Normal market alignment.
2022-08-01,ICICI_BANK,IBN,ICICIBANK.NS,44.83,1866.3,82.09,2,1839.75,-26.55,-1.42,0.0,n/a,Normal market alignment.
2022-08-02,ICICI_BANK,IBN,ICICIBANK.NS,44.62,1846.22,82.11,2,1831.61,-14.61,-0.79,0.0,n/a,Normal market alignment.
2022-08-03,ICICI_BANK,IBN,ICICIBANK.NS,44.54,1839.23,82.12,2,1828.98,-10.25,-0.56,0.0,n/a,Normal market alignment.
2022-08-04,ICICI_BANK,IBN,ICICIBANK.NS,44.93,1812.58,82.15,2,1845.41,32.82,1.81,6.2,offline,"Offline insight: ICICI_BANK ADR-implied price is at a 1.81% premium to its NSE close, consistent with overnight US trading and FX movement."
2022-08-05,ICICI_BANK,IBN,ICICIBANK.NS,44.63,1830.62,82.15,2,1833.26,2.64,0.14,0.0,n/a,Normal market alignment.
2022-08-08,ICICI_BANK,IBN,ICICIBANK.NS,44.47,1826.08,82.13,2,1826.06,-0.02,-0.0,0.0,n/a,Normal market alignment.
2022-08-09,ICICI_BANK,IBN,ICICIBANK.NS,44.41,1842.19,82.13,2,1823.82,-18.37,-1.0,0.0,n/a,Normal market alignment.
2022-08-10,ICICI_BANK,IBN,ICICIBANK.NS,45.4,1879.41,82.06,2,1863.07,-16.35,-0.87,0.0,n/a,Normal market alignment.
2022-08-11,ICICI_BANK,IBN,ICICIBANK.NS,45.44,1877.53,82.01,2,1863.17,-14.36,-0.76,0.0,n/a,Normal market alignment.
2022-08-12,ICICI_BANK,IBN,ICICIBANK.NS,44.61,1825.62,81.96,2,1828.04,2.42,0.13,0.0,n/a,Normal market alignment.
2022-08-15,ICICI_BANK,IBN,ICICIBANK.NS,43.82,1799.18,81.92,2,1794.95,-4.23,-0.24,0.0,n/a,Normal market alignment.
2022-08-16,ICICI_BANK,IBN,ICICIBANK.NS,43.93,1804.57,81.93,2,1799.61,-4.96,-0.28,0.0,n/a,Normal market alignment.
2022-08-17,ICICI_BANK,IBN,ICICIBANK.NS,43.2,1777.18,81.9,2,1768.9,-8.29,-0.47,0.0,n/a,Normal market alignment.
2022-08-18,ICICI_BANK,IBN,ICICIBANK.NS,42.2,1749.73,81.88,2,1727.68,-22.06,-1.26,0.0,n/a,Normal market alignment.
2022-08-19,ICICI_BANK,IBN,ICICIBANK.NS,42.61,1767.23,81.94,2,1745.79,-21.43,-1.21,0.0,n/a,Normal market alignment.
2022-08-22,ICICI_BANK,IBN,ICICIBANK.NS,43.06,1781.68,81.92,2,1763.96,-17.73,-1.0,0.0,n/a,Normal market alignment.
2022-08-23,ICICI_BANK,IBN,ICICIBANK.NS,42.84,1765.02,81.96,2,1755.4,-9.63,-0.55,0.0,n/a,Normal market alignment.
2022-08-24,ICICI_BANK,IBN,ICICIBANK.NS,43.04,1761.75,81.92,2,1762.87,1.13,0.06,0.0,n/a,Normal market alignment.
2022-08-25,ICICI_BANK,IBN,ICICIBANK.NS,43.17,1770.45,81.91,2,1768.22,-2.23,-0.13,0.0,n/a,Normal market alignment.
2022-08-26,ICICI_BANK,IBN,ICICIBANK.NS,43.58,1788.43,81.87,2,1783.93,-4.51,-0.25,0.0,n/a,Normal market alignment.
2022-08-29,ICICI_BANK,IBN,ICICIBANK.NS,43.99,1825.11,81.86,2,1800.37,-24.74,-1.36,0.0,n/a,Normal market alignment.
2022-08-30,ICICI_BANK,IBN,ICICIBANK.NS,42.28,1738.84,81.9,2,1731.27,-7.58,-0.44,0.0,n/a,Normal market alignment.
2022-08-31,ICICI_BANK,IBN,ICICIBANK.NS,42.14,1737.11,81.83,2,1724.11,-13.0,-0.75,0.0,n/a,Normal market alignment.
2022-09-01,ICICI_BANK,IBN,ICICIBANK.NS,42.48,1737.12,81.85,2,1738.41,1.28,0.07,0.0,n/a,Normal market alignment.
2022-09-02,ICICI_BANK,IBN,ICICIBANK.NS,42.23,1711.91,81.86,2,1728.45,16.53,0.97,0.0,n/a,Normal market alignment.
2022-09-05,ICICI_BANK,IBN,ICICIBANK.NS,42.27,1721.71,81.83,2,1729.42,7.71,0.45,0.0,n/a,Normal market alignment.
2022-09-06,ICICI_BANK,IBN,ICICIBANK.NS,42.75,1756.06,81.78,2,1748.2,-7.86,-0.45,0.0,n/a,Normal market alignment.
2022-09-07,ICICI_BANK,IBN,ICICIBANK.NS,42.82,1755.85,81.78,2,1750.93,-4.92,-0.28,0.0,n/a,Normal market alignment.
2022-09-08,ICICI_BANK,IBN,ICICIBANK.NS,43.8,1789.26,81.76,2,1790.62,1.36,0.08,0.0,n/a,Normal market alignment.
2022-09-09,ICICI_BANK,IBN,ICICIBANK.NS,44.55,1824.85,81.77,2,1821.66,-3.2,-0.18,0.0,n/a,Normal market alignment.
2022-09-12,ICICI_BANK,IBN,ICICIBANK.NS,44.49,1828.15,81.77,2,1819.0,-9.14,-0.5,0.0,n/a,Normal market alignment.
2022-09-13,ICICI_BANK,IBN,ICICIBANK.NS,44.37,1813.88,81.84,2,1815.59,1.71,0.09,0.0,n/a,Normal market alignment.
2022-09-14,ICICI_BANK,IBN,ICICIBANK.NS,42.49,1731.32,81.83,2,1738.33,7.01,0.4,0.0,n/a,Normal market alignment.
2022-09-15,ICICI_BANK,IBN,ICICIBANK.NS,42.29,1729.48,81.79,2,1729.49,0.01,0.0,0.0,n/a,Normal market alignment.
2022-09-16,ICICI_BANK,IBN,ICICIBANK.NS,41.45,1714.92,81.8,2,1695.07,-19.85,-1.16,0.0,n/a,Normal market alignment.
2022-09-19,ICICI_BANK,IBN,ICICIBANK.NS,41.6,1707.81,81.81,2,1701.41,-6.4,-0.38,0.0,n/a,Normal market alignment.
2022-09-20,ICICI_BANK,IBN,ICICIBANK.NS,41.7,1720.09,81.86,2,1706.98,-13.11,-0.76,0.0,n/a,Normal market alignment.
2022-09-21,ICICI_BANK,IBN,ICICIBANK.NS,42.15,1731.35,81.9,2,1726.03,-5.32,-0.31,0.0,n/a,Normal market alignment.
2022-09-22,ICICI_BANK,IBN,ICICIBANK.NS,43.05,1764.42,81.91,2,1763.04,-1.39,-0.08,0.0,n/a,Normal market alignment.
2022-09-23,ICICI_BANK,IBN,ICICIBANK.NS,43.04,1788.65,81.97,2,1764.15,-24.49,-1.37,0.0,n/a,Normal market alignment.
2022-09-26,ICICI_BANK,IBN,ICICIBANK.NS,44.53,1838.05,81.93,2,1823.99,-14.06,-0.76,0.0,n/a,Normal market alignment.
2022-09-27,ICICI_BANK,IBN,ICICIBANK.NS,44.7,1832.16,81.9,2,1830.35,-1.81,-0.1,0.0,n/a,Normal market alignment.
2022-09-28,ICICI_BANK,IBN,ICICIBANK.NS,43.83,1787.22,81.87,2,1794.13,6.91,0.39,0.0,n/a,Normal market alignment.
2022-09-29,ICICI_BANK,IBN,ICICIBANK.NS,43.47,1773.66,81.85,2,1779.23,5.57,0.31,0.0,n/a,Normal market alignment.
2022-09-30,ICICI_BANK,IBN,ICICIBANK.NS,43.24,1790.05,81.8,2,1768.65,-21.4,-1.2,0.0,n/a,Normal market alignment.
2022-10-03,ICICI_BANK,IBN,ICICIBANK.NS,43.64,1782.31,81.82,2,1785.46,3.15,0.18,0.0,n/a,Normal market alignment.
2022-10-04,ICICI_BANK,IBN,ICICIBANK.NS,43.03,1753.55,81.82,2,1760.46,6.9,0.39,0.0,n/a,Normal market alignment.
2022-10-05,ICICI_BANK,IBN,ICICIBANK.NS,42.86,1762.56,81.76,2,1751.88,-10.68,-0.61,0.0,n/a,Normal market alignment.
2022-10-06,ICICI_BANK,IBN,ICICIBANK.NS,42.76,1763.46,81.72,2,1747.32,-16.14,-0.92,0.0,n/a,Normal market alignment.
2022-10-07,ICICI_BANK,IBN,ICICIBANK.NS,42.49,1743.14,81.73,2,1736.39,-6.75,-0.39,0.0,n/a,Normal market alignment.
2022-10-10,ICICI_BANK,IBN,ICICIBANK.NS,43.02,1754.52,81.77,2,1758.79,4.27,0.24,0.0,n/a,Normal market alignment.
2022-10-11,ICICI_BANK,IBN,ICICIBANK.NS,43.45,1781.47,81.85,2,1777.99,-3.48,-0.2,0.0,n/a,Normal market alignment.
2022-10-12,ICICI_BANK,IBN,ICICIBANK.NS,44.22,1803.93,81.96,2,1812.24,8.31,0.46,0.0,n/a,Normal market alignment.
2022-10-13,ICICI_BANK,IBN,ICICIBANK.NS,44.01,1822.0,81.98,2,1804.17,-17.83,-0.98,0.0,n/a,Normal market alignment.
2022-10-14,ICICI_BANK,IBN,ICICIBANK.NS,44.82,1860.9,81.94,2,1836.39,-24.51,-1.32,0.0,n/a,Normal market alignment.
2022-10-17,ICICI_BANK,IBN,ICICIBANK.NS,43.92,1838.61,81.86,2,1797.52,-41.1,-2.24,0.0,offline,"Offline insight: ICICI_BANK ADR-implied price is at a 2.24% discount to its NSE close, consistent with overnight US trading and FX movement."
2022-10-18,ICICI_BANK,IBN,ICICIBANK.NS,43.02,1796.25,81.87,2,1760.87,-35.37,-1.97,-3.9,offline,"Offline insight: ICICI_BANK ADR-implied price is at a 1.97% discount to its NSE close, consistent with overnight US trading and FX movement."
2022-10-19,ICICI_BANK,IBN,ICICIBANK.NS,42.25,1730.86,81.84,2,1728.68,-2.18,-0.13,0.0,n/a,Normal market alignment.
2022-10-20,ICICI_BANK,IBN,ICICIBANK.NS,42.26,1705.82,81.82,2,1729.1,23.28,1.36,0.0,n/a,Normal market alignment.
2022-10-21,ICICI_BANK,IBN,ICICIBANK.NS,43.04,1743.16,81.8,2,1760.3,17.14,0.98,0.0,n/a,Normal market alignment.
2022-10-24,ICICI_BANK,IBN,ICICIBANK.NS,42.66,1742.34,81.8,2,1744.83,2.49,0.14,0.0,n/a,Normal market alignment.
2022-10-25,ICICI_BANK,IBN,ICICIBANK.NS,42.37,1735.01,81.84,2,1733.8,-1.2,-0.07,0.0,n/a,Normal market alignment.
2022-10-26,ICICI_BANK,IBN,ICICIBANK.NS,42.25,1723.87,81.85,2,1728.86,4.99,0.29,0.0,n/a,Normal market alignment.
2022-10-27,ICICI_BANK,IBN,ICICIBANK.NS,42.62,1760.32,81.84,2,1744.12,-16.2,-0.92,0.0,n/a,Normal market alignment.
2022-10-28,ICICI_BANK,IBN,ICICIBANK.NS,42.33,1747.95,81.8,2,1731.29,-16.66,-0.95,0.0,n/a,Normal market alignment.
2022-10-31,ICICI_BANK,IBN,ICICIBANK.NS,42.0,1709.18,81.73,2,1716.57,7.4,0.43,0.0,n/a,Normal market alignment.
2022-11-01,ICICI_BANK,IBN,ICICIBANK.NS,41.17,1690.05,81.72,2,1682.07,-7.98,-0.47,0.0,n/a,Normal market alignment.
2022-11-02,ICICI_BANK,IBN,ICICIBANK.NS,40.83,1681.71,81.72,2,1668.12,-13.58,-0.81,0.0,n/a,Normal market alignment.
2022-11-03,ICICI_BANK,IBN,ICICIBANK.NS,41.56,1707.69,81.79,2,1699.58,-8.12,-0.48,0.0,n/a,Normal market alignment.
2022-11-04,ICICI_BANK,IBN,ICICIBANK.NS,41.63,1704.02,81.79,2,1702.53,-1.48,-0.09,0.0,n/a,Normal market alignment.
2022-11-07,ICICI_BANK,IBN,ICICIBANK.NS,41.18,1693.27,81.83,2,1684.98,-8.29,-0.49,0.0,n/a,Normal market alignment.
2022-11-08,ICICI_BANK,IBN,ICICIBANK.NS,41.96,1720.46,81.81,2,1716.33,-4.13,-0.24,0.0,n/a,Normal market alignment.
2022-11-09,ICICI_BANK,IBN,ICICIBANK.NS,41.6,1696.04,81.77,2,1700.81,4.78,0.28,0.0,n/a,Normal market alignment.
2022-11-10,ICICI_BANK,IBN,ICICIBANK.NS,42.5,1710.38,81.73,2,1736.75,26.37,1.54,-2.0,offline,"Offline insight: ICICI_BANK ADR-implied price is at a 1.54% premium to its NSE close, consistent with overnight US trading and FX movement."
2022-11-11,ICICI_BANK,IBN,ICICIBANK.NS,43.41,1758.51,81.7,2,1773.23,14.72,0.84,0.0,n/a,Normal market alignment.
2022-11-14,ICICI_BANK,IBN,ICICIBANK.NS,43.46,1768.75,81.79,2,1777.12,8.37,0.47,0.0,n/a,Normal market alignment.
2022-11-15,ICICI_BANK,IBN,ICICIBANK.NS,42.49,1713.84,81.76,2,1737.03,23.19,1.35,0.0,n/a,Normal market alignment.
2022-11-16,ICICI_BANK,IBN,ICICIBANK.NS,43.96,1790.31,81.79,2,1797.97,7.65,0.43,0.0,n/a,Normal market alignment.
2022-11-17,ICICI_BANK,IBN,ICICIBANK.NS,44.23,1820.38,81.76,2,1808.17,-12.21,-0.67,0.0,n/a,Normal market alignment.
2022-11-18,ICICI_BANK,IBN,ICICIBANK.NS,44.03,1804.87,81.79,2,1800.77,-4.1,-0.23,0.0,n/a,Normal market alignment.
2022-11-21,ICICI_BANK,IBN,ICICIBANK.NS,44.68,1816.3,81.81,2,1827.51,11.21,0.62,0.0,n/a,Normal market alignment.
2022-11-22,ICICI_BANK,IBN,ICICIBANK.NS,45.16,1835.75,81.81,2,1847.19,11.44,0.62,0.0,n/a,Normal market alignment.
2022-11-23,ICICI_BANK,IBN,ICICIBANK.NS,46.06,1878.31,81.8,2,1884.05,5.74,0.31,0.0,n/a,Normal market alignment.
2022-11-24,ICICI_BANK,IBN,ICICIBANK.NS,45.62,1880.94,81.78,2,1865.32,-15.62,-0.83,0.0,n/a,Normal market alignment.
2022-11-25,ICICI_BANK,IBN,ICICIBANK.NS,45.85,1885.39,81.8,2,1875.23,-10.16,-0.54,0.0,n/a,Normal market alignment.
2022-11-28,ICICI_BANK,IBN,ICICIBANK.NS,45.05,1832.16,81.78,2,1842.04,9.89,0.54,0.0,n/a,Normal market alignment.
2022-11-29,ICICI_BANK,IBN,ICICIBANK.NS,45.51,1870.01,81.73,2,1859.92,-10.1,-0.54,0.0,n/a,Normal market alignment.
2022-11-30,ICICI_BANK,IBN,ICICIBANK.NS,45.51,1867.95,81.68,2,1858.69,-9.25,-0.5,0.0,n/a,Normal market alignment.
2022-12-01,ICICI_BANK,IBN,ICICIBANK.NS,45.72,1877.94,81.69,2,1867.27,-10.68,-0.57,0.0,n/a,Normal market alignment.
2022-12-02,ICICI_BANK,IBN,ICICIBANK.NS,45.63,1880.79,81.76,2,1865.19,-15.6,-0.83,0.0,n/a,Normal market alignment.
2022-12-05,ICICI_BANK,IBN,ICICIBANK.NS,45.47,1864.94,81.76,2,1858.9,-6.04,-0.32,0.0,n/a,Normal market alignment.
2022-12-06,ICICI_BANK,IBN,ICICIBANK.NS,44.89,1833.04,81.76,2,1835.16,2.12,0.12,0.0,n/a,Normal market alignment.
2022-12-07,ICICI_BANK,IBN,ICICIBANK.NS,45.44,1850.86,81.77,2,1857.75,6.89,0.37,0.0,n/a,Normal market alignment.
2022-12-08,ICICI_BANK,IBN,ICICIBANK.NS,46.47,1909.85,81.82,2,1901.06,-8.79,-0.46,0.0,n/a,Normal market alignment.
2022-12-09,ICICI_BANK,IBN,ICICIBANK.NS,46.09,1913.31,81.83,2,1885.98,-27.33,-1.43,0.0,n/a,Normal market alignment.
2022-12-12,ICICI_BANK,IBN,ICICIBANK.NS,46.49,1914.74,81.82,2,1901.85,-12.89,-0.67,0.0,n/a,Normal market alignment.
2022-12-13,ICICI_BANK,IBN,ICICIBANK.NS,46.8,1930.44,81.86,2,1915.81,-14.64,-0.76,0.0,n/a,Normal market alignment.
2022-12-14,ICICI_BANK,IBN,ICICIBANK.NS,46.82,1901.22,81.88,2,1917.04,15.82,0.83,0.0,n/a,Normal market alignment.
2022-12-15,ICICI_BANK,IBN,ICICIBANK.NS,45.77,1841.66,81.94,2,1875.14,33.49,1.82,-1.3,offline,"Offline insight: ICICI_BANK ADR-implied price is at a 1.82% premium to its NSE close, consistent with overnight US trading and FX movement."
2022-12-16,ICICI_BANK,IBN,ICICIBANK.NS,44.89,1794.69,81.95,2,1839.28,44.59,2.48,-5.4,offline,"Offline insight: ICICI_BANK ADR-implied price is at a 2.48% premium to its NSE close, consistent with overnight US trading and FX movement."
2022-12-19,ICICI_BANK,IBN,ICICIBANK.NS,44.37,1802.22,81.91,2,1817.22,15.01,0.83,0.0,n/a,Normal market alignment.
2022-12-20,ICICI_BANK,IBN,ICICIBANK.NS,42.96,1742.66,81.85,2,1758.31,15.65,0.9,0.0,n/a,Normal market alignment.
2022-12-21,ICICI_BANK,IBN,ICICIBANK.NS,43.88,1777.03,81.92,2,1797.44,20.41,1.15,0.0,n/a,Normal market alignment.
2022-12-22,ICICI_BANK,IBN,ICICIBANK.NS,44.14,1787.63,81.99,2,1809.44,21.81,1.22,0.0,n/a,Normal market alignment.
2022-12-23,ICICI_BANK,IBN,ICICIBANK.NS,44.13,1800.32,81.98,2,1809.03,8.71,0.48,0.0,n/a,Normal market alignment.
2022-12-26,ICICI_BANK,IBN,ICICIBANK.NS,42.7,1729.33,81.97,2,1749.84,20.51,1.19,0.0,n/a,Normal market alignment.
2022-12-27,ICICI_BANK,IBN,ICICIBANK.NS,41.54,1691.68,82.03,2,1703.73,12.04,0.71,0.0,n/a,Normal market alignment.
2022-12-28,ICICI_BANK,IBN,ICICIBANK.NS,41.55,1694.52,81.98,2,1703.28,8.76,0.52,0.0,n/a,Normal market alignment.
2022-12-29,ICICI_BANK,IBN,ICICIBANK.NS,42.79,1766.93,81.95,2,1753.39,-13.54,-0.77,0.0,n/a,Normal market alignment.
2022-12-30,ICICI_BANK,IBN,ICICIBANK.NS,42.36,1736.25,81.98,2,1736.11,-0.15,-0.01,0.0,n/a,Normal market alignment.
2023-01-02,ICICI_BANK,IBN,ICICIBANK.NS,42.92,1762.11,81.96,2,1758.8,-3.3,-0.19,0.0,n/a,Normal market alignment.
2023-01-03,ICICI_BANK,IBN,ICICIBANK.NS,42.62,1742.98,81.96,2,1746.69,3.71,0.21,0.0,n/a,Normal market alignment.
2023-01-04,ICICI_BANK,IBN,ICICIBANK.NS,42.67,1743.44,81.96,2,1748.54,5.1,0.29,0.0,n/a,Normal market alignment.
2023-01-05,ICICI_BANK,IBN,ICICIBANK.NS,43.46,1775.88,81.97,2,1781.24,5.36,0.3,0.0,n/a,Normal market alignment.
2023-01-06,ICICI_BANK,IBN,ICICIBANK.NS,43.25,1771.13,82.03,2,1773.77,2.64,0.15,0.0,n/a,Normal market alignment.
2023-01-09,ICICI_BANK,IBN,ICICIBANK.NS,42.81,1744.87,82.03,2,1756.04,11.17,0.64,0.0,n/a,Normal market alignment.
2023-01-10,ICICI_BANK,IBN,ICICIBANK.NS,43.74,1790.12,82.06,2,1794.5,4.38,0.24,0.0,n/a,Normal market alignment.
2023-01-11,ICICI_BANK,IBN,ICICIBANK.NS,43.78,1810.28,81.98,2,1794.5,-15.78,-0.87,0.0,n/a,Normal market alignment.
2023-01-12,ICICI_BANK,IBN,ICICIBANK.NS,44.51,1826.66,81.98,2,1824.39,-2.28,-0.12,0.0,n/a,Normal market alignment.
2023-01-13,ICICI_BANK,IBN,ICICIBANK.NS,44.07,1817.11,81.94,2,1805.46,-11.65,-0.64,0.0,n/a,Normal market alignment.
2023-01-16,ICICI_BANK,IBN,ICICIBANK.NS,45.01,1867.52,81.9,2,1843.02,-24.5,-1.31,0.0,n/a,Normal market alignment.
2023-01-17,ICICI_BANK,IBN,ICICIBANK.NS,45.21,1878.59,81.86,2,1850.37,-28.23,-1.5,2.3,offline,"Offline insight: ICICI_BANK ADR-implied price is at a 1.50% discount to its NSE close, consistent with overnight US trading and FX movement."
2023-01-18,ICICI_BANK,IBN,ICICIBANK.NS,45.51,1875.9,81.85,2,1862.71,-13.19,-0.7,0.0,n/a,Normal market alignment.
2023-01-19,ICICI_BANK,IBN,ICICIBANK.NS,45.62,1876.99,81.89,2,1867.8,-9.19,-0.49,0.0,n/a,Normal market alignment.
2023-01-20,ICICI_BANK,IBN,ICICIBANK.NS,45.29,1886.73,81.84,2,1853.02,-33.71,-1.79,1.3,offline,"Offline insight: ICICI_BANK ADR-implied price is at a 1.79% discount to its NSE close, consistent with overnight US trading and FX movement."
2023-01-23,ICICI_BANK,IBN,ICICIBANK.NS,45.3,1878.77,81.84,2,1853.58,-25.18,-1.34,0.0,n/a,Normal market alignment.
2023-01-24,ICICI_BANK,IBN,ICICIBANK.NS,45.01,1841.16,81.82,2,1841.42,0.26,0.01,0.0,n/a,Normal market alignment.
2023-01-25,ICICI_BANK,IBN,ICICIBANK.NS,45.67,1873.96,81.81,2,1868.2,-5.76,-0.31,0.0,n/a,Normal market alignment.
2023-01-26,ICICI_BANK,IBN,ICICIBANK.NS,45.55,1869.62,81.85,2,1864.01,-5.61,-0.3,0.0,n/a,Normal market alignment.
2023-01-27,ICICI_BANK,IBN,ICICIBANK.NS,44.54,1813.25,81.87,2,1823.22,9.97,0.55,0.0,n/a,Normal market alignment.
2023-01-30,ICICI_BANK,IBN,ICICIBANK.NS,43.43,1763.39,81.93,2,1779.03,15.64,0.89,0.0,n/a,Normal market alignment.
2023-01-31,ICICI_BANK,IBN,ICICIBANK.NS,42.32,1712.02,81.92,2,1733.37,21.35,1.25,0.0,n/a,Normal market alignment.
2023-02-01,ICICI_BANK,IBN,ICICIBANK.NS,42.72,1770.5,81.89,2,1749.39,-21.11,-1.19,0.0,n/a,Normal market alignment.
2023-02-02,ICICI_BANK,IBN,ICICIBANK.NS,42.0,1711.01,81.89,2,1719.53,8.52,0.5,0.0,n/a,Normal market alignment.
2023-02-03,ICICI_BANK,IBN,ICICIBANK.NS,42.2,1715.24,81.9,2,1728.01,12.77,0.74,0.0,n/a,Normal market alignment.
2023-02-06,ICICI_BANK,IBN,ICICIBANK.NS,42.3,1695.45,81.9,2,1732.24,36.78,2.17,2.1,offline,"Offline insight: ICICI_BANK ADR-implied price is at a 2.17% premium to its NSE close, consistent with overnight US trading and FX movement."
2023-02-07,ICICI_BANK,IBN,ICICIBANK.NS,42.27,1717.23,81.86,2,1730.18,12.95,0.75,0.0,n/a,Normal market alignment.
2023-02-08,ICICI_BANK,IBN,ICICIBANK.NS,42.56,1755.91,81.87,2,1742.18,-13.73,-0.78,0.0,n/a,Normal market alignment.
2023-02-09,ICICI_BANK,IBN,ICICIBANK.NS,42.67,1755.2,81.88,2,1747.05,-8.15,-0.46,0.0,n/a,Normal market alignment.
2023-02-10,ICICI_BANK,IBN,ICICIBANK.NS,40.95,1686.6,81.98,2,1678.65,-7.95,-0.47,0.0,n/a,Normal market alignment.
2023-02-13,ICICI_BANK,IBN,ICICIBANK.NS,40.77,1669.63,82.06,2,1672.55,2.92,0.17,0.0,n/a,Normal market alignment.
2023-02-14,ICICI_BANK,IBN,ICICIBANK.NS,41.04,1668.73,82.02,2,1683.04,14.31,0.86,0.0,n/a,Normal market alignment.
2023-02-15,ICICI_BANK,IBN,ICICIBANK.NS,42.06,1716.95,82.01,2,1724.73,7.78,0.45,0.0,n/a,Normal market alignment.
2023-02-16,ICICI_BANK,IBN,ICICIBANK.NS,43.14,1765.81,81.95,2,1767.64,1.83,0.1,0.0,n/a,Normal market alignment.
2023-02-17,ICICI_BANK,IBN,ICICIBANK.NS,42.27,1724.17,81.93,2,1731.55,7.38,0.43,0.0,n/a,Normal market alignment.
2023-02-20,ICICI_BANK,IBN,ICICIBANK.NS,42.06,1721.94,81.94,2,1723.27,1.33,0.08,0.0,n/a,Normal market alignment.
2023-02-21,ICICI_BANK,IBN,ICICIBANK.NS,41.08,1687.55,81.99,2,1684.32,-3.23,-0.19,0.0,n/a,Normal market alignment.
2023-02-22,ICICI_BANK,IBN,ICICIBANK.NS,42.03,1712.17,81.97,2,1722.63,10.46,0.61,0.0,n/a,Normal market alignment.
2023-02-23,ICICI_BANK,IBN,ICICIBANK.NS,42.68,1727.22,81.94,2,1748.78,21.56,1.25,0.0,n/a,Normal market alignment.
2023-02-24,ICICI_BANK,IBN,ICICIBANK.NS,42.92,1730.59,81.86,2,1756.68,26.09,1.51,1.6,offline,"Offline insight: ICICI_BANK ADR-implied price is at a 1.51% premium to its NSE close, consistent with overnight US trading and FX movement."
2023-02-27,ICICI_BANK,IBN,ICICIBANK.NS,43.04,1747.71,81.85,2,1761.47,13.75,0.79,0.0,n/a,Normal market alignment.
2023-02-28,ICICI_BANK,IBN,ICICIBANK.NS,43.95,1816.19,81.81,2,1797.56,-18.63,-1.03,0.0,n/a,Normal market alignment.
2023-03-01,ICICI_BANK,IBN,ICICIBANK.NS,44.76,1843.57,81.79,2,1830.31,-13.26,-0.72,0.0,n/a,Normal market alignment.
2023-03-02,ICICI_BANK,IBN,ICICIBANK.NS,45.55,1879.97,81.75,2,1861.88,-18.09,-0.96,0.0,n/a,Normal market alignment.
2023-03-03,ICICI_BANK,IBN,ICICIBANK.NS,45.87,1887.74,81.75,2,1875.13,-12.61,-0.67,0.0,n/a,Normal market alignment.
2023-03-06,ICICI_BANK,IBN,ICICIBANK.NS,45.65,1880.66,81.68,2,1864.29,-16.37,-0.87,0.0,n/a,Normal market alignment.
2023-03-07,ICICI_BANK,IBN,ICICIBANK.NS,46.19,1895.14,81.62,2,1884.96,-10.17,-0.54,0.0,n/a,Normal market alignment.
2023-03-08,ICICI_BANK,IBN,ICICIBANK.NS,46.77,1930.89,81.71,2,1910.62,-20.27,-1.05,0.0,n/a,Normal market alignment.
2023-03-09,ICICI_BANK,IBN,ICICIBANK.NS,46.65,1934.07,81.66,2,1904.55,-29.52,-1.53,-6.8,offline,"Offline insight: ICICI_BANK ADR-implied price is at a 1.53% discount to its NSE close, consistent with overnight US trading and FX movement."
2023-03-10,ICICI_BANK,IBN,ICICIBANK.NS,46.41,1895.23,81.62,2,1894.09,-1.13,-0.06,0.0,n/a,Normal market alignment.
2023-03-13,ICICI_BANK,IBN,ICICIBANK.NS,47.22,1942.5,81.69,2,1928.62,-13.88,-0.71,0.0,n/a,Normal market alignment.
2023-03-14,ICICI_BANK,IBN,ICICIBANK.NS,48.41,1988.7,81.81,2,1980.17,-8.52,-0.43,0.0,n/a,Normal market alignment.
2023-03-15,ICICI_BANK,IBN,ICICIBANK.NS,47.88,1949.4,81.76,2,1957.41,8.01,0.41,0.0,n/a,Normal market alignment.
2023-03-16,ICICI_BANK,IBN,ICICIBANK.NS,47.71,1932.8,81.75,2,1949.94,17.14,0.89,0.0,n/a,Normal market alignment.
2023-03-17,ICICI_BANK,IBN,ICICIBANK.NS,47.97,1940.03,81.76,2,1961.14,21.11,1.09,0.0,n/a,Normal market alignment.
2023-03-20,ICICI_BANK,IBN,ICICIBANK.NS,48.34,1960.78,81.83,2,1977.74,16.96,0.87,0.0,n/a,Normal market alignment.
2023-03-21,ICICI_BANK,IBN,ICICIBANK.NS,47.97,1941.99,81.8,2,1961.91,19.92,1.03,0.0,n/a,Normal market alignment.
2023-03-22,ICICI_BANK,IBN,ICICIBANK.NS,49.34,1986.39,81.79,2,2017.71,31.32,1.58,-4.6,offline,"Offline insight: ICICI_BANK ADR-implied price is at a 1.58% premium to its NSE close, consistent with overnight US trading and FX movement."
2023-03-23,ICICI_BANK,IBN,ICICIBANK.NS,49.67,2006.93,81.82,2,2031.89,24.96,1.24,0.0,n/a,Normal market alignment.
2023-03-24,ICICI_BANK,IBN,ICICIBANK.NS,50.08,2060.28,81.84,2,2049.16,-11.12,-0.54,0.0,n/a,Normal market alignment.
2023-03-27,ICICI_BANK,IBN,ICICIBANK.NS,51.41,2118.17,81.82,2,2103.47,-14.7,-0.69,0.0,n/a,Normal market alignment.
2023-03-28,ICICI_BANK,IBN,ICICIBANK.NS,51.08,2088.34,81.82,2,2089.82,1.48,0.07,0.0,n/a,Normal market alignment.
2023-03-29,ICICI_BANK,IBN,ICICIBANK.NS,51.03,2094.6,81.77,2,2086.3,-8.3,-0.4,0.0,n/a,Normal market alignment.
2023-03-30,ICICI_BANK,IBN,ICICIBANK.NS,50.09,2029.3,81.76,2,2047.49,18.19,0.9,0.0,n/a,Normal market alignment.
2023-03-31,ICICI_BANK,IBN,ICICIBANK.NS,49.97,2032.54,81.75,2,2042.57,10.03,0.49,0.0,n/a,Normal market alignment.
2023-04-03,ICICI_BANK,IBN,ICICIBANK.NS,48.87,1990.73,81.76,2,1997.82,7.08,0.36,0.0,n/a,Normal market alignment.
2023-04-04,ICICI_BANK,IBN,ICICIBANK.NS,49.43,2000.28,81.74,2,2020.3,20.02,1.0,0.0,n/a,Normal market alignment.
2023-04-05,ICICI_BANK,IBN,ICICIBANK.NS,49.76,2024.56,81.76,2,2034.13,9.57,0.47,0.0,n/a,Normal market alignment.
2023-04-06,ICICI_BANK,IBN,ICICIBANK.NS,49.57,2019.1,81.8,2,2027.32,8.22,0.41,0.0,n/a,Normal market alignment.
2023-04-07,ICICI_BANK,IBN,ICICIBANK.NS,49.51,2007.51,81.8,2,2025.05,17.54,0.87,0.0,n/a,Normal market alignment.
2023-04-10,ICICI_BANK,IBN,ICICIBANK.NS,50.09,2059.59,81.82,2,2049.16,-10.43,-0.51,0.0,n/a,Normal market alignment.
2023-04-11,ICICI_BANK,IBN,ICICIBANK.NS,49.25,2025.14,81.82,2,2014.94,-10.2,-0.5,0.0,n/a,Normal market alignment.
2023-04-12,ICICI_BANK,IBN,ICICIBANK.NS,49.42,2016.13,81.82,2,2021.74,5.61,0.28,0.0,n/a,Normal market alignment.
2023-04-13,ICICI_BANK,IBN,ICICIBANK.NS,49.95,2038.53,81.8,2,2042.87,4.34,0.21,0.0,n/a,Normal market alignment.
2023-04-14,ICICI_BANK,IBN,ICICIBANK.NS,48.63,1966.49,81.81,2,1989.2,22.71,1.15,0.0,n/a,Normal market alignment.
2023-04-17,ICICI_BANK,IBN,ICICIBANK.NS,49.14,2018.44,81.81,2,2010.16,-8.28,-0.41,0.0,n/a,Normal market alignment.
2023-04-18,ICICI_BANK,IBN,ICICIBANK.NS,47.92,1990.77,81.89,2,1962.32,-28.45,-1.43,0.0,n/a,Normal market alignment.
2023-04-19,ICICI_BANK,IBN,ICICIBANK.NS,47.85,1967.24,81.96,2,1960.97,-6.27,-0.32,0.0,n/a,Normal market alignment.
2023-04-20,ICICI_BANK,IBN,ICICIBANK.NS,47.03,1919.76,81.97,2,1927.73,7.96,0.41,0.0,n/a,Normal market alignment.
2023-04-21,ICICI_BANK,IBN,ICICIBANK.NS,48.06,1966.75,81.94,2,1968.98,2.23,0.11,0.0,n/a,Normal market alignment.
2023-04-24,ICICI_BANK,IBN,ICICIBANK.NS,47.24,1927.65,81.9,2,1934.37,6.72,0.35,0.0,n/a,Normal market alignment.
2023-04-25,ICICI_BANK,IBN,ICICIBANK.NS,46.08,1874.49,81.95,2,1888.19,13.7,0.73,0.0,n/a,Normal market alignment.
2023-04-26,ICICI_BANK,IBN,ICICIBANK.NS,46.19,1895.29,81.96,2,1892.8,-2.49,-0.13,0.0,n/a,Normal market alignment.
2023-04-27,ICICI_BANK,IBN,ICICIBANK.NS,45.92,1892.94,81.98,2,1882.09,-10.86,-0.57,0.0,n/a,Normal market alignment.
2023-04-28,ICICI_BANK,IBN,ICICIBANK.NS,44.89,1842.52,81.91,2,1838.63,-3.89,-0.21,0.0,n/a,Normal market alignment.
2023-05-01,ICICI_BANK,IBN,ICICIBANK.NS,45.26,1845.21,81.95,2,1854.55,9.34,0.51,0.0,n/a,Normal market alignment.
2023-05-02,ICICI_BANK,IBN,ICICIBANK.NS,43.92,1809.4,81.97,2,1800.12,-9.27,-0.51,0.0,n/a,Normal market alignment.
2023-05-03,ICICI_BANK,IBN,ICICIBANK.NS,43.25,1779.68,81.92,2,1771.74,-7.94,-0.45,0.0,n/a,Normal market alignment.
2023-05-04,ICICI_BANK,IBN,ICICIBANK.NS,42.89,1764.34,81.91,2,1756.61,-7.74,-0.44,0.0,n/a,Normal market alignment.
2023-05-05,ICICI_BANK,IBN,ICICIBANK.NS,43.42,1778.0,81.92,2,1778.52,0.52,0.03,0.0,n/a,Normal market alignment.
2023-05-08,ICICI_BANK,IBN,ICICIBANK.NS,44.28,1813.47,81.92,2,1813.68,0.21,0.01,0.0,n/a,Normal market alignment.
2023-05-09,ICICI_BANK,IBN,ICICIBANK.NS,45.02,1850.93,81.91,2,1843.99,-6.94,-0.38,0.0,n/a,Normal market alignment.
2023-05-10,ICICI_BANK,IBN,ICICIBANK.NS,44.93,1828.37,81.91,2,1840.23,11.86,0.65,0.0,n/a,Normal market alignment.
2023-05-11,ICICI_BANK,IBN,ICICIBANK.NS,43.31,1773.37,81.9,2,1773.58,0.21,0.01,0.0,n/a,Normal market alignment.
2023-05-12,ICICI_BANK,IBN,ICICIBANK.NS,43.58,1788.2,81.91,2,1784.67,-3.53,-0.2,0.0,n/a,Normal market alignment.
2023-05-15,ICICI_BANK,IBN,ICICIBANK.NS,44.55,1848.69,81.97,2,1825.91,-22.78,-1.23,0.0,n/a,Normal market alignment.
2023-05-16,ICICI_BANK,IBN,ICICIBANK.NS,45.39,1881.25,81.86,2,1857.94,-23.31,-1.24,0.0,n/a,Normal market alignment.
2023-05-17,ICICI_BANK,IBN,ICICIBANK.NS,45.72,1878.38,81.86,2,1871.2,-7.18,-0.38,0.0,n/a,Normal market alignment.
2023-05-18,ICICI_BANK,IBN,ICICIBANK.NS,44.92,1838.65,81.86,2,1838.56,-0.09,-0.0,0.0,n/a,Normal market alignment.
2023-05-19,ICICI_BANK,IBN,ICICIBANK.NS,44.58,1817.34,81.88,2,1824.91,7.57,0.42,0.0,n/a,Normal market alignment.
2023-05-22,ICICI_BANK,IBN,ICICIBANK.NS,45.88,1866.21,81.86,2,1878.07,11.86,0.64,0.0,n/a,Normal market alignment.
2023-05-23,ICICI_BANK,IBN,ICICIBANK.NS,44.92,1803.93,81.79,2,1837.17,33.24,1.84,-4.7,offline,"Offline insight: ICICI_BANK ADR-implied price is at a 1.84% premium to its NSE close, consistent with overnight US trading and FX movement."
2023-05-24,ICICI_BANK,IBN,ICICIBANK.NS,44.16,1795.95,81.81,2,1806.4,10.46,0.58,0.0,n/a,Normal market alignment.
2023-05-25,ICICI_BANK,IBN,ICICIBANK.NS,44.8,1848.55,81.88,2,1834.05,-14.5,-0.78,0.0,n/a,Normal market alignment.
2023-05-26,ICICI_BANK,IBN,ICICIBANK.NS,44.52,1843.63,81.82,2,1821.4,-22.23,-1.21,0.0,n/a,Normal market alignment.
2023-05-29,ICICI_BANK,IBN,ICICIBANK.NS,43.75,1812.48,81.85,2,1790.44,-22.04,-1.22,0.0,n/a,Normal market alignment.
2023-05-30,ICICI_BANK,IBN,ICICIBANK.NS,44.76,1857.97,81.84,2,1831.74,-26.23,-1.41,0.0,n/a,Normal market alignment.
2023-05-31,ICICI_BANK,IBN,ICICIBANK.NS,45.09,1859.45,81.84,2,1844.92,-14.53,-0.78,0.0,n/a,Normal market alignment.
2023-06-01,ICICI_BANK,IBN,ICICIBANK.NS,44.84,1826.54,81.8,2,1833.99,7.45,0.41,0.0,n/a,Normal market alignment.
2023-06-02,ICICI_BANK,IBN,ICICIBANK.NS,44.08,1779.21,81.79,2,1802.75,23.53,1.32,0.0,n/a,Normal market alignment.
2023-06-05,ICICI_BANK,IBN,ICICIBANK.NS,45.45,1838.77,81.84,2,1859.86,21.08,1.15,0.0,n/a,Normal market alignment.
2023-06-06,ICICI_BANK,IBN,ICICIBANK.NS,45.45,1820.47,81.86,2,1860.28,39.81,2.19,-5.6,offline,"Offline insight: ICICI_BANK ADR-implied price is at a 2.19% premium to its NSE close, consistent with overnight US trading and FX movement."
2023-06-07,ICICI_BANK,IBN,ICICIBANK.NS,46.42,1881.47,81.93,2,1901.46,19.99,1.06,0.0,n/a,Normal market alignment.
2023-06-08,ICICI_BANK,IBN,ICICIBANK.NS,47.05,1938.45,81.98,2,1928.65,-9.79,-0.51,0.0,n/a,Normal market alignment.
2023-06-09,ICICI_BANK,IBN,ICICIBANK.NS,46.7,1906.32,82.0,2,1914.6,8.28,0.43,0.0,n/a,Normal market alignment.
2023-06-12,ICICI_BANK,IBN,ICICIBANK.NS,46.35,1921.81,82.07,2,1902.08,-19.73,-1.03,0.0,n/a,Normal market alignment.
2023-06-13,ICICI_BANK,IBN,ICICIBANK.NS,47.37,1966.86,82.09,2,1944.36,-22.51,-1.14,0.0,n/a,Normal market alignment.
2023-06-14,ICICI_BANK,IBN,ICICIBANK.NS,48.43,1994.85,82.12,2,1988.42,-6.44,-0.32,0.0,n/a,Normal market alignment.
2023-06-15,ICICI_BANK,IBN,ICICIBANK.NS,47.08,1937.92,82.11,2,1932.78,-5.14,-0.27,0.0,n/a,Normal market alignment.
2023-06-16,ICICI_BANK,IBN,ICICIBANK.NS,47.48,1955.11,82.12,2,1949.38,-5.72,-0.29,0.0,n/a,Normal market alignment.
2023-06-19,ICICI_BANK,IBN,ICICIBANK.NS,47.41,1965.49,82.09,2,1945.79,-19.7,-1.0,0.0,n/a,Normal market alignment.
2023-06-20,ICICI_BANK,IBN,ICICIBANK.NS,46.69,1928.9,82.13,2,1917.16,-11.75,-0.61,0.0,n/a,Normal market alignment.
2023-06-21,ICICI_BANK,IBN,ICICIBANK.NS,46.88,1917.71,82.08,2,1924.18,6.47,0.34,0.0,n/a,Normal market alignment.
2023-06-22,ICICI_BANK,IBN,ICICIBANK.NS,45.95,1882.47,82.12,2,1886.55,4.07,0.22,0.0,n/a,Normal market alignment.
2023-06-23,ICICI_BANK,IBN,ICICIBANK.NS,45.64,1882.26,82.11,2,1873.76,-8.5,-0.45,0.0,n/a,Normal market alignment.
2023-06-26,ICICI_BANK,IBN,ICICIBANK.NS,45.11,1874.41,82.16,2,1852.96,-21.45,-1.14,0.0,n/a,Normal market alignment.
2023-06-27,ICICI_BANK,IBN,ICICIBANK.NS,44.78,1863.67,82.19,2,1840.32,-23.36,-1.25,0.0,n/a,Normal market alignment.
2023-06-28,ICICI_BANK,IBN,ICICIBANK.NS,44.75,1849.38,82.26,2,1840.55,-8.83,-0.48,0.0,n/a,Normal market alignment.
2023-06-29,ICICI_BANK,IBN,ICICIBANK.NS,44.08,1814.56,82.29,2,1813.73,-0.83,-0.05,0.0,n/a,Normal market alignment.
2023-06-30,ICICI_BANK,IBN,ICICIBANK.NS,45.13,1866.65,82.23,2,1855.68,-10.97,-0.59,0.0,n/a,Normal market alignment.
2023-07-03,ICICI_BANK,IBN,ICICIBANK.NS,45.48,1906.15,82.23,2,1869.93,-36.22,-1.9,3.3,offline,"Offline insight: ICICI_BANK ADR-implied price is at a 1.90% discount to its NSE close, consistent with overnight US trading and FX movement."
2023-07-04,ICICI_BANK,IBN,ICICIBANK.NS,46.72,1936.13,82.18,2,1919.75,-16.38,-0.85,0.0,n/a,Normal market alignment.
2023-07-05,ICICI_BANK,IBN,ICICIBANK.NS,46.62,1937.27,82.16,2,1915.26,-22.01,-1.14,0.0,n/a,Normal market alignment.
2023-07-06,ICICI_BANK,IBN,ICICIBANK.NS,46.25,1905.29,82.22,2,1901.49,-3.8,-0.2,0.0,n/a,Normal market alignment.
2023-07-07,ICICI_BANK,IBN,ICICIBANK.NS,47.49,1965.6,82.25,2,1952.84,-12.75,-0.65,0.0,n/a,Normal market alignment.
2023-07-10,ICICI_BANK,IBN,ICICIBANK.NS,47.09,1957.01,82.22,2,1935.86,-21.15,-1.08,0.0,n/a,Normal market alignment.
2023-07-11,ICICI_BANK,IBN,ICICIBANK.NS,46.98,1940.84,82.18,2,1930.33,-10.51,-0.54,0.0,n/a,Normal market alignment.
2023-07-12,ICICI_BANK,IBN,ICICIBANK.NS,47.5,1926.28,82.19,2,1951.82,25.54,1.33,0.0,n/a,Normal market alignment.
2023-07-13,ICICI_BANK,IBN,ICICIBANK.NS,46.63,1890.11,82.14,2,1915.05,24.94,1.32,0.0,n/a,Normal market alignment.
2023-07-14,ICICI_BANK,IBN,ICICIBANK.NS,47.14,1918.43,82.11,2,1935.45,17.02,0.89,0.0,n/a,Normal market alignment.
2023-07-17,ICICI_BANK,IBN,ICICIBANK.NS,47.57,1938.1,82.13,2,1953.29,15.18,0.78,0.0,n/a,Normal market alignment.
2023-07-18,ICICI_BANK,IBN,ICICIBANK.NS,48.49,2007.38,82.17,2,1992.21,-15.17,-0.76,0.0,n/a,Normal market alignment.
2023-07-19,ICICI_BANK,IBN,ICICIBANK.NS,49.15,2045.37,82.2,2,2020.03,-25.34,-1.24,0.0,n/a,Normal market alignment.
2023-07-20,ICICI_BANK,IBN,ICICIBANK.NS,50.12,2110.54,82.11,2,2057.75,-52.79,-2.5,-5.3,offline,"Offline insight: ICICI_BANK ADR-implied price is at a 2.50% discount to its NSE close, consistent with overnight US trading and FX movement."
2023-07-21,ICICI_BANK,IBN,ICICIBANK.NS,50.05,2061.26,82.12,2,2055.29,-5.97,-0.29,0.0,n/a,Normal market alignment.
2023-07-24,ICICI_BANK,IBN,ICICIBANK.NS,49.42,2011.4,82.13,2,2029.41,18.01,0.9,0.0,n/a,Normal market alignment.
2023-07-25,ICICI_BANK,IBN,ICICIBANK.NS,51.0,2077.82,82.14,2,2094.69,16.88,0.81,0.0,n/a,Normal market alignment.
2023-07-26,ICICI_BANK,IBN,ICICIBANK.NS,49.85,2037.14,82.21,2,2048.99,11.85,0.58,0.0,n/a,Normal market alignment.
2023-07-27,ICICI_BANK,IBN,ICICIBANK.NS,48.8,2018.65,82.13,2,2003.77,-14.88,-0.74,0.0,n/a,Normal market alignment.
2023-07-28,ICICI_BANK,IBN,ICICIBANK.NS,49.23,2032.91,82.1,2,2020.8,-12.11,-0.6,0.0,n/a,Normal market alignment.
2023-07-31,ICICI_BANK,IBN,ICICIBANK.NS,50.44,2052.87,82.13,2,2071.29,18.42,0.9,0.0,n/a,Normal market alignment.
2023-08-01,ICICI_BANK,IBN,ICICIBANK.NS,50.6,2063.22,82.07,2,2076.22,13.01,0.63,0.0,n/a,Normal market alignment.
2023-08-02,ICICI_BANK,IBN,ICICIBANK.NS,51.37,2109.87,82.13,2,2109.51,-0.36,-0.02,0.0,n/a,Normal market alignment.
2023-08-03,ICICI_BANK,IBN,ICICIBANK.NS,49.85,2073.1,82.14,2,2047.38,-25.72,-1.24,0.0,n/a,Normal market alignment.
2023-08-04,ICICI_BANK,IBN,ICICIBANK.NS,49.49,2029.02,82.18,2,2033.52,4.5,0.22,0.0,n/a,Normal market alignment.
2023-08-07,ICICI_BANK,IBN,ICICIBANK.NS,48.11,1974.78,82.16,2,1976.44,1.66,0.08,0.0,n/a,Normal market alignment.
2023-08-08,ICICI_BANK,IBN,ICICIBANK.NS,48.69,2024.87,82.19,2,2000.99,-23.88,-1.18,0.0,n/a,Normal market alignment.
2023-08-09,ICICI_BANK,IBN,ICICIBANK.NS,47.58,1983.05,82.23,2,1956.19,-26.86,-1.35,0.0,n/a,Normal market alignment.
2023-08-10,ICICI_BANK,IBN,ICICIBANK.NS,46.68,1952.86,82.24,2,1919.52,-33.34,-1.71,2.4,offline,"Offline insight: ICICI_BANK ADR-implied price is at a 1.71% discount to its NSE close, consistent with overnight US trading and FX movement."
2023-08-11,ICICI_BANK,IBN,ICICIBANK.NS,47.05,1956.99,82.25,2,1935.14,-21.85,-1.12,0.0,n/a,Normal market alignment.
2023-08-14,ICICI_BANK,IBN,ICICIBANK.NS,47.82,1977.2,82.27,2,1966.82,-10.37,-0.52,0.0,n/a,Normal market alignment.
2023-08-15,ICICI_BANK,IBN,ICICIBANK.NS,47.72,1975.1,82.23,2,1961.92,-13.18,-0.67,0.0,n/a,Normal market alignment.
2023-08-16,ICICI_BANK,IBN,ICICIBANK.NS,48.14,1976.34,82.23,2,1979.18,2.84,0.14,0.0,n/a,Normal market alignment.
2023-08-17,ICICI_BANK,IBN,ICICIBANK.NS,48.54,1992.79,82.22,2,1995.61,2.82,0.14,0.0,n/a,Normal market alignment.
2023-08-18,ICICI_BANK,IBN,ICICIBANK.NS,48.4,1973.8,82.24,2,1990.16,16.35,0.83,0.0,n/a,Normal market alignment.
2023-08-21,ICICI_BANK,IBN,ICICIBANK.NS,47.62,1954.22,82.28,2,1959.05,4.83,0.25,0.0,n/a,Normal market alignment.
2023-08-22,ICICI_BANK,IBN,ICICIBANK.NS,48.04,1931.21,82.24,2,1975.24,44.03,2.28,-4.5,offline,"Offline insight: ICICI_BANK ADR-implied price is at a 2.28% premium to its NSE close, consistent with overnight US trading and FX movement."
2023-08-23,ICICI_BANK,IBN,ICICIBANK.NS,48.49,1974.69,82.23,2,1993.9,19.21,0.97,0.0,n/a,Normal market alignment.
2023-08-24,ICICI_BANK,IBN,ICICIBANK.NS,49.16,2023.71,82.29,2,2022.72,-0.98,-0.05,0.0,n/a,Normal market alignment.
2023-08-25,ICICI_BANK,IBN,ICICIBANK.NS,49.4,2047.39,82.27,2,2032.09,-15.31,-0.75,0.0,n/a,Normal market alignment.
2023-08-28,ICICI_BANK,IBN,ICICIBANK.NS,48.55,2008.28,82.23,2,1996.31,-11.97,-0.6,0.0,n/a,Normal market alignment.
2023-08-29,ICICI_BANK,IBN,ICICIBANK.NS,49.07,2049.81,82.24,2,2017.8,-32.01,-1.56,-5.3,offline,"Offline insight: ICICI_BANK ADR-implied price is at a 1.56% discount to its NSE close, consistent with overnight US trading and FX movement."
2023-08-30,ICICI_BANK,IBN,ICICIBANK.NS,49.08,2034.08,82.28,2,2019.22,-14.86,-0.73,0.0,n/a,Normal market alignment.
2023-08-31,ICICI_BANK,IBN,ICICIBANK.NS,48.74,2041.41,82.28,2,2005.24,-36.18,-1.77,-4.7,offline,"Offline insight: ICICI_BANK ADR-implied price is at a 1.77% discount to its NSE close, consistent with overnight US trading and FX movement."
2023-09-01,ICICI_BANK,IBN,ICICIBANK.NS,48.54,2017.46,82.33,2,1998.29,-19.17,-0.95,0.0,n/a,Normal market alignment.
2023-09-04,ICICI_BANK,IBN,ICICIBANK.NS,48.05,2009.51,82.37,2,1979.05,-30.46,-1.52,0.1,offline,"Offline insight: ICICI_BANK ADR-implied price is at a 1.52% discount to its NSE close, consistent with overnight US trading and FX movement."
2023-09-05,ICICI_BANK,IBN,ICICIBANK.NS,48.71,2030.76,82.4,2,2006.87,-23.89,-1.18,0.0,n/a,Normal market alignment.
2023-09-06,ICICI_BANK,IBN,ICICIBANK.NS,47.69,1970.91,82.43,2,1965.34,-5.57,-0.28,0.0,n/a,Normal market alignment.
2023-09-07,ICICI_BANK,IBN,ICICIBANK.NS,46.99,1911.27,82.52,2,1938.85,27.58,1.44,0.0,n/a,Normal market alignment.
2023-09-08,ICICI_BANK,IBN,ICICIBANK.NS,46.77,1927.56,82.51,2,1929.7,2.15,0.11,0.0,n/a,Normal market alignment.
2023-09-11,ICICI_BANK,IBN,ICICIBANK.NS,47.92,1975.85,82.43,2,1975.09,-0.76,-0.04,0.0,n/a,Normal market alignment.
2023-09-12,ICICI_BANK,IBN,ICICIBANK.NS,48.69,2019.2,82.5,2,2008.51,-10.7,-0.53,0.0,n/a,Normal market alignment.
2023-09-13,ICICI_BANK,IBN,ICICIBANK.NS,47.51,1977.59,82.48,2,1959.27,-18.33,-0.93,0.0,n/a,Normal market alignment.
2023-09-14,ICICI_BANK,IBN,ICICIBANK.NS,48.49,2021.05,82.49,2,1999.7,-21.35,-1.06,0.0,n/a,Normal market alignment.
2023-09-15,ICICI_BANK,IBN,ICICIBANK.NS,49.48,2043.26,82.54,2,2042.09,-1.17,-0.06,0.0,n/a,Normal market alignment.
2023-09-18,ICICI_BANK,IBN,ICICIBANK.NS,48.62,2012.78,82.48,2,2005.21,-7.57,-0.38,0.0,n/a,Normal market alignment.
2023-09-19,ICICI_BANK,IBN,ICICIBANK.NS,46.8,1903.15,82.43,2,1928.82,25.67,1.35,0.0,n/a,Normal market alignment.
2023-09-20,ICICI_BANK,IBN,ICICIBANK.NS,46.76,1904.87,82.37,2,1925.84,20.96,1.1,0.0,n/a,Normal market alignment.
2023-09-21,ICICI_BANK,IBN,ICICIBANK.NS,47.56,1959.02,82.33,2,1958.11,-0.91,-0.05,0.0,n/a,Normal market alignment.
2023-09-22,ICICI_BANK,IBN,ICICIBANK.NS,48.71,2011.61,82.35,2,2005.89,-5.73,-0.28,0.0,n/a,Normal market alignment.
2023-09-25,ICICI_BANK,IBN,ICICIBANK.NS,48.09,1995.42,82.38,2,1980.81,-14.61,-0.73,0.0,n/a,Normal market alignment.
2023-09-26,ICICI_BANK,IBN,ICICIBANK.NS,49.37,2031.31,82.39,2,2033.76,2.45,0.12,0.0,n/a,Normal market alignment.
2023-09-27,ICICI_BANK,IBN,ICICIBANK.NS,47.74,1986.43,82.33,2,1965.08,-21.35,-1.07,0.0,n/a,Normal market alignment.
2023-09-28,ICICI_BANK,IBN,ICICIBANK.NS,47.49,1984.07,82.24,2,1952.65,-31.42,-1.58,2.0,offline,"Offline insight: ICICI_BANK ADR-implied price is at a 1.58% discount to its NSE close, consistent with overnight US trading and FX movement."
2023-09-29,ICICI_BANK,IBN,ICICIBANK.NS,47.2,1967.94,82.24,2,1941.09,-26.85,-1.36,0.0,n/a,Normal market alignment.
2023-10-02,ICICI_BANK,IBN,ICICIBANK.NS,48.03,1981.54,82.23,2,1974.8,-6.75,-0.34,0.0,n/a,Normal market alignment.
2023-10-03,ICICI_BANK,IBN,ICICIBANK.NS,48.98,2001.14,82.24,2,2014.32,13.19,0.66,0.0,n/a,Normal market alignment.
2023-10-04,ICICI_BANK,IBN,ICICIBANK.NS,49.7,2017.01,82.27,2,2044.48,27.47,1.36,0.0,n/a,Normal market alignment.
2023-10-05,ICICI_BANK,IBN,ICICIBANK.NS,48.71,1980.31,82.28,2,2003.84,23.52,1.19,0.0,n/a,Normal market alignment.
2023-10-06,ICICI_BANK,IBN,ICICIBANK.NS,49.35,2017.93,82.31,2,2031.14,13.21,0.65,0.0,n/a,Normal market alignment.
2023-10-09,ICICI_BANK,IBN,ICICIBANK.NS,49.74,2028.26,82.32,2,2047.51,19.25,0.95,0.0,n/a,Normal market alignment.
2023-10-10,ICICI_BANK,IBN,ICICIBANK.NS,48.51,2001.97,82.34,2,1997.34,-4.64,-0.23,0.0,n/a,Normal market alignment.
2023-10-11,ICICI_BANK,IBN,ICICIBANK.NS,47.02,1963.45,82.32,2,1935.37,-28.08,-1.43,0.0,n/a,Normal market alignment.
2023-10-12,ICICI_BANK,IBN,ICICIBANK.NS,47.77,1976.86,82.31,2,1965.93,-10.92,-0.55,0.0,n/a,Normal market alignment.
2023-10-13,ICICI_BANK,IBN,ICICIBANK.NS,47.65,1981.95,82.32,2,1961.42,-20.52,-1.04,0.0,n/a,Normal market alignment.
2023-10-16,ICICI_BANK,IBN,ICICIBANK.NS,46.75,1937.92,82.35,2,1924.99,-12.93,-0.67,0.0,n/a,Normal market alignment.
2023-10-17,ICICI_BANK,IBN,ICICIBANK.NS,46.62,1925.31,82.34,2,1919.21,-6.09,-0.32,0.0,n/a,Normal market alignment.
2023-10-18,ICICI_BANK,IBN,ICICIBANK.NS,46.89,1931.1,82.36,2,1930.78,-0.31,-0.02,0.0,n/a,Normal market alignment.
2023-10-19,ICICI_BANK,IBN,ICICIBANK.NS,46.84,1916.34,82.35,2,1928.74,12.39,0.65,0.0,n/a,Normal market alignment.
2023-10-20,ICICI_BANK,IBN,ICICIBANK.NS,45.77,1866.22,82.35,2,1884.33,18.11,0.97,0.0,n/a,Normal market alignment.
2023-10-23,ICICI_BANK,IBN,ICICIBANK.NS,47.07,1925.16,82.38,2,1938.99,13.84,0.72,0.0,n/a,Normal market alignment.
2023-10-24,ICICI_BANK,IBN,ICICIBANK.NS,47.8,1964.51,82.3,2,1966.9,2.39,0.12,0.0,n/a,Normal market alignment.
2023-10-25,ICICI_BANK,IBN,ICICIBANK.NS,47.57,1953.49,82.25,2,1956.39,2.9,0.15,0.0,n/a,Normal market alignment.
2023-10-26,ICICI_BANK,IBN,ICICIBANK.NS,47.37,1953.35,82.19,2,1946.93,-6.41,-0.33,0.0,n/a,Normal market alignment.
2023-10-27,ICICI_BANK,IBN,ICICIBANK.NS,47.64,1962.38,82.1,2,1955.82,-6.56,-0.33,0.0,n/a,Normal market alignment.
2023-10-30,ICICI_BANK,IBN,ICICIBANK.NS,46.85,1891.78,82.08,2,1922.65,30.88,1.63,4.4,offline,"Offline insight: ICICI_BANK ADR-implied price is at a 1.63% premium to its NSE close, consistent with overnight US trading and FX movement."
2023-10-31,ICICI_BANK,IBN,ICICIBANK.NS,47.09,1912.1,82.11,2,1933.26,21.16,1.11,0.0,n/a,Normal market alignment.
2023-11-01,ICICI_BANK,IBN,ICICIBANK.NS,46.17,1876.64,82.1,2,1895.01,18.38,0.98,0.0,n/a,Normal market alignment.
2023-11-02,ICICI_BANK,IBN,ICICIBANK.NS,46.13,1892.01,82.1,2,1893.78,1.77,0.09,0.0,n/a,Normal market alignment.
2023-11-03,ICICI_BANK,IBN,ICICIBANK.NS,45.34,1847.93,82.15,2,1862.17,14.23,0.77,0.0,n/a,Normal market alignment.
2023-11-06,ICICI_BANK,IBN,ICICIBANK.NS,44.59,1814.66,82.2,2,1832.7,18.04,0.99,0.0,n/a,Normal market alignment.
2023-11-07,ICICI_BANK,IBN,ICICIBANK.NS,45.7,1857.39,82.2,2,1878.45,21.06,1.13,0.0,n/a,Normal market alignment.
2023-11-08,ICICI_BANK,IBN,ICICIBANK.NS,45.76,1866.44,82.26,2,1881.95,15.5,0.83,0.0,n/a,Normal market alignment.
2023-11-09,ICICI_BANK,IBN,ICICIBANK.NS,45.91,1865.67,82.26,2,1888.47,22.8,1.22,0.0,n/a,Normal market alignment.
2023-11-10,ICICI_BANK,IBN,ICICIBANK.NS,44.54,1802.08,82.23,2,1831.34,29.26,1.62,-5.2,offline,"Offline insight: ICICI_BANK ADR-implied price is at a 1.62% premium to its NSE close, consistent with overnight US trading and FX movement."
2023-11-13,ICICI_BANK,IBN,ICICIBANK.NS,44.16,1793.96,82.21,2,1814.99,21.03,1.17,0.0,n/a,Normal market alignment.
2023-11-14,ICICI_BANK,IBN,ICICIBANK.NS,44.48,1815.48,82.15,2,1826.79,11.31,0.62,0.0,n/a,Normal market alignment.
2023-11-15,ICICI_BANK,IBN,ICICIBANK.NS,44.62,1813.75,82.11,2,1831.89,18.14,1.0,0.0,n/a,Normal market alignment.
2023-11-16,ICICI_BANK,IBN,ICICIBANK.NS,43.19,1773.54,82.1,2,1772.96,-0.58,-0.03,0.0,n/a,Normal market alignment.
2023-11-17,ICICI_BANK,IBN,ICICIBANK.NS,43.34,1789.06,82.13,2,1779.72,-9.34,-0.52,0.0,n/a,Normal market alignment.
2023-11-20,ICICI_BANK,IBN,ICICIBANK.NS,43.59,1797.87,82.2,2,1791.56,-6.3,-0.35,0.0,n/a,Normal market alignment.
2023-11-21,ICICI_BANK,IBN,ICICIBANK.NS,44.44,1851.86,82.15,2,1825.39,-26.47,-1.43,0.0,n/a,Normal market alignment.
2023-11-22,ICICI_BANK,IBN,ICICIBANK.NS,44.02,1813.41,82.17,2,1808.37,-5.05,-0.28,0.0,n/a,Normal market alignment.
2023-11-23,ICICI_BANK,IBN,ICICIBANK.NS,42.55,1762.05,82.12,2,1747.23,-14.82,-0.84,0.0,n/a,Normal market alignment.
2023-11-24,ICICI_BANK,IBN,ICICIBANK.NS,41.93,1736.54,82.14,2,1722.05,-14.49,-0.83,0.0,n/a,Normal market alignment.
2023-11-27,ICICI_BANK,IBN,ICICIBANK.NS,41.25,1705.22,82.14,2,1694.14,-11.09,-0.65,0.0,n/a,Normal market alignment.
2023-11-28,ICICI_BANK,IBN,ICICIBANK.NS,41.72,1718.09,82.07,2,1711.86,-6.23,-0.36,0.0,n/a,Normal market alignment.
2023-11-29,ICICI_BANK,IBN,ICICIBANK.NS,40.03,1650.94,82.11,2,1643.38,-7.56,-0.46,0.0,n/a,Normal market alignment.
2023-11-30,ICICI_BANK,IBN,ICICIBANK.NS,39.77,1637.63,82.08,2,1632.36,-5.27,-0.32,0.0,n/a,Normal market alignment.
2023-12-01,ICICI_BANK,IBN,ICICIBANK.NS,40.64,1671.27,82.06,2,1667.35,-3.93,-0.23,0.0,n/a,Normal market alignment.
2023-12-04,ICICI_BANK,IBN,ICICIBANK.NS,40.65,1674.78,82.02,2,1667.18,-7.6,-0.45,0.0,n/a,Normal market alignment.
2023-12-05,ICICI_BANK,IBN,ICICIBANK.NS,41.21,1703.43,82.0,2,1689.57,-13.86,-0.81,0.0,n/a,Normal market alignment.
2023-12-06,ICICI_BANK,IBN,ICICIBANK.NS,40.21,1644.41,82.01,2,1648.83,4.42,0.27,0.0,n/a,Normal market alignment.
2023-12-07,ICICI_BANK,IBN,ICICIBANK.NS,39.25,1630.97,82.01,2,1609.58,-21.39,-1.31,0.0,n/a,Normal market alignment.
2023-12-08,ICICI_BANK,IBN,ICICIBANK.NS,40.11,1660.51,82.02,2,1645.05,-15.46,-0.93,0.0,n/a,Normal market alignment.
2023-12-11,ICICI_BANK,IBN,ICICIBANK.NS,40.19,1663.1,82.04,2,1648.35,-14.75,-0.89,0.0,n/a,Normal market alignment.
2023-12-12,ICICI_BANK,IBN,ICICIBANK.NS,40.26,1656.44,82.09,2,1652.48,-3.96,-0.24,0.0,n/a,Normal market alignment.
2023-12-13,ICICI_BANK,IBN,ICICIBANK.NS,39.6,1644.1,82.08,2,1625.01,-19.09,-1.16,0.0,n/a,Normal market alignment.
2023-12-14,ICICI_BANK,IBN,ICICIBANK.NS,39.67,1644.01,82.02,2,1626.8,-17.21,-1.05,0.0,n/a,Normal market alignment.
2023-12-15,ICICI_BANK,IBN,ICICIBANK.NS,39.0,1611.45,82.06,2,1600.18,-11.27,-0.7,0.0,n/a,Normal market alignment.
2023-12-18,ICICI_BANK,IBN,ICICIBANK.NS,39.7,1623.56,82.05,2,1628.9,5.35,0.33,0.0,n/a,Normal market alignment.
2023-12-19,ICICI_BANK,IBN,ICICIBANK.NS,41.34,1689.72,82.1,2,1696.98,7.27,0.43,0.0,n/a,Normal market alignment.
2023-12-20,ICICI_BANK,IBN,ICICIBANK.NS,41.65,1719.96,82.11,2,1710.15,-9.81,-0.57,0.0,n/a,Normal market alignment.
2023-12-21,ICICI_BANK,IBN,ICICIBANK.NS,41.27,1705.95,82.11,2,1694.29,-11.66,-0.68,0.0,n/a,Normal market alignment.
2023-12-22,ICICI_BANK,IBN,ICICIBANK.NS,39.71,1627.28,82.12,2,1630.7,3.42,0.21,0.0,n/a,Normal market alignment.
2023-12-25,ICICI_BANK,IBN,ICICIBANK.NS,38.72,1602.97,82.2,2,1591.52,-11.45,-0.71,0.0,n/a,Normal market alignment.
2023-12-26,ICICI_BANK,IBN,ICICIBANK.NS,39.64,1638.71,82.29,2,1630.78,-7.93,-0.48,0.0,n/a,Normal market alignment.
2023-12-27,ICICI_BANK,IBN,ICICIBANK.NS,39.04,1610.95,82.29,2,1606.17,-4.78,-0.3,0.0,n/a,Normal market alignment.
2023-12-28,ICICI_BANK,IBN,ICICIBANK.NS,38.83,1605.05,82.3,2,1597.86,-7.19,-0.45,0.0,n/a,Normal market alignment.
2023-12-29,ICICI_BANK,IBN,ICICIBANK.NS,39.22,1589.19,82.34,2,1614.91,25.72,1.62,1.6,offline,"Offline insight: ICICI_BANK ADR-implied price is at a 1.62% premium to its NSE close, consistent with overnight US trading and FX movement."
2024-01-01,ICICI_BANK,IBN,ICICIBANK.NS,40.11,1639.46,82.31,2,1650.64,11.18,0.68,0.0,n/a,Normal market alignment.
2024-01-02,ICICI_BANK,IBN,ICICIBANK.NS,40.0,1634.65,82.32,2,1646.48,11.84,0.72,0.0,n/a,Normal market alignment.
2024-01-03,ICICI_BANK,IBN,ICICIBANK.NS,39.77,1638.65,82.32,2,1636.98,-1.67,-0.1,0.0,n/a,Normal market alignment.
2024-01-04,ICICI_BANK,IBN,ICICIBANK.NS,39.82,1634.46,82.34,2,1639.5,5.04,0.31,0.0,n/a,Normal market alignment.
2024-01-05,ICICI_BANK,IBN,ICICIBANK.NS,39.46,1611.12,82.31,2,1623.92,12.8,0.79,0.0,n/a,Normal market alignment.
2024-01-08,ICICI_BANK,IBN,ICICIBANK.NS,39.13,1608.16,82.24,2,1609.21,1.05,0.07,0.0,n/a,Normal market alignment.
2024-01-09,ICICI_BANK,IBN,ICICIBANK.NS,39.39,1618.0,82.16,2,1618.02,0.01,0.0,0.0,n/a,Normal market alignment.
2024-01-10,ICICI_BANK,IBN,ICICIBANK.NS,39.51,1632.36,82.12,2,1622.14,-10.22,-0.63,0.0,n/a,Normal market alignment.
2024-01-11,ICICI_BANK,IBN,ICICIBANK.NS,40.78,1694.07,82.1,2,1674.14,-19.94,-1.18,0.0,n/a,Normal market alignment.
2024-01-12,ICICI_BANK,IBN,ICICIBANK.NS,41.06,1685.11,82.09,2,1685.44,0.33,0.02,0.0,n/a,Normal market alignment.
2024-01-15,ICICI_BANK,IBN,ICICIBANK.NS,41.79,1723.16,82.17,2,1716.69,-6.48,-0.38,0.0,n/a,Normal market alignment.
2024-01-16,ICICI_BANK,IBN,ICICIBANK.NS,41.13,1723.55,82.21,2,1690.55,-33.01,-1.92,3.8,offline,"Offline insight: ICICI_BANK ADR-implied price is at a 1.92% discount to its NSE close, consistent with overnight US trading and FX movement."
2024-01-17,ICICI_BANK,IBN,ICICIBANK.NS,41.46,1702.12,82.18,2,1703.59,1.48,0.09,0.0,n/a,Normal market alignment.
2024-01-18,ICICI_BANK,IBN,ICICIBANK.NS,41.03,1694.57,82.19,2,1685.93,-8.63,-0.51,0.0,n/a,Normal market alignment.
2024-01-19,ICICI_BANK,IBN,ICICIBANK.NS,41.28,1704.27,82.17,2,1696.13,-8.15,-0.48,0.0,n/a,Normal market alignment.
2024-01-22,ICICI_BANK,IBN,ICICIBANK.NS,41.72,1699.29,82.16,2,1713.93,14.64,0.86,0.0,n/a,Normal market alignment.
2024-01-23,ICICI_BANK,IBN,ICICIBANK.NS,41.76,1708.77,82.17,2,1715.91,7.14,0.42,0.0,n/a,Normal market alignment.
2024-01-24,ICICI_BANK,IBN,ICICIBANK.NS,43.28,1776.52,82.2,2,1778.94,2.42,0.14,0.0,n/a,Normal market alignment.
2024-01-25,ICICI_BANK,IBN,ICICIBANK.NS,44.22,1831.55,82.19,2,1817.3,-14.25,-0.78,0.0,n/a,Normal market alignment.
2024-01-26,ICICI_BANK,IBN,ICICIBANK.NS,45.02,1881.23,82.23,2,1850.92,-30.31,-1.61,-2.6,offline,"Offline insight: ICICI_BANK ADR-implied price is at a 1.61% discount to its NSE close, consistent with overnight US trading and FX movement."
2024-01-29,ICICI_BANK,IBN,ICICIBANK.NS,45.55,1892.17,82.18,2,1871.67,-20.49,-1.08,0.0,n/a,Normal market alignment.
2024-01-30,ICICI_BANK,IBN,ICICIBANK.NS,46.77,1929.41,82.19,2,1921.77,-7.64,-0.4,0.0,n/a,Normal market alignment.
2024-01-31,ICICI_BANK,IBN,ICICIBANK.NS,45.77,1883.77,82.29,2,1883.33,-0.45,-0.02,0.0,n/a,Normal market alignment.
2024-02-01,ICICI_BANK,IBN,ICICIBANK.NS,46.73,1929.61,82.3,2,1922.83,-6.77,-0.35,0.0,n/a,Normal market alignment.
2024-02-02,ICICI_BANK,IBN,ICICIBANK.NS,46.05,1899.9,82.36,2,1896.16,-3.73,-0.2,0.0,n/a,Normal market alignment.
2024-02-05,ICICI_BANK,IBN,ICICIBANK.NS,45.67,1907.57,82.36,2,1880.79,-26.78,-1.4,0.0,n/a,Normal market alignment.
2024-02-06,ICICI_BANK,IBN,ICICIBANK.NS,46.07,1907.67,82.39,2,1897.75,-9.92,-0.52,0.0,n/a,Normal market alignment.
2024-02-07,ICICI_BANK,IBN,ICICIBANK.NS,46.93,1937.25,82.39,2,1933.39,-3.86,-0.2,0.0,n/a,Normal market alignment.
2024-02-08,ICICI_BANK,IBN,ICICIBANK.NS,46.14,1876.7,82.38,2,1900.38,23.69,1.26,0.0,n/a,Normal market alignment.
2024-02-09,ICICI_BANK,IBN,ICICIBANK.NS,45.8,1871.38,82.35,2,1885.65,14.27,0.76,0.0,n/a,Normal market alignment.
2024-02-12,ICICI_BANK,IBN,ICICIBANK.NS,45.88,1893.23,82.37,2,1889.39,-3.83,-0.2,0.0,n/a,Normal market alignment.
2024-02-13,ICICI_BANK,IBN,ICICIBANK.NS,45.76,1886.88,82.34,2,1883.92,-2.96,-0.16,0.0,n/a,Normal market alignment.
2024-02-14,ICICI_BANK,IBN,ICICIBANK.NS,46.36,1915.46,82.36,2,1909.26,-6.2,-0.32,0.0,n/a,Normal market alignment.
2024-02-15,ICICI_BANK,IBN,ICICIBANK.NS,48.77,2007.11,82.41,2,2009.32,2.21,0.11,0.0,n/a,Normal market alignment.
2024-02-16,ICICI_BANK,IBN,ICICIBANK.NS,49.09,2021.23,82.42,2,2022.94,1.72,0.08,0.0,n/a,Normal market alignment.
2024-02-19,ICICI_BANK,IBN,ICICIBANK.NS,48.56,2017.76,82.41,2,2000.99,-16.77,-0.83,0.0,n/a,Normal market alignment.
2024-02-20,ICICI_BANK,IBN,ICICIBANK.NS,47.63,1995.94,82.43,2,1963.13,-32.81,-1.64,-5.9,offline,"Offline insight: ICICI_BANK ADR-implied price is at a 1.64% discount to its NSE close, consistent with overnight US trading and FX movement."
2024-02-21,ICICI_BANK,IBN,ICICIBANK.NS,47.41,1969.67,82.42,2,1953.87,-15.8,-0.8,0.0,n/a,Normal market alignment.
2024-02-22,ICICI_BANK,IBN,ICICIBANK.NS,46.76,1918.46,82.46,2,1927.8,9.34,0.49,0.0,n/a,Normal market alignment.
2024-02-23,ICICI_BANK,IBN,ICICIBANK.NS,47.1,1933.47,82.39,2,1940.2,6.72,0.35,0.0,n/a,Normal market alignment.
2024-02-26,ICICI_BANK,IBN,ICICIBANK.NS,47.43,1938.56,82.37,2,1953.64,15.08,0.78,0.0,n/a,Normal market alignment.
2024-02-27,ICICI_BANK,IBN,ICICIBANK.NS,47.12,1916.27,82.3,2,1938.8,22.53,1.18,0.0,n/a,Normal market alignment.
2024-02-28,ICICI_BANK,IBN,ICICIBANK.NS,48.53,1978.03,82.24,2,1995.68,17.65,0.89,0.0,n/a,Normal market alignment.
2024-02-29,ICICI_BANK,IBN,ICICIBANK.NS,48.01,1976.29,82.29,2,1975.6,-0.69,-0.03,0.0,n/a,Normal market alignment.
2024-03-01,ICICI_BANK,IBN,ICICIBANK.NS,47.94,1971.25,82.33,2,1973.53,2.28,0.12,0.0,n/a,Normal market alignment.
2024-03-04,ICICI_BANK,IBN,ICICIBANK.NS,48.42,1974.32,82.3,2,1992.37,18.05,0.91,0.0,n/a,Normal market alignment.
2024-03-05,ICICI_BANK,IBN,ICICIBANK.NS,49.08,1999.79,82.24,2,2018.18,18.39,0.92,0.0,n/a,Normal market alignment.
2024-03-06,ICICI_BANK,IBN,ICICIBANK.NS,50.03,2032.66,82.13,2,2054.52,21.86,1.08,0.0,n/a,Normal market alignment.
2024-03-07,ICICI_BANK,IBN,ICICIBANK.NS,50.37,2061.19,82.1,2,2067.82,6.63,0.32,0.0,n/a,Normal market alignment.
2024-03-08,ICICI_BANK,IBN,ICICIBANK.NS,51.18,2102.46,82.2,2,2103.54,1.08,0.05,0.0,n/a,Normal market alignment.
2024-03-11,ICICI_BANK,IBN,ICICIBANK.NS,50.68,2084.74,82.22,2,2083.65,-1.09,-0.05,0.0,n/a,Normal market alignment.
2024-03-12,ICICI_BANK,IBN,ICICIBANK.NS,51.4,2113.85,82.2,2,2112.42,-1.42,-0.07,0.0,n/a,Normal market alignment.
2024-03-13,ICICI_BANK,IBN,ICICIBANK.NS,52.11,2125.71,82.22,2,2142.23,16.52,0.78,0.0,n/a,Normal market alignment.
2024-03-14,ICICI_BANK,IBN,ICICIBANK.NS,53.31,2215.93,82.16,2,2189.85,-26.08,-1.18,0.0,n/a,Normal market alignment.
2024-03-15,ICICI_BANK,IBN,ICICIBANK.NS,51.99,2150.14,82.15,2,2135.42,-14.72,-0.68,0.0,n/a,Normal market alignment.
2024-03-18,ICICI_BANK,IBN,ICICIBANK.NS,51.3,2117.01,82.15,2,2107.13,-9.87,-0.47,0.0,n/a,Normal market alignment.
2024-03-19,ICICI_BANK,IBN,ICICIBANK.NS,51.95,2160.51,82.15,2,2133.72,-26.79,-1.24,0.0,n/a,Normal market alignment.
2024-03-20,ICICI_BANK,IBN,ICICIBANK.NS,49.9,2055.94,82.18,2,2050.31,-5.63,-0.27,0.0,n/a,Normal market alignment.
2024-03-21,ICICI_BANK,IBN,ICICIBANK.NS,50.28,2080.4,82.2,2,2066.43,-13.97,-0.67,0.0,n/a,Normal market alignment.
2024-03-22,ICICI_BANK,IBN,ICICIBANK.NS,51.09,2114.41,82.22,2,2100.61,-13.8,-0.65,0.0,n/a,Normal market alignment.
2024-03-25,ICICI_BANK,IBN,ICICIBANK.NS,50.67,2063.78,82.2,2,2082.41,18.63,0.9,0.0,n/a,Normal market alignment.
2024-03-26,ICICI_BANK,IBN,ICICIBANK.NS,50.36,2044.99,82.23,2,2070.52,25.53,1.25,0.0,n/a,Normal market alignment.
2024-03-27,ICICI_BANK,IBN,ICICIBANK.NS,49.56,2016.21,82.3,2,2039.42,23.21,1.15,0.0,n/a,Normal market alignment.
2024-03-28,ICICI_BANK,IBN,ICICIBANK.NS,49.19,2003.97,82.26,2,2023.15,19.18,0.96,0.0,n/a,Normal market alignment.
2024-03-29,ICICI_BANK,IBN,ICICIBANK.NS,48.84,1998.79,82.23,2,2007.97,9.18,0.46,0.0,n/a,Normal market alignment.
2024-04-01,ICICI_BANK,IBN,ICICIBANK.NS,48.35,1956.55,82.28,2,1989.32,32.77,1.68,-4.8,offline,"Offline insight: ICICI_BANK ADR-implied price is at a 1.68% premium to its NSE close, consistent with overnight US trading and FX movement."
2024-04-02,ICICI_BANK,IBN,ICICIBANK.NS,47.83,1937.39,82.28,2,1967.74,30.35,1.57,-5.7,offline,"Offline insight: ICICI_BANK ADR-implied price is at a 1.57% premium to its NSE close, consistent with overnight US trading and FX movement."
2024-04-03,ICICI_BANK,IBN,ICICIBANK.NS,47.65,1953.59,82.33,2,1961.7,8.11,0.42,0.0,n/a,Normal market alignment.
2024-04-04,ICICI_BANK,IBN,ICICIBANK.NS,47.46,1967.94,82.32,2,1953.56,-14.38,-0.73,0.0,n/a,Normal market alignment.
2024-04-05,ICICI_BANK,IBN,ICICIBANK.NS,48.81,2011.35,82.38,2,2010.51,-0.84,-0.04,0.0,n/a,Normal market alignment.
2024-04-08,ICICI_BANK,IBN,ICICIBANK.NS,48.54,2000.66,82.38,2,1999.38,-1.28,-0.06,0.0,n/a,Normal market alignment.
2024-04-09,ICICI_BANK,IBN,ICICIBANK.NS,48.8,2031.68,82.39,2,2010.57,-21.1,-1.04,0.0,n/a,Normal market alignment.
2024-04-10,ICICI_BANK,IBN,ICICIBANK.NS,48.4,2001.79,82.46,2,1995.32,-6.47,-0.32,0.0,n/a,Normal market alignment.
2024-04-11,ICICI_BANK,IBN,ICICIBANK.NS,47.98,1985.54,82.44,2,1977.95,-7.59,-0.38,0.0,n/a,Normal market alignment.
2024-04-12,ICICI_BANK,IBN,ICICIBANK.NS,46.77,1924.38,82.41,2,1927.12,2.73,0.14,0.0,n/a,Normal market alignment.
2024-04-15,ICICI_BANK,IBN,ICICIBANK.NS,45.68,1874.49,82.39,2,1881.88,7.39,0.39,0.0,n/a,Normal market alignment.
2024-04-16,ICICI_BANK,IBN,ICICIBANK.NS,44.87,1852.31,82.41,2,1848.8,-3.5,-0.19,0.0,n/a,Normal market alignment.
2024-04-17,ICICI_BANK,IBN,ICICIBANK.NS,45.01,1846.98,82.35,2,1853.07,6.09,0.33,0.0,n/a,Normal market alignment.
2024-04-18,ICICI_BANK,IBN,ICICIBANK.NS,45.75,1886.99,82.37,2,1884.14,-2.85,-0.15,0.0,n/a,Normal market alignment.
2024-04-19,ICICI_BANK,IBN,ICICIBANK.NS,44.53,1841.0,82.35,2,1833.75,-7.24,-0.39,0.0,n/a,Normal market alignment.
2024-04-22,ICICI_BANK,IBN,ICICIBANK.NS,44.18,1831.39,82.4,2,1820.24,-11.15,-0.61,0.0,n/a,Normal market alignment.
2024-04-23,ICICI_BANK,IBN,ICICIBANK.NS,43.29,1773.85,82.31,2,1781.41,7.56,0.43,0.0,n/a,Normal market alignment.
2024-04-24,ICICI_BANK,IBN,ICICIBANK.NS,43.13,1773.17,82.28,2,1774.23,1.05,0.06,0.0,n/a,Normal market alignment.
2024-04-25,ICICI_BANK,IBN,ICICIBANK.NS,43.84,1784.16,82.21,2,1801.93,17.78,1.0,0.0,n/a,Normal market alignment.
2024-04-26,ICICI_BANK,IBN,ICICIBANK.NS,43.56,1757.25,82.18,2,1789.7,32.44,1.85,5.4,offline,"Offline insight: ICICI_BANK ADR-implied price is at a 1.85% premium to its NSE close, consistent with overnight US trading and FX movement."
2024-04-29,ICICI_BANK,IBN,ICICIBANK.NS,43.54,1778.69,82.19,2,1789.2,10.51,0.59,0.0,n/a,Normal market alignment.
2024-04-30,ICICI_BANK,IBN,ICICIBANK.NS,44.5,1860.09,82.18,2,1828.65,-31.44,-1.69,-1.7,offline,"Offline insight: ICICI_BANK ADR-implied price is at a 1.69% discount to its NSE close, consistent with overnight US trading and FX movement."
2024-05-01,ICICI_BANK,IBN,ICICIBANK.NS,44.82,1846.78,82.17,2,1841.55,-5.23,-0.28,0.0,n/a,Normal market alignment.
2024-05-02,ICICI_BANK,IBN,ICICIBANK.NS,44.32,1828.47,82.17,2,1820.99,-7.48,-0.41,0.0,n/a,Normal market alignment.
2024-05-03,ICICI_BANK,IBN,ICICIBANK.NS,44.44,1841.77,82.18,2,1826.08,-15.69,-0.85,0.0,n/a,Normal market alignment.
2024-05-06,ICICI_BANK,IBN,ICICIBANK.NS,43.9,1819.9,82.14,2,1803.1,-16.8,-0.92,0.0,n/a,Normal market alignment.
2024-05-07,ICICI_BANK,IBN,ICICIBANK.NS,44.19,1831.12,82.17,2,1815.66,-15.46,-0.84,0.0,n/a,Normal market alignment.
2024-05-08,ICICI_BANK,IBN,ICICIBANK.NS,44.55,1823.53,82.19,2,1830.85,7.32,0.4,0.0,n/a,Normal market alignment.
2024-05-09,ICICI_BANK,IBN,ICICIBANK.NS,43.65,1787.9,82.21,2,1794.21,6.31,0.35,0.0,n/a,Normal market alignment.
2024-05-10,ICICI_BANK,IBN,ICICIBANK.NS,43.78,1780.21,82.23,2,1799.97,19.76,1.11,0.0,n/a,Normal market alignment.
2024-05-13,ICICI_BANK,IBN,ICICIBANK.NS,43.71,1779.61,82.25,2,1797.62,18.01,1.01,0.0,n/a,Normal market alignment.
2024-05-14,ICICI_BANK,IBN,ICICIBANK.NS,44.08,1807.6,82.33,2,1814.66,7.06,0.39,0.0,n/a,Normal market alignment.
2024-05-15,ICICI_BANK,IBN,ICICIBANK.NS,44.65,1838.49,82.33,2,1837.78,-0.71,-0.04,0.0,n/a,Normal market alignment.
2024-05-16,ICICI_BANK,IBN,ICICIBANK.NS,44.98,1844.42,82.31,2,1851.24,6.82,0.37,0.0,n/a,Normal market alignment.
2024-05-17,ICICI_BANK,IBN,ICICIBANK.NS,44.79,1828.17,82.29,2,1842.72,14.56,0.8,0.0,n/a,Normal market alignment.
2024-05-20,ICICI_BANK,IBN,ICICIBANK.NS,45.43,1846.46,82.25,2,1868.16,21.7,1.18,0.0,n/a,Normal market alignment.
2024-05-21,ICICI_BANK,IBN,ICICIBANK.NS,44.85,1833.59,82.2,2,1843.16,9.58,0.52,0.0,n/a,Normal market alignment.
2024-05-22,ICICI_BANK,IBN,ICICIBANK.NS,43.97,1798.6,82.16,2,1806.45,7.84,0.44,0.0,n/a,Normal market alignment.
2024-05-23,ICICI_BANK,IBN,ICICIBANK.NS,41.88,1708.91,82.16,2,1720.37,11.46,0.67,0.0,n/a,Normal market alignment.
2024-05-24,ICICI_BANK,IBN,ICICIBANK.NS,41.85,1717.08,82.17,2,1719.37,2.29,0.13,0.0,n/a,Normal market alignment.
2024-05-27,ICICI_BANK,IBN,ICICIBANK.NS,41.34,1710.99,82.18,2,1698.76,-12.22,-0.71,0.0,n/a,Normal market alignment.
2024-05-28,ICICI_BANK,IBN,ICICIBANK.NS,41.6,1725.93,82.15,2,1708.79,-17.14,-0.99,0.0,n/a,Normal market alignment.
2024-05-29,ICICI_BANK,IBN,ICICIBANK.NS,40.39,1672.31,82.18,2,1659.53,-12.79,-0.76,0.0,n/a,Normal market alignment.
2024-05-30,ICICI_BANK,IBN,ICICIBANK.NS,40.01,1644.45,82.22,2,1644.53,0.08,0.0,0.0,n/a,Normal market alignment.
2024-05-31,ICICI_BANK,IBN,ICICIBANK.NS,40.3,1641.99,82.21,2,1656.51,14.52,0.88,0.0,n/a,Normal market alignment.
2024-06-03,ICICI_BANK,IBN,ICICIBANK.NS,39.69,1637.78,82.19,2,1630.92,-6.86,-0.42,0.0,n/a,Normal market alignment.
2024-06-04,ICICI_BANK,IBN,ICICIBANK.NS,39.94,1652.95,82.21,2,1641.88,-11.06,-0.67,0.0,n/a,Normal market alignment.
2024-06-05,ICICI_BANK,IBN,ICICIBANK.NS,39.62,1639.52,82.22,2,1628.82,-10.69,-0.65,0.0,n/a,Normal market alignment.
2024-06-06,ICICI_BANK,IBN,ICICIBANK.NS,39.62,1624.7,82.16,2,1627.38,2.68,0.17,0.0,n/a,Normal market alignment.
2024-06-07,ICICI_BANK,IBN,ICICIBANK.NS,39.98,1646.82,82.16,2,1642.37,-4.46,-0.27,0.0,n/a,Normal market alignment.
2024-06-10,ICICI_BANK,IBN,ICICIBANK.NS,40.56,1674.32,82.17,2,1666.56,-7.76,-0.46,0.0,n/a,Normal market alignment.
2024-06-11,ICICI_BANK,IBN,ICICIBANK.NS,40.63,1690.07,82.13,2,1668.66,-21.4,-1.27,0.0,n/a,Normal market alignment.
2024-06-12,ICICI_BANK,IBN,ICICIBANK.NS,40.15,1655.94,82.14,2,1648.96,-6.98,-0.42,0.0,n/a,Normal market alignment.
2024-06-13,ICICI_BANK,IBN,ICICIBANK.NS,39.88,1643.0,82.09,2,1636.99,-6.01,-0.37,0.0,n/a,Normal market alignment.
2024-06-14,ICICI_BANK,IBN,ICICIBANK.NS,40.28,1665.5,82.14,2,1654.22,-11.28,-0.68,0.0,n/a,Normal market alignment.
2024-06-17,ICICI_BANK,IBN,ICICIBANK.NS,39.67,1640.03,82.19,2,1630.38,-9.64,-0.59,0.0,n/a,Normal market alignment.
2024-06-18,ICICI_BANK,IBN,ICICIBANK.NS,39.58,1619.27,82.18,2,1626.34,7.06,0.44,0.0,n/a,Normal market alignment.
2024-06-19,ICICI_BANK,IBN,ICICIBANK.NS,39.36,1624.89,82.2,2,1617.72,-7.18,-0.44,0.0,n/a,Normal market alignment.
2024-06-20,ICICI_BANK,IBN,ICICIBANK.NS,39.31,1627.72,82.1,2,1613.82,-13.9,-0.85,0.0,n/a,Normal market alignment.
2024-06-21,ICICI_BANK,IBN,ICICIBANK.NS,38.73,1583.23,82.06,2,1588.99,5.76,0.36,0.0,n/a,Normal market alignment.
2024-06-24,ICICI_BANK,IBN,ICICIBANK.NS,37.66,1540.94,82.05,2,1545.13,4.18,0.27,0.0,n/a,Normal market alignment.
2024-06-25,ICICI_BANK,IBN,ICICIBANK.NS,37.97,1547.09,82.0,2,1556.86,9.77,0.63,0.0,n/a,Normal market alignment.
2024-06-26,ICICI_BANK,IBN,ICICIBANK.NS,38.53,1570.05,82.03,2,1580.42,10.37,0.66,0.0,n/a,Normal market alignment.
2024-06-27,ICICI_BANK,IBN,ICICIBANK.NS,37.51,1534.22,82.11,2,1539.92,5.7,0.37,0.0,n/a,Normal market alignment.
2024-06-28,ICICI_BANK,IBN,ICICIBANK.NS,37.73,1548.36,82.07,2,1548.04,-0.32,-0.02,0.0,n/a,Normal market alignment.
2024-07-01,ICICI_BANK,IBN,ICICIBANK.NS,38.35,1564.12,82.04,2,1573.03,8.91,0.57,0.0,n/a,Normal market alignment.
2024-07-02,ICICI_BANK,IBN,ICICIBANK.NS,38.7,1569.63,82.05,2,1587.76,18.13,1.16,0.0,n/a,Normal market alignment.
2024-07-03,ICICI_BANK,IBN,ICICIBANK.NS,38.47,1556.97,82.11,2,1579.58,22.61,1.45,0.0,n/a,Normal market alignment.
2024-07-04,ICICI_BANK,IBN,ICICIBANK.NS,37.94,1556.14,82.06,2,1556.79,0.65,0.04,0.0,n/a,Normal market alignment.
2024-07-05,ICICI_BANK,IBN,ICICIBANK.NS,38.0,1544.86,82.08,2,1559.35,14.5,0.94,0.0,n/a,Normal market alignment.
2024-07-08,ICICI_BANK,IBN,ICICIBANK.NS,38.15,1562.14,82.15,2,1567.03,4.88,0.31,0.0,n/a,Normal market alignment.
2024-07-09,ICICI_BANK,IBN,ICICIBANK.NS,38.22,1573.87,82.08,2,1568.5,-5.37,-0.34,0.0,n/a,Normal market alignment.
2024-07-10,ICICI_BANK,IBN,ICICIBANK.NS,38.13,1568.85,82.03,2,1563.78,-5.07,-0.32,0.0,n/a,Normal market alignment.
2024-07-11,ICICI_BANK,IBN,ICICIBANK.NS,37.52,1532.61,82.02,2,1538.55,5.94,0.39,0.0,n/a,Normal market alignment.
2024-07-12,ICICI_BANK,IBN,ICICIBANK.NS,37.77,1538.99,82.0,2,1548.4,9.4,0.61,0.0,n/a,Normal market alignment.
2024-07-15,ICICI_BANK,IBN,ICICIBANK.NS,38.04,1557.51,82.03,2,1560.43,2.93,0.19,0.0,n/a,Normal market alignment.
2024-07-16,ICICI_BANK,IBN,ICICIBANK.NS,38.17,1554.94,82.04,2,1565.81,10.87,0.7,0.0,n/a,Normal market alignment.
2024-07-17,ICICI_BANK,IBN,ICICIBANK.NS,38.25,1559.48,81.97,2,1567.54,8.07,0.52,0.0,n/a,Normal market alignment.
2024-07-18,ICICI_BANK,IBN,ICICIBANK.NS,39.22,1609.38,81.99,2,1607.92,-1.46,-0.09,0.0,n/a,Normal market alignment.
2024-07-19,ICICI_BANK,IBN,ICICIBANK.NS,38.87,1601.73,81.97,2,1592.92,-8.81,-0.55,0.0,n/a,Normal market alignment.
2024-07-22,ICICI_BANK,IBN,ICICIBANK.NS,39.62,1625.74,82.02,2,1625.04,-0.7,-0.04,0.0,n/a,Normal market alignment.
2024-07-23,ICICI_BANK,IBN,ICICIBANK.NS,39.2,1608.51,82.0,2,1607.16,-1.34,-0.08,0.0,n/a,Normal market alignment.
2024-07-24,ICICI_BANK,IBN,ICICIBANK.NS,39.86,1650.61,81.97,2,1633.89,-16.72,-1.01,0.0,n/a,Normal market alignment.
2024-07-25,ICICI_BANK,IBN,ICICIBANK.NS,40.61,1665.32,82.0,2,1665.07,-0.25,-0.01,0.0,n/a,Normal market alignment.
2024-07-26,ICICI_BANK,IBN,ICICIBANK.NS,40.45,1664.63,82.03,2,1658.89,-5.74,-0.35,0.0,n/a,Normal market alignment.
2024-07-29,ICICI_BANK,IBN,ICICIBANK.NS,41.47,1685.81,82.05,2,1701.11,15.3,0.91,0.0,n/a,Normal market alignment.
2024-07-30,ICICI_BANK,IBN,ICICIBANK.NS,41.77,1719.73,81.98,2,1712.2,-7.53,-0.44,0.0,n/a,Normal market alignment.
2024-07-31,ICICI_BANK,IBN,ICICIBANK.NS,41.23,1697.25,82.0,2,1690.65,-6.6,-0.39,0.0,n/a,Normal market alignment.
2024-08-01,ICICI_BANK,IBN,ICICIBANK.NS,41.01,1693.09,81.96,2,1680.84,-12.25,-0.72,0.0,n/a,Normal market alignment.
2024-08-02,ICICI_BANK,IBN,ICICIBANK.NS,41.72,1729.43,81.97,2,1710.12,-19.32,-1.12,0.0,n/a,Normal market alignment.
2024-08-05,ICICI_BANK,IBN,ICICIBANK.NS,42.31,1750.83,81.92,2,1733.13,-17.7,-1.01,0.0,n/a,Normal market alignment.
2024-08-06,ICICI_BANK,IBN,ICICIBANK.NS,41.65,1695.8,81.94,2,1706.53,10.73,0.63,0.0,n/a,Normal market alignment.
2024-08-07,ICICI_BANK,IBN,ICICIBANK.NS,41.58,1694.7,81.91,2,1702.83,8.14,0.48,0.0,n/a,Normal market alignment.
2024-08-08,ICICI_BANK,IBN,ICICIBANK.NS,41.72,1712.05,81.86,2,1707.49,-4.56,-0.27,0.0,n/a,Normal market alignment.
2024-08-09,ICICI_BANK,IBN,ICICIBANK.NS,41.41,1720.38,81.89,2,1695.61,-24.77,-1.44,0.0,n/a,Normal market alignment.
2024-08-12,ICICI_BANK,IBN,ICICIBANK.NS,42.89,1793.42,81.9,2,1756.32,-37.1,-2.07,0.3,offline,"Offline insight: ICICI_BANK ADR-implied price is at a 2.07% discount to its NSE close, consistent with overnight US trading and FX movement."
2024-08-13,ICICI_BANK,IBN,ICICIBANK.NS,43.05,1791.46,81.87,2,1762.5,-28.96,-1.62,3.8,offline,"Offline insight: ICICI_BANK ADR-implied price is at a 1.62% discount to its NSE close, consistent with overnight US trading and FX movement."
2024-08-14,ICICI_BANK,IBN,ICICIBANK.NS,43.03,1787.94,81.93,2,1762.66,-25.28,-1.41,0.0,n/a,Normal market alignment.
2024-08-15,ICICI_BANK,IBN,ICICIBANK.NS,43.81,1812.53,81.91,2,1794.31,-18.22,-1.01,0.0,n/a,Normal market alignment.
2024-08-16,ICICI_BANK,IBN,ICICIBANK.NS,43.58,1825.1,81.92,2,1785.07,-40.03,-2.19,-1.8,offline,"Offline insight: ICICI_BANK ADR-implied price is at a 2.19% discount to its NSE close, consistent with overnight US trading and FX movement."
2024-08-19,ICICI_BANK,IBN,ICICIBANK.NS,44.25,1838.21,81.93,2,1812.84,-25.37,-1.38,0.0,n/a,Normal market alignment.
2024-08-20,ICICI_BANK,IBN,ICICIBANK.NS,43.16,1769.45,81.9,2,1767.52,-1.92,-0.11,0.0,n/a,Normal market alignment.
2024-08-21,ICICI_BANK,IBN,ICICIBANK.NS,42.88,1737.84,81.92,2,1756.45,18.61,1.07,0.0,n/a,Normal market alignment.
2024-08-22,ICICI_BANK,IBN,ICICIBANK.NS,43.57,1796.45,81.9,2,1784.17,-12.28,-0.68,0.0,n/a,Normal market alignment.
2024-08-23,ICICI_BANK,IBN,ICICIBANK.NS,44.61,1844.3,81.89,2,1826.39,-17.91,-0.97,0.0,n/a,Normal market alignment.
2024-08-26,ICICI_BANK,IBN,ICICIBANK.NS,44.1,1828.56,81.94,2,1806.97,-21.59,-1.18,0.0,n/a,Normal market alignment.
2024-08-27,ICICI_BANK,IBN,ICICIBANK.NS,43.53,1793.39,81.9,2,1782.51,-10.88,-0.61,0.0,n/a,Normal market alignment.
2024-08-28,ICICI_BANK,IBN,ICICIBANK.NS,43.91,1818.26,81.81,2,1796.12,-22.14,-1.22,0.0,n/a,Normal market alignment.
2024-08-29,ICICI_BANK,IBN,ICICIBANK.NS,43.51,1773.37,81.87,2,1781.3,7.93,0.45,0.0,n/a,Normal market alignment.
2024-08-30,ICICI_BANK,IBN,ICICIBANK.NS,43.35,1771.6,81.98,2,1776.89,5.29,0.3,0.0,n/a,Normal market alignment.
2024-09-02,ICICI_BANK,IBN,ICICIBANK.NS,43.93,1798.77,81.96,2,1800.45,1.67,0.09,0.0,n/a,Normal market alignment.
2024-09-03,ICICI_BANK,IBN,ICICIBANK.NS,43.59,1763.98,81.88,2,1784.63,20.65,1.17,0.0,n/a,Normal market alignment.
2024-09-04,ICICI_BANK,IBN,ICICIBANK.NS,42.32,1720.42,81.87,2,1732.31,11.89,0.69,0.0,n/a,Normal market alignment.
2024-09-05,ICICI_BANK,IBN,ICICIBANK.NS,41.5,1687.08,81.86,2,1698.8,11.72,0.69,0.0,n/a,Normal market alignment.
2024-09-06,ICICI_BANK,IBN,ICICIBANK.NS,41.52,1701.28,81.86,2,1699.43,-1.85,-0.11,0.0,n/a,Normal market alignment.
2024-09-09,ICICI_BANK,IBN,ICICIBANK.NS,40.37,1668.65,81.81,2,1651.56,-17.1,-1.02,0.0,n/a,Normal market alignment.
2024-09-10,ICICI_BANK,IBN,ICICIBANK.NS,40.21,1662.5,81.84,2,1645.18,-17.32,-1.04,0.0,n/a,Normal market alignment.
2024-09-11,ICICI_BANK,IBN,ICICIBANK.NS,39.38,1597.28,81.86,2,1611.75,14.47,0.91,0.0,n/a,Normal market alignment.
2024-09-12,ICICI_BANK,IBN,ICICIBANK.NS,40.36,1634.57,81.8,2,1650.7,16.13,0.99,0.0,n/a,Normal market alignment.
2024-09-13,ICICI_BANK,IBN,ICICIBANK.NS,41.68,1692.14,81.83,2,1705.4,13.27,0.78,0.0,n/a,Normal market alignment.
2024-09-16,ICICI_BANK,IBN,ICICIBANK.NS,41.03,1684.14,81.91,2,1680.55,-3.59,-0.21,0.0,n/a,Normal market alignment.
2024-09-17,ICICI_BANK,IBN,ICICIBANK.NS,41.2,1679.12,81.92,2,1687.69,8.56,0.51,0.0,n/a,Normal market alignment.
2024-09-18,ICICI_BANK,IBN,ICICIBANK.NS,40.62,1674.42,81.91,2,1663.63,-10.79,-0.64,0.0,n/a,Normal market alignment.
2024-09-19,ICICI_BANK,IBN,ICICIBANK.NS,40.45,1681.26,81.9,2,1656.31,-24.94,-1.48,0.0,n/a,Normal market alignment.
2024-09-20,ICICI_BANK,IBN,ICICIBANK.NS,41.55,1724.24,81.93,2,1702.15,-22.09,-1.28,0.0,n/a,Normal market alignment.
2024-09-23,ICICI_BANK,IBN,ICICIBANK.NS,41.27,1679.27,81.86,2,1689.34,10.06,0.6,0.0,n/a,Normal market alignment.
2024-09-24,ICICI_BANK,IBN,ICICIBANK.NS,41.11,1654.82,81.87,2,1682.75,27.94,1.69,2.1,offline,"Offline insight: ICICI_BANK ADR-implied price is at a 1.69% premium to its NSE close, consistent with overnight US trading and FX movement."
2024-09-25,ICICI_BANK,IBN,ICICIBANK.NS,40.54,1647.69,81.85,2,1659.17,11.48,0.7,0.0,n/a,Normal market alignment.
2024-09-26,ICICI_BANK,IBN,ICICIBANK.NS,41.25,1690.65,81.93,2,1689.74,-0.91,-0.05,0.0,n/a,Normal market alignment.
2024-09-27,ICICI_BANK,IBN,ICICIBANK.NS,39.24,1626.62,81.92,2,1607.42,-19.2,-1.18,0.0,n/a,Normal market alignment.
2024-09-30,ICICI_BANK,IBN,ICICIBANK.NS,38.99,1609.06,81.99,2,1598.54,-10.52,-0.65,0.0,n/a,Normal market alignment.
2024-10-01,ICICI_BANK,IBN,ICICIBANK.NS,38.98,1601.55,81.95,2,1597.08,-4.47,-0.28,0.0,n/a,Normal market alignment.
2024-10-02,ICICI_BANK,IBN,ICICIBANK.NS,38.6,1576.12,81.97,2,1582.2,6.07,0.39,0.0,n/a,Normal market alignment.
2024-10-03,ICICI_BANK,IBN,ICICIBANK.NS,39.12,1589.63,81.99,2,1603.44,13.81,0.87,0.0,n/a,Normal market alignment.
2024-10-04,ICICI_BANK,IBN,ICICIBANK.NS,39.83,1625.93,81.95,2,1632.15,6.23,0.38,0.0,n/a,Normal market alignment.
2024-10-07,ICICI_BANK,IBN,ICICIBANK.NS,39.0,1588.4,81.96,2,1598.23,9.83,0.62,0.0,n/a,Normal market alignment.
2024-10-08,ICICI_BANK,IBN,ICICIBANK.NS,40.24,1651.86,82.01,2,1649.9,-1.97,-0.12,0.0,n/a,Normal market alignment.
2024-10-09,ICICI_BANK,IBN,ICICIBANK.NS,39.39,1610.03,82.0,2,1614.93,4.9,0.3,0.0,n/a,Normal market alignment.
2024-10-10,ICICI_BANK,IBN,ICICIBANK.NS,40.16,1648.13,81.93,2,1645.29,-2.84,-0.17,0.0,n/a,Normal market alignment.
2024-10-11,ICICI_BANK,IBN,ICICIBANK.NS,40.27,1645.9,81.93,2,1649.49,3.59,0.22,0.0,n/a,Normal market alignment.
2024-10-14,ICICI_BANK,IBN,ICICIBANK.NS,39.97,1630.37,81.9,2,1636.82,6.45,0.4,0.0,n/a,Normal market alignment.
2024-10-15,ICICI_BANK,IBN,ICICIBANK.NS,39.74,1622.37,81.88,2,1627.01,4.63,0.29,0.0,n/a,Normal market alignment.
2024-10-16,ICICI_BANK,IBN,ICICIBANK.NS,39.73,1614.88,81.88,2,1626.63,11.75,0.73,0.0,n/a,Normal market alignment.
2024-10-17,ICICI_BANK,IBN,ICICIBANK.NS,39.87,1641.75,81.81,2,1630.87,-10.88,-0.66,0.0,n/a,Normal market alignment.
2024-10-18,ICICI_BANK,IBN,ICICIBANK.NS,39.33,1626.18,81.75,2,1607.6,-18.59,-1.14,0.0,n/a,Normal market alignment.
2024-10-21,ICICI_BANK,IBN,ICICIBANK.NS,39.2,1616.98,81.77,2,1602.83,-14.15,-0.87,0.0,n/a,Normal market alignment.
2024-10-22,ICICI_BANK,IBN,ICICIBANK.NS,38.76,1609.1,81.75,2,1584.4,-24.7,-1.54,-5.9,offline,"Offline insight: ICICI_BANK ADR-implied price is at a 1.54% discount to its NSE close, consistent with overnight US trading and FX movement."
2024-10-23,ICICI_BANK,IBN,ICICIBANK.NS,38.07,1573.03,81.65,2,1554.06,-18.97,-1.21,0.0,n/a,Normal market alignment.
2024-10-24,ICICI_BANK,IBN,ICICIBANK.NS,37.61,1551.38,81.68,2,1536.09,-15.29,-0.99,0.0,n/a,Normal market alignment.
2024-10-25,ICICI_BANK,IBN,ICICIBANK.NS,36.97,1505.37,81.69,2,1510.27,4.9,0.33,0.0,n/a,Normal market alignment.
2024-10-28,ICICI_BANK,IBN,ICICIBANK.NS,36.75,1496.29,81.67,2,1500.7,4.41,0.29,0.0,n/a,Normal market alignment.
2024-10-29,ICICI_BANK,IBN,ICICIBANK.NS,37.0,1496.5,81.61,2,1509.93,13.43,0.9,0.0,n/a,Normal market alignment.
2024-10-30,ICICI_BANK,IBN,ICICIBANK.NS,37.08,1502.49,81.65,2,1513.76,11.26,0.75,0.0,n/a,Normal market alignment.
2024-10-31,ICICI_BANK,IBN,ICICIBANK.NS,38.19,1558.16,81.66,2,1559.33,1.17,0.07,0.0,n/a,Normal market alignment.
2024-11-01,ICICI_BANK,IBN,ICICIBANK.NS,36.93,1507.78,81.76,2,1509.87,2.09,0.14,0.0,n/a,Normal market alignment.
2024-11-04,ICICI_BANK,IBN,ICICIBANK.NS,37.21,1512.3,81.78,2,1521.28,8.98,0.59,0.0,n/a,Normal market alignment.
2024-11-05,ICICI_BANK,IBN,ICICIBANK.NS,37.22,1504.27,81.79,2,1522.19,17.92,1.19,0.0,n/a,Normal market alignment.
2024-11-06,ICICI_BANK,IBN,ICICIBANK.NS,37.69,1531.63,81.79,2,1541.17,9.53,0.62,0.0,n/a,Normal market alignment.
2024-11-07,ICICI_BANK,IBN,ICICIBANK.NS,38.1,1571.09,81.82,2,1558.83,-12.25,-0.78,0.0,n/a,Normal market alignment.
2024-11-08,ICICI_BANK,IBN,ICICIBANK.NS,38.02,1582.37,81.85,2,1555.94,-26.43,-1.67,-0.3,offline,"Offline insight: ICICI_BANK ADR-implied price is at a 1.67% discount to its NSE close, consistent with overnight US trading and FX movement."
2024-11-11,ICICI_BANK,IBN,ICICIBANK.NS,38.13,1580.86,81.9,2,1561.41,-19.46,-1.23,0.0,n/a,Normal market alignment.
2024-11-12,ICICI_BANK,IBN,ICICIBANK.NS,37.72,1581.64,81.88,2,1544.07,-37.56,-2.37,-5.6,offline,"Offline insight: ICICI_BANK ADR-implied price is at a 2.37% discount to its NSE close, consistent with overnight US trading and FX movement."
2024-11-13,ICICI_BANK,IBN,ICICIBANK.NS,38.07,1561.07,81.86,2,1558.44,-2.63,-0.17,0.0,n/a,Normal market alignment.
2024-11-14,ICICI_BANK,IBN,ICICIBANK.NS,37.01,1509.87,81.84,2,1514.65,4.78,0.32,0.0,n/a,Normal market alignment.
2024-11-15,ICICI_BANK,IBN,ICICIBANK.NS,37.46,1537.28,81.88,2,1533.36,-3.92,-0.25,0.0,n/a,Normal market alignment.
2024-11-18,ICICI_BANK,IBN,ICICIBANK.NS,37.45,1548.83,81.94,2,1534.43,-14.4,-0.93,0.0,n/a,Normal market alignment.
2024-11-19,ICICI_BANK,IBN,ICICIBANK.NS,37.19,1520.9,81.92,2,1523.36,2.46,0.16,0.0,n/a,Normal market alignment.
2024-11-20,ICICI_BANK,IBN,ICICIBANK.NS,37.07,1528.64,81.9,2,1518.21,-10.43,-0.68,0.0,n/a,Normal market alignment.
2024-11-21,ICICI_BANK,IBN,ICICIBANK.NS,37.0,1532.48,81.92,2,1515.29,-17.2,-1.12,0.0,n/a,Normal market alignment.
2024-11-22,ICICI_BANK,IBN,ICICIBANK.NS,37.73,1563.98,81.91,2,1545.06,-18.92,-1.21,0.0,n/a,Normal market alignment.
2024-11-25,ICICI_BANK,IBN,ICICIBANK.NS,39.57,1631.78,81.95,2,1621.24,-10.54,-0.65,0.0,n/a,Normal market alignment.
2024-11-26,ICICI_BANK,IBN,ICICIBANK.NS,40.3,1648.82,81.86,2,1649.59,0.78,0.05,0.0,n/a,Normal market alignment.
2024-11-27,ICICI_BANK,IBN,ICICIBANK.NS,39.97,1621.47,81.83,2,1635.46,13.99,0.86,0.0,n/a,Normal market alignment.
2024-11-28,ICICI_BANK,IBN,ICICIBANK.NS,40.36,1630.42,81.8,2,1650.79,20.37,1.25,0.0,n/a,Normal market alignment.
2024-11-29,ICICI_BANK,IBN,ICICIBANK.NS,40.78,1653.68,81.71,2,1666.09,12.41,0.75,0.0,n/a,Normal market alignment.
2024-12-02,ICICI_BANK,IBN,ICICIBANK.NS,40.23,1623.8,81.67,2,1642.71,18.91,1.16,0.0,n/a,Normal market alignment.
2024-12-03,ICICI_BANK,IBN,ICICIBANK.NS,39.48,1607.75,81.63,2,1611.43,3.68,0.23,0.0,n/a,Normal market alignment.
2024-12-04,ICICI_BANK,IBN,ICICIBANK.NS,39.45,1628.77,81.62,2,1610.25,-18.52,-1.14,0.0,n/a,Normal market alignment.
2024-12-05,ICICI_BANK,IBN,ICICIBANK.NS,39.94,1650.16,81.67,2,1631.15,-19.01,-1.15,0.0,n/a,Normal market alignment.
2024-12-06,ICICI_BANK,IBN,ICICIBANK.NS,38.99,1612.27,81.66,2,1592.03,-20.24,-1.26,0.0,n/a,Normal market alignment.
2024-12-09,ICICI_BANK,IBN,ICICIBANK.NS,38.58,1593.57,81.62,2,1574.52,-19.06,-1.2,0.0,n/a,Normal market alignment.
2024-12-10,ICICI_BANK,IBN,ICICIBANK.NS,38.92,1610.86,81.62,2,1588.49,-22.38,-1.39,0.0,n/a,Normal market alignment.
2024-12-11,ICICI_BANK,IBN,ICICIBANK.NS,38.96,1609.4,81.66,2,1590.8,-18.61,-1.16,0.0,n/a,Normal market alignment.
2024-12-12,ICICI_BANK,IBN,ICICIBANK.NS,39.8,1628.54,81.63,2,1624.31,-4.23,-0.26,0.0,n/a,Normal market alignment.
2024-12-13,ICICI_BANK,IBN,ICICIBANK.NS,38.97,1573.28,81.59,2,1589.72,16.44,1.04,0.0,n/a,Normal market alignment.
2024-12-16,ICICI_BANK,IBN,ICICIBANK.NS,40.36,1656.38,81.61,2,1646.76,-9.62,-0.58,0.0,n/a,Normal market alignment.
2024-12-17,ICICI_BANK,IBN,ICICIBANK.NS,39.44,1629.47,81.61,2,1609.11,-20.37,-1.25,0.0,n/a,Normal market alignment.
2024-12-18,ICICI_BANK,IBN,ICICIBANK.NS,38.25,1581.75,81.63,2,1561.13,-20.63,-1.3,0.0,n/a,Normal market alignment.
2024-12-19,ICICI_BANK,IBN,ICICIBANK.NS,38.23,1564.08,81.63,2,1560.22,-3.85,-0.25,0.0,n/a,Normal market alignment.
2024-12-20,ICICI_BANK,IBN,ICICIBANK.NS,37.59,1539.17,81.66,2,1534.69,-4.48,-0.29,0.0,n/a,Normal market alignment.
2024-12-23,ICICI_BANK,IBN,ICICIBANK.NS,37.58,1544.02,81.62,2,1533.5,-10.52,-0.68,0.0,n/a,Normal market alignment.
2024-12-24,ICICI_BANK,IBN,ICICIBANK.NS,37.55,1530.85,81.62,2,1532.27,1.42,0.09,0.0,n/a,Normal market alignment.
2024-12-25,ICICI_BANK,IBN,ICICIBANK.NS,37.45,1517.09,81.61,2,1528.09,11.0,0.73,0.0,n/a,Normal market alignment.
2024-12-26,ICICI_BANK,IBN,ICICIBANK.NS,36.98,1502.02,81.57,2,1508.36,6.34,0.42,0.0,n/a,Normal market alignment.
2024-12-27,ICICI_BANK,IBN,ICICIBANK.NS,37.24,1522.3,81.51,2,1517.46,-4.84,-0.32,0.0,n/a,Normal market alignment.
2024-12-30,ICICI_BANK,IBN,ICICIBANK.NS,37.07,1511.24,81.53,2,1511.21,-0.03,-0.0,0.0,n/a,Normal market alignment.
2024-12-31,ICICI_BANK,IBN,ICICIBANK.NS,37.69,1538.97,81.52,2,1536.44,-2.53,-0.16,0.0,n/a,Normal market alignment.
2025-01-01,ICICI_BANK,IBN,ICICIBANK.NS,37.6,1536.1,81.48,2,1531.99,-4.11,-0.27,0.0,n/a,Normal market alignment.
2025-01-02,ICICI_BANK,IBN,ICICIBANK.NS,37.07,1518.11,81.48,2,1510.23,-7.88,-0.52,0.0,n/a,Normal market alignment.
2025-01-03,ICICI_BANK,IBN,ICICIBANK.NS,36.14,1468.35,81.52,2,1473.29,4.93,0.34,0.0,n/a,Normal market alignment.
2025-01-06,ICICI_BANK,IBN,ICICIBANK.NS,36.06,1462.79,81.43,2,1468.3,5.51,0.38,0.0,n/a,Normal market alignment.
2025-01-07,ICICI_BANK,IBN,ICICIBANK.NS,35.39,1426.18,81.37,2,1439.74,13.56,0.95,0.0,n/a,Normal market alignment.
2025-01-08,ICICI_BANK,IBN,ICICIBANK.NS,34.68,1389.47,81.34,2,1410.4,20.93,1.51,-3.5,offline,"Offline insight: ICICI_BANK ADR-implied price is at a 1.51% premium to its NSE close, consistent with overnight US trading and FX movement."
2025-01-09,ICICI_BANK,IBN,ICICIBANK.NS,34.96,1405.8,81.4,2,1423.02,17.22,1.22,0.0,n/a,Normal market alignment.
2025-01-10,ICICI_BANK,IBN,ICICIBANK.NS,34.04,1380.46,81.41,2,1385.71,5.25,0.38,0.0,n/a,Normal market alignment.
2025-01-13,ICICI_BANK,IBN,ICICIBANK.NS,34.77,1402.62,81.44,2,1416.03,13.42,0.96,0.0,n/a,Normal market alignment.
2025-01-14,ICICI_BANK,IBN,ICICIBANK.NS,34.87,1406.42,81.4,2,1419.07,12.66,0.9,0.0,n/a,Normal market alignment.
2025-01-15,ICICI_BANK,IBN,ICICIBANK.NS,34.86,1385.08,81.35,2,1417.8,32.72,2.36,-2.9,offline,"Offline insight: ICICI_BANK ADR-implied price is at a 2.36% premium to its NSE close, consistent with overnight US trading and FX movement."
2025-01-16,ICICI_BANK,IBN,ICICIBANK.NS,34.32,1374.09,81.37,2,1396.55,22.46,1.63,3.0,offline,"Offline insight: ICICI_BANK ADR-implied price is at a 1.63% premium to its NSE close, consistent with overnight US trading and FX movement."
2025-01-17,ICICI_BANK,IBN,ICICIBANK.NS,34.73,1392.58,81.38,2,1413.03,20.46,1.47,0.0,n/a,Normal market alignment.
2025-01-20,ICICI_BANK,IBN,ICICIBANK.NS,34.74,1398.62,81.4,2,1413.8,15.17,1.08,0.0,n/a,Normal market alignment.
2025-01-21,ICICI_BANK,IBN,ICICIBANK.NS,34.39,1391.47,81.39,2,1399.56,8.09,0.58,0.0,n/a,Normal market alignment.
2025-01-22,ICICI_BANK,IBN,ICICIBANK.NS,34.5,1402.03,81.4,2,1404.38,2.35,0.17,0.0,n/a,Normal market alignment.
2025-01-23,ICICI_BANK,IBN,ICICIBANK.NS,33.64,1365.29,81.41,2,1369.48,4.19,0.31,0.0,n/a,Normal market alignment.
2025-01-24,ICICI_BANK,IBN,ICICIBANK.NS,32.83,1329.53,81.44,2,1336.82,7.3,0.55,0.0,n/a,Normal market alignment.
2025-01-27,ICICI_BANK,IBN,ICICIBANK.NS,32.29,1300.51,81.48,2,1315.3,14.79,1.14,0.0,n/a,Normal market alignment.
2025-01-28,ICICI_BANK,IBN,ICICIBANK.NS,32.47,1309.78,81.41,2,1321.55,11.77,0.9,0.0,n/a,Normal market alignment.
2025-01-29,ICICI_BANK,IBN,ICICIBANK.NS,32.47,1317.61,81.32,2,1320.44,2.83,0.22,0.0,n/a,Normal market alignment.
2025-01-30,ICICI_BANK,IBN,ICICIBANK.NS,32.99,1343.63,81.37,2,1342.29,-1.34,-0.1,0.0,n/a,Normal market alignment.
2025-01-31,ICICI_BANK,IBN,ICICIBANK.NS,32.55,1338.15,81.41,2,1324.96,-13.19,-0.99,0.0,n/a,Normal market alignment.
2025-02-03,ICICI_BANK,IBN,ICICIBANK.NS,32.84,1328.53,81.37,2,1336.13,7.59,0.57,0.0,n/a,Normal market alignment.
2025-02-04,ICICI_BANK,IBN,ICICIBANK.NS,32.79,1333.52,81.3,2,1333.04,-0.48,-0.04,0.0,n/a,Normal market alignment.
2025-02-05,ICICI_BANK,IBN,ICICIBANK.NS,32.34,1306.1,81.31,2,1314.66,8.56,0.66,0.0,n/a,Normal market alignment.
2025-02-06,ICICI_BANK,IBN,ICICIBANK.NS,32.54,1315.56,81.34,2,1323.28,7.72,0.59,0.0,n/a,Normal market alignment.
2025-02-07,ICICI_BANK,IBN,ICICIBANK.NS,32.51,1316.12,81.42,2,1323.55,7.43,0.56,0.0,n/a,Normal market alignment.
2025-02-10,ICICI_BANK,IBN,ICICIBANK.NS,32.22,1308.45,81.44,2,1311.81,3.36,0.26,0.0,n/a,Normal market alignment.
2025-02-11,ICICI_BANK,IBN,ICICIBANK.NS,32.25,1318.04,81.42,2,1312.8,-5.24,-0.4,0.0,n/a,Normal market alignment.
2025-02-12,ICICI_BANK,IBN,ICICIBANK.NS,32.19,1322.2,81.39,2,1310.09,-12.12,-0.92,0.0,n/a,Normal market alignment.
2025-02-13,ICICI_BANK,IBN,ICICIBANK.NS,32.13,1298.91,81.39,2,1307.48,8.57,0.66,0.0,n/a,Normal market alignment.
2025-02-14,ICICI_BANK,IBN,ICICIBANK.NS,31.94,1293.45,81.38,2,1299.61,6.15,0.48,0.0,n/a,Normal market alignment.
2025-02-17,ICICI_BANK,IBN,ICICIBANK.NS,31.32,1260.41,81.34,2,1273.94,13.53,1.07,0.0,n/a,Normal market alignment.
2025-02-18,ICICI_BANK,IBN,ICICIBANK.NS,31.37,1256.77,81.42,2,1277.05,20.28,1.61,2.4,offline,"Offline insight: ICICI_BANK ADR-implied price is at a 1.61% premium to its NSE close, consistent with overnight US trading and FX movement."
2025-02-19,ICICI_BANK,IBN,ICICIBANK.NS,31.0,1254.64,81.5,2,1263.18,8.54,0.68,0.0,n/a,Normal market alignment.
2025-02-20,ICICI_BANK,IBN,ICICIBANK.NS,30.53,1236.22,81.54,2,1244.93,8.71,0.7,0.0,n/a,Normal market alignment.
2025-02-21,ICICI_BANK,IBN,ICICIBANK.NS,30.43,1234.66,81.51,2,1240.27,5.61,0.45,0.0,n/a,Normal market alignment.
2025-02-24,ICICI_BANK,IBN,ICICIBANK.NS,30.78,1261.62,81.54,2,1254.84,-6.78,-0.54,0.0,n/a,Normal market alignment.
2025-02-25,ICICI_BANK,IBN,ICICIBANK.NS,30.87,1264.84,81.57,2,1259.12,-5.72,-0.45,0.0,n/a,Normal market alignment.
2025-02-26,ICICI_BANK,IBN,ICICIBANK.NS,30.64,1248.01,81.59,2,1249.75,1.75,0.14,0.0,n/a,Normal market alignment.
2025-02-27,ICICI_BANK,IBN,ICICIBANK.NS,30.38,1243.49,81.64,2,1240.19,-3.3,-0.27,0.0,n/a,Normal market alignment.
2025-02-28,ICICI_BANK,IBN,ICICIBANK.NS,30.68,1257.66,81.67,2,1252.79,-4.86,-0.39,0.0,n/a,Normal market alignment.
2025-03-03,ICICI_BANK,IBN,ICICIBANK.NS,29.59,1212.87,81.7,2,1208.58,-4.29,-0.35,0.0,n/a,Normal market alignment.
2025-03-04,ICICI_BANK,IBN,ICICIBANK.NS,29.95,1208.5,81.72,2,1223.8,15.3,1.27,0.0,n/a,Normal market alignment.
2025-03-05,ICICI_BANK,IBN,ICICIBANK.NS,29.12,1196.25,81.74,2,1189.98,-6.27,-0.52,0.0,n/a,Normal market alignment.
2025-03-06,ICICI_BANK,IBN,ICICIBANK.NS,28.51,1163.64,81.67,2,1164.07,0.43,0.04,0.0,n/a,Normal market alignment.
2025-03-07,ICICI_BANK,IBN,ICICIBANK.NS,28.3,1157.3,81.67,2,1155.5,-1.8,-0.16,0.0,n/a,Normal market alignment.
2025-03-10,ICICI_BANK,IBN,ICICIBANK.NS,29.23,1199.65,81.65,2,1193.15,-6.5,-0.54,0.0,n/a,Normal market alignment.
2025-03-11,ICICI_BANK,IBN,ICICIBANK.NS,29.97,1229.16,81.6,2,1222.77,-6.39,-0.52,0.0,n/a,Normal market alignment.
2025-03-12,ICICI_BANK,IBN,ICICIBANK.NS,30.3,1235.21,81.67,2,1237.13,1.92,0.16,0.0,n/a,Normal market alignment.
2025-03-13,ICICI_BANK,IBN,ICICIBANK.NS,30.47,1237.76,81.74,2,1245.19,7.43,0.6,0.0,n/a,Normal market alignment.
2025-03-14,ICICI_BANK,IBN,ICICIBANK.NS,29.63,1205.69,81.79,2,1211.6,5.91,0.49,0.0,n/a,Normal market alignment.
2025-03-17,ICICI_BANK,IBN,ICICIBANK.NS,29.7,1202.25,81.8,2,1214.98,12.73,1.06,0.0,n/a,Normal market alignment.
2025-03-18,ICICI_BANK,IBN,ICICIBANK.NS,29.47,1188.04,81.86,2,1206.15,18.1,1.52,3.5,offline,"Offline insight: ICICI_BANK ADR-implied price is at a 1.52% premium to its NSE close, consistent with overnight US trading and FX movement."
2025-03-19,ICICI_BANK,IBN,ICICIBANK.NS,29.12,1174.31,81.86,2,1191.75,17.45,1.49,0.0,n/a,Normal market alignment.
2025-03-20,ICICI_BANK,IBN,ICICIBANK.NS,29.19,1188.96,81.87,2,1195.01,6.05,0.51,0.0,n/a,Normal market alignment.
2025-03-21,ICICI_BANK,IBN,ICICIBANK.NS,29.0,1178.63,81.83,2,1186.31,7.68,0.65,0.0,n/a,Normal market alignment.
2025-03-24,ICICI_BANK,IBN,ICICIBANK.NS,29.38,1193.54,81.84,2,1202.38,8.84,0.74,0.0,n/a,Normal market alignment.
2025-03-25,ICICI_BANK,IBN,ICICIBANK.NS,28.54,1169.35,81.85,2,1167.87,-1.48,-0.13,0.0,n/a,Normal market alignment.
2025-03-26,ICICI_BANK,IBN,ICICIBANK.NS,28.58,1182.7,81.8,2,1168.81,-13.89,-1.17,0.0,n/a,Normal market alignment.
2025-03-27,ICICI_BANK,IBN,ICICIBANK.NS,28.21,1178.73,81.8,2,1153.73,-25.0,-2.12,-6.1,offline,"Offline insight: ICICI_BANK ADR-implied price is at a 2.12% discount to its NSE close, consistent with overnight US trading and FX movement."
2025-03-28,ICICI_BANK,IBN,ICICIBANK.NS,28.05,1161.16,81.79,2,1146.96,-14.21,-1.22,0.0,n/a,Normal market alignment.
2025-03-31,ICICI_BANK,IBN,ICICIBANK.NS,28.18,1159.66,81.87,2,1153.57,-6.09,-0.53,0.0,n/a,Normal market alignment.
2025-04-01,ICICI_BANK,IBN,ICICIBANK.NS,27.72,1148.21,81.9,2,1135.09,-13.12,-1.14,0.0,n/a,Normal market alignment.
2025-04-02,ICICI_BANK,IBN,ICICIBANK.NS,27.79,1137.72,81.9,2,1138.25,0.53,0.05,0.0,n/a,Normal market alignment.
2025-04-03,ICICI_BANK,IBN,ICICIBANK.NS,27.71,1133.59,81.92,2,1135.11,1.53,0.13,0.0,n/a,Normal market alignment.
2025-04-04,ICICI_BANK,IBN,ICICIBANK.NS,27.45,1112.84,81.92,2,1124.25,11.41,1.03,0.0,n/a,Normal market alignment.
2025-04-07,ICICI_BANK,IBN,ICICIBANK.NS,27.26,1106.87,81.91,2,1116.55,9.68,0.87,0.0,n/a,Normal market alignment.
2025-04-08,ICICI_BANK,IBN,ICICIBANK.NS,27.21,1116.2,81.87,2,1113.72,-2.47,-0.22,0.0,n/a,Normal market alignment.
2025-04-09,ICICI_BANK,IBN,ICICIBANK.NS,26.9,1099.1,81.86,2,1101.16,2.06,0.19,0.0,n/a,Normal market alignment.
2025-04-10,ICICI_BANK,IBN,ICICIBANK.NS,26.91,1094.85,81.83,2,1101.22,6.37,0.58,0.0,n/a,Normal market alignment.
2025-04-11,ICICI_BANK,IBN,ICICIBANK.NS,26.81,1096.67,81.79,2,1096.3,-0.38,-0.03,0.0,n/a,Normal market alignment.
2025-04-14,ICICI_BANK,IBN,ICICIBANK.NS,26.57,1098.17,81.81,2,1086.86,-11.31,-1.03,0.0,n/a,Normal market alignment.
2025-04-15,ICICI_BANK,IBN,ICICIBANK.NS,27.21,1119.46,81.82,2,1113.33,-6.13,-0.55,0.0,n/a,Normal market alignment.
2025-04-16,ICICI_BANK,IBN,ICICIBANK.NS,27.39,1131.28,81.75,2,1119.63,-11.64,-1.03,0.0,n/a,Normal market alignment.
2025-04-17,ICICI_BANK,IBN,ICICIBANK.NS,27.24,1111.63,81.75,2,1113.49,1.86,0.17,0.0,n/a,Normal market alignment.
2025-04-18,ICICI_BANK,IBN,ICICIBANK.NS,27.31,1118.89,81.79,2,1116.82,-2.07,-0.18,0.0,n/a,Normal market alignment.
2025-04-21,ICICI_BANK,IBN,ICICIBANK.NS,26.9,1088.6,81.83,2,1100.53,11.93,1.1,0.0,n/a,Normal market alignment.
2025-04-22,ICICI_BANK,IBN,ICICIBANK.NS,26.73,1103.36,81.88,2,1094.22,-9.15,-0.83,0.0,n/a,Normal market alignment.
2025-04-23,ICICI_BANK,IBN,ICICIBANK.NS,26.61,1093.73,81.88,2,1089.33,-4.41,-0.4,0.0,n/a,Normal market alignment.
2025-04-24,ICICI_BANK,IBN,ICICIBANK.NS,26.12,1060.8,81.85,2,1068.85,8.05,0.76,0.0,n/a,Normal market alignment.
2025-04-25,ICICI_BANK,IBN,ICICIBANK.NS,26.28,1076.63,81.8,2,1074.83,-1.81,-0.17,0.0,n/a,Normal market alignment.
2025-04-28,ICICI_BANK,IBN,ICICIBANK.NS,26.09,1069.46,81.82,2,1067.19,-2.27,-0.21,0.0,n/a,Normal market alignment.
2025-04-29,ICICI_BANK,IBN,ICICIBANK.NS,25.96,1066.4,81.83,2,1062.03,-4.37,-0.41,0.0,n/a,Normal market alignment.
2025-04-30,ICICI_BANK,IBN,ICICIBANK.NS,25.74,1061.65,81.89,2,1053.96,-7.69,-0.72,0.0,n/a,Normal market alignment.
2025-05-01,ICICI_BANK,IBN,ICICIBANK.NS,26.89,1104.58,81.93,2,1101.67,-2.91,-0.26,0.0,n/a,Normal market alignment.
2025-05-02,ICICI_BANK,IBN,ICICIBANK.NS,26.63,1102.73,81.93,2,1090.99,-11.74,-1.06,0.0,n/a,Normal market alignment.
2025-05-05,ICICI_BANK,IBN,ICICIBANK.NS,25.81,1064.46,81.88,2,1056.83,-7.63,-0.72,0.0,n/a,Normal market alignment.
2025-05-06,ICICI_BANK,IBN,ICICIBANK.NS,25.2,1032.35,81.87,2,1031.64,-0.71,-0.07,0.0,n/a,Normal market alignment.
2025-05-07,ICICI_BANK,IBN,ICICIBANK.NS,25.5,1045.83,81.88,2,1043.82,-2.01,-0.19,0.0,n/a,Normal market alignment.
2025-05-08,ICICI_BANK,IBN,ICICIBANK.NS,26.02,1073.72,81.87,2,1064.97,-8.75,-0.82,0.0,n/a,Normal market alignment.
2025-05-09,ICICI_BANK,IBN,ICICIBANK.NS,25.76,1051.67,81.85,2,1054.11,2.44,0.23,0.0,n/a,Normal market alignment.
2025-05-12,ICICI_BANK,IBN,ICICIBANK.NS,26.26,1067.85,81.86,2,1074.8,6.95,0.65,0.0,n/a,Normal market alignment.
2025-05-13,ICICI_BANK,IBN,ICICIBANK.NS,26.56,1090.51,81.84,2,1086.82,-3.69,-0.34,0.0,n/a,Normal market alignment.
2025-05-14,ICICI_BANK,IBN,ICICIBANK.NS,26.49,1095.89,81.81,2,1083.74,-12.15,-1.11,0.0,n/a,Normal market alignment.
2025-05-15,ICICI_BANK,IBN,ICICIBANK.NS,26.4,1094.58,81.83,2,1080.01,-14.58,-1.33,0.0,n/a,Normal market alignment.
2025-05-16,ICICI_BANK,IBN,ICICIBANK.NS,26.48,1087.6,81.81,2,1083.06,-4.54,-0.42,0.0,n/a,Normal market alignment.
2025-05-19,ICICI_BANK,IBN,ICICIBANK.NS,26.83,1098.42,81.82,2,1097.79,-0.63,-0.06,0.0,n/a,Normal market alignment.
2025-05-20,ICICI_BANK,IBN,ICICIBANK.NS,27.0,1099.12,81.84,2,1104.82,5.7,0.52,0.0,n/a,Normal market alignment.
2025-05-21,ICICI_BANK,IBN,ICICIBANK.NS,26.73,1092.43,81.79,2,1093.34,0.9,0.08,0.0,n/a,Normal market alignment.
2025-05-22,ICICI_BANK,IBN,ICICIBANK.NS,26.67,1097.12,81.77,2,1090.57,-6.56,-0.6,0.0,n/a,Normal market alignment.
2025-05-23,ICICI_BANK,IBN,ICICIBANK.NS,27.47,1120.92,81.83,2,1124.11,3.19,0.28,0.0,n/a,Normal market alignment.
2025-05-26,ICICI_BANK,IBN,ICICIBANK.NS,27.59,1130.5,81.79,2,1128.05,-2.45,-0.22,0.0,n/a,Normal market alignment.
2025-05-27,ICICI_BANK,IBN,ICICIBANK.NS,27.95,1141.92,81.7,2,1141.93,0.01,0.0,0.0,n/a,Normal market alignment.
2025-05-28,ICICI_BANK,IBN,ICICIBANK.NS,28.19,1163.1,81.63,2,1150.49,-12.61,-1.08,0.0,n/a,Normal market alignment.
2025-05-29,ICICI_BANK,IBN,ICICIBANK.NS,28.31,1167.84,81.63,2,1155.58,-12.26,-1.05,0.0,n/a,Normal market alignment.
2025-05-30,ICICI_BANK,IBN,ICICIBANK.NS,28.37,1156.95,81.63,2,1157.84,0.89,0.08,0.0,n/a,Normal market alignment.
2025-06-02,ICICI_BANK,IBN,ICICIBANK.NS,28.76,1179.09,81.63,2,1173.72,-5.37,-0.46,0.0,n/a,Normal market alignment.
2025-06-03,ICICI_BANK,IBN,ICICIBANK.NS,29.08,1183.93,81.68,2,1187.45,3.52,0.3,0.0,n/a,Normal market alignment.
2025-06-04,ICICI_BANK,IBN,ICICIBANK.NS,29.2,1208.52,81.57,2,1190.96,-17.57,-1.45,0.0,n/a,Normal market alignment.
2025-06-05,ICICI_BANK,IBN,ICICIBANK.NS,28.9,1194.26,81.59,2,1179.16,-15.09,-1.26,0.0,n/a,Normal market alignment.
2025-06-06,ICICI_BANK,IBN,ICICIBANK.NS,29.08,1197.78,81.65,2,1187.26,-10.52,-0.88,0.0,n/a,Normal market alignment.
2025-06-09,ICICI_BANK,IBN,ICICIBANK.NS,29.06,1177.62,81.61,2,1185.78,8.16,0.69,0.0,n/a,Normal market alignment.
2025-06-10,ICICI_BANK,IBN,ICICIBANK.NS,28.93,1185.22,81.6,2,1180.45,-4.77,-0.4,0.0,n/a,Normal market alignment.
2025-06-11,ICICI_BANK,IBN,ICICIBANK.NS,30.11,1225.0,81.57,2,1227.8,2.79,0.23,0.0,n/a,Normal market alignment.
2025-06-12,ICICI_BANK,IBN,ICICIBANK.NS,29.42,1188.89,81.53,2,1199.31,10.42,0.88,0.0,n/a,Normal market alignment.
2025-06-13,ICICI_BANK,IBN,ICICIBANK.NS,29.85,1216.48,81.52,2,1216.73,0.26,0.02,0.0,n/a,Normal market alignment.
2025-06-16,ICICI_BANK,IBN,ICICIBANK.NS,29.47,1205.21,81.58,2,1202.21,-3.0,-0.25,0.0,n/a,Normal market alignment.
2025-06-17,ICICI_BANK,IBN,ICICIBANK.NS,29.54,1206.64,81.65,2,1206.04,-0.61,-0.05,0.0,n/a,Normal market alignment.
2025-06-18,ICICI_BANK,IBN,ICICIBANK.NS,30.69,1266.19,81.64,2,1252.67,-13.51,-1.07,0.0,n/a,Normal market alignment.
2025-06-19,ICICI_BANK,IBN,ICICIBANK.NS,30.25,1248.1,81.72,2,1236.14,-11.97,-0.96,0.0,n/a,Normal market alignment.
2025-06-20,ICICI_BANK,IBN,ICICIBANK.NS,29.93,1219.24,81.72,2,1223.12,3.88,0.32,0.0,n/a,Normal market alignment.
2025-06-23,ICICI_BANK,IBN,ICICIBANK.NS,29.94,1217.45,81.79,2,1224.23,6.78,0.56,0.0,n/a,Normal market alignment.
2025-06-24,ICICI_BANK,IBN,ICICIBANK.NS,29.56,1206.29,81.79,2,1209.0,2.71,0.22,0.0,n/a,Normal market alignment.
2025-06-25,ICICI_BANK,IBN,ICICIBANK.NS,29.97,1222.88,81.79,2,1225.49,2.61,0.21,0.0,n/a,Normal market alignment.
2025-06-26,ICICI_BANK,IBN,ICICIBANK.NS,29.73,1209.79,81.81,2,1216.26,6.47,0.53,0.0,n/a,Normal market alignment.
2025-06-27,ICICI_BANK,IBN,ICICIBANK.NS,30.03,1219.97,81.94,2,1230.48,10.51,0.86,0.0,n/a,Normal market alignment.
2025-06-30,ICICI_BANK,IBN,ICICIBANK.NS,29.44,1205.3,81.97,2,1206.84,1.54,0.13,0.0,n/a,Normal market alignment.
2025-07-01,ICICI_BANK,IBN,ICICIBANK.NS,28.66,1160.74,81.95,2,1174.1,13.36,1.15,0.0,n/a,Normal market alignment.
2025-07-02,ICICI_BANK,IBN,ICICIBANK.NS,28.57,1152.41,81.99,2,1170.99,18.58,1.61,6.9,offline,"Offline insight: ICICI_BANK ADR-implied price is at a 1.61% premium to its NSE close, consistent with overnight US trading and FX movement."
2025-07-03,ICICI_BANK,IBN,ICICIBANK.NS,27.9,1127.35,81.97,2,1143.6,16.25,1.44,0.0,n/a,Normal market alignment.
2025-07-04,ICICI_BANK,IBN,ICICIBANK.NS,28.55,1166.52,81.95,2,1169.72,3.2,0.27,0.0,n/a,Normal market alignment.
2025-07-07,ICICI_BANK,IBN,ICICIBANK.NS,27.9,1150.07,81.99,2,1143.75,-6.32,-0.55,0.0,n/a,Normal market alignment.
2025-07-08,ICICI_BANK,IBN,ICICIBANK.NS,27.47,1132.64,81.99,2,1126.32,-6.32,-0.56,0.0,n/a,Normal market alignment.
2025-07-09,ICICI_BANK,IBN,ICICIBANK.NS,27.65,1137.14,82.0,2,1133.82,-3.33,-0.29,0.0,n/a,Normal market alignment.
2025-07-10,ICICI_BANK,IBN,ICICIBANK.NS,27.42,1140.32,82.01,2,1124.2,-16.12,-1.41,0.0,n/a,Normal market alignment.
2025-07-11,ICICI_BANK,IBN,ICICIBANK.NS,26.8,1104.67,82.02,2,1099.13,-5.54,-0.5,0.0,n/a,Normal market alignment.
2025-07-14,ICICI_BANK,IBN,ICICIBANK.NS,27.63,1126.58,82.04,2,1133.34,6.76,0.6,0.0,n/a,Normal market alignment.
2025-07-15,ICICI_BANK,IBN,ICICIBANK.NS,27.22,1107.16,81.96,2,1115.61,8.45,0.76,0.0,n/a,Normal market alignment.
2025-07-16,ICICI_BANK,IBN,ICICIBANK.NS,27.15,1113.21,81.99,2,1113.04,-0.17,-0.02,0.0,n/a,Normal market alignment.
2025-07-17,ICICI_BANK,IBN,ICICIBANK.NS,27.07,1115.67,81.95,2,1109.36,-6.3,-0.57,0.0,n/a,Normal market alignment.
2025-07-18,ICICI_BANK,IBN,ICICIBANK.NS,27.37,1122.19,81.9,2,1120.74,-1.45,-0.13,0.0,n/a,Normal market alignment.
2025-07-21,ICICI_BANK,IBN,ICICIBANK.NS,27.57,1130.92,81.89,2,1128.83,-2.09,-0.18,0.0,n/a,Normal market alignment.
2025-07-22,ICICI_BANK,IBN,ICICIBANK.NS,27.23,1113.01,81.9,2,1115.23,2.22,0.2,0.0,n/a,Normal market alignment.
2025-07-23,ICICI_BANK,IBN,ICICIBANK.NS,27.11,1103.78,81.87,2,1109.75,5.97,0.54,0.0,n/a,Normal market alignment.
2025-07-24,ICICI_BANK,IBN,ICICIBANK.NS,27.03,1094.85,81.91,2,1106.77,11.92,1.09,0.0,n/a,Normal market alignment.
2025-07-25,ICICI_BANK,IBN,ICICIBANK.NS,27.34,1120.37,81.85,2,1118.81,-1.56,-0.14,0.0,n/a,Normal market alignment.
2025-07-28,ICICI_BANK,IBN,ICICIBANK.NS,26.87,1098.55,81.84,2,1099.34,0.79,0.07,0.0,n/a,Normal market alignment.
2025-07-29,ICICI_BANK,IBN,ICICIBANK.NS,27.69,1135.04,81.82,2,1132.64,-2.4,-0.21,0.0,n/a,Normal market alignment.
2025-07-30,ICICI_BANK,IBN,ICICIBANK.NS,27.38,1122.26,81.81,2,1120.07,-2.2,-0.2,0.0,n/a,Normal market alignment.
2025-07-31,ICICI_BANK,IBN,ICICIBANK.NS,27.39,1114.99,81.83,2,1120.42,5.44,0.49,0.0,n/a,Normal market alignment.
2025-08-01,ICICI_BANK,IBN,ICICIBANK.NS,26.92,1090.12,81.79,2,1100.73,10.61,0.97,0.0,n/a,Normal market alignment.
2025-08-04,ICICI_BANK,IBN,ICICIBANK.NS,26.4,1063.4,81.82,2,1080.02,16.62,1.56,-6.2,offline,"Offline insight: ICICI_BANK ADR-implied price is at a 1.56% premium to its NSE close, consistent with overnight US trading and FX movement."
2025-08-05,ICICI_BANK,IBN,ICICIBANK.NS,26.06,1053.21,81.82,2,1066.23,13.02,1.24,0.0,n/a,Normal market alignment.
2025-08-06,ICICI_BANK,IBN,ICICIBANK.NS,25.69,1043.14,81.75,2,1050.07,6.93,0.66,0.0,n/a,Normal market alignment.
2025-08-07,ICICI_BANK,IBN,ICICIBANK.NS,25.54,1040.56,81.67,2,1042.87,2.31,0.22,0.0,n/a,Normal market alignment.
2025-08-08,ICICI_BANK,IBN,ICICIBANK.NS,25.17,1039.11,81.67,2,1027.87,-11.24,-1.08,0.0,n/a,Normal market alignment.
2025-08-11,ICICI_BANK,IBN,ICICIBANK.NS,25.44,1035.81,81.66,2,1038.81,2.99,0.29,0.0,n/a,Normal market alignment.
2025-08-12,ICICI_BANK,IBN,ICICIBANK.NS,25.15,1027.41,81.66,2,1026.88,-0.53,-0.05,0.0,n/a,Normal market alignment.
2025-08-13,ICICI_BANK,IBN,ICICIBANK.NS,24.82,1010.16,81.66,2,1013.42,3.26,0.32,0.0,n/a,Normal market alignment.
2025-08-14,ICICI_BANK,IBN,ICICIBANK.NS,24.68,1001.17,81.67,2,1007.87,6.7,0.67,0.0,n/a,Normal market alignment.
2025-08-15,ICICI_BANK,IBN,ICICIBANK.NS,25.06,1028.51,81.71,2,1023.67,-4.84,-0.47,0.0,n/a,Normal market alignment.
2025-08-18,ICICI_BANK,IBN,ICICIBANK.NS,25.15,1036.35,81.66,2,1026.73,-9.62,-0.93,0.0,n/a,Normal market alignment.
2025-08-19,ICICI_BANK,IBN,ICICIBANK.NS,25.12,1019.57,81.62,2,1024.93,5.36,0.53,0.0,n/a,Normal market alignment.
2025-08-20,ICICI_BANK,IBN,ICICIBANK.NS,24.58,997.5,81.58,2,1002.68,5.17,0.52,0.0,n/a,Normal market alignment.
2025-08-21,ICICI_BANK,IBN,ICICIBANK.NS,24.17,986.88,81.59,2,985.95,-0.94,-0.1,0.0,n/a,Normal market alignment.
2025-08-22,ICICI_BANK,IBN,ICICIBANK.NS,23.71,969.35,81.64,2,967.94,-1.41,-0.15,0.0,n/a,Normal market alignment.
2025-08-25,ICICI_BANK,IBN,ICICIBANK.NS,24.18,980.41,81.62,2,987.0,6.6,0.67,0.0,n/a,Normal market alignment.
2025-08-26,ICICI_BANK,IBN,ICICIBANK.NS,24.38,983.54,81.52,2,993.95,10.4,1.06,0.0,n/a,Normal market alignment.
2025-08-27,ICICI_BANK,IBN,ICICIBANK.NS,24.08,984.45,81.46,2,980.59,-3.85,-0.39,0.0,n/a,Normal market alignment.
2025-08-28,ICICI_BANK,IBN,ICICIBANK.NS,23.88,963.44,81.42,2,972.2,8.76,0.91,0.0,n/a,Normal market alignment.
2025-08-29,ICICI_BANK,IBN,ICICIBANK.NS,23.59,948.61,81.4,2,960.2,11.59,1.22,0.0,n/a,Normal market alignment.
2025-09-01,ICICI_BANK,IBN,ICICIBANK.NS,23.29,941.66,81.39,2,947.55,5.9,0.63,0.0,n/a,Normal market alignment.
2025-09-02,ICICI_BANK,IBN,ICICIBANK.NS,23.45,958.81,81.39,2,954.41,-4.4,-0.46,0.0,n/a,Normal market alignment.
2025-09-03,ICICI_BANK,IBN,ICICIBANK.NS,23.36,946.07,81.38,2,950.45,4.38,0.46,0.0,n/a,Normal market alignment.
2025-09-04,ICICI_BANK,IBN,ICICIBANK.NS,24.1,974.96,81.42,2,980.92,5.96,0.61,0.0,n/a,Normal market alignment.
2025-09-05,ICICI_BANK,IBN,ICICIBANK.NS,24.55,1005.87,81.39,2,999.29,-6.58,-0.65,0.0,n/a,Normal market alignment.
2025-09-08,ICICI_BANK,IBN,ICICIBANK.NS,25.04,1024.48,81.36,2,1018.8,-5.68,-0.55,0.0,n/a,Normal market alignment.
2025-09-09,ICICI_BANK,IBN,ICICIBANK.NS,25.3,1010.86,81.38,2,1029.62,18.76,1.86,4.6,offline,"Offline insight: ICICI_BANK ADR-implied price is at a 1.86% premium to its NSE close, consistent with overnight US trading and FX movement."
2025-09-10,ICICI_BANK,IBN,ICICIBANK.NS,25.15,1011.27,81.32,2,1022.64,11.38,1.12,0.0,n/a,Normal market alignment.
2025-09-11,ICICI_BANK,IBN,ICICIBANK.NS,25.38,1030.73,81.34,2,1032.33,1.6,0.16,0.0,n/a,Normal market alignment.
2025-09-12,ICICI_BANK,IBN,ICICIBANK.NS,25.26,1033.63,81.34,2,1027.3,-6.33,-0.61,0.0,n/a,Normal market alignment.
2025-09-15,ICICI_BANK,IBN,ICICIBANK.NS,25.88,1043.56,81.34,2,1052.67,9.11,0.87,0.0,n/a,Normal market alignment.
2025-09-16,ICICI_BANK,IBN,ICICIBANK.NS,26.05,1048.5,81.4,2,1060.21,11.71,1.12,0.0,n/a,Normal market alignment.
2025-09-17,ICICI_BANK,IBN,ICICIBANK.NS,26.16,1047.05,81.38,2,1064.39,17.33,1.66,3.4,offline,"Offline insight: ICICI_BANK ADR-implied price is at a 1.66% premium to its NSE close, consistent with overnight US trading and FX movement."
2025-09-18,ICICI_BANK,IBN,ICICIBANK.NS,26.22,1055.51,81.46,2,1067.83,12.32,1.17,0.0,n/a,Normal market alignment.
2025-09-19,ICICI_BANK,IBN,ICICIBANK.NS,26.91,1078.89,81.45,2,1095.92,17.03,1.58,1.3,offline,"Offline insight: ICICI_BANK ADR-implied price is at a 1.58% premium to its NSE close, consistent with overnight US trading and FX movement."
2025-09-22,ICICI_BANK,IBN,ICICIBANK.NS,26.34,1068.24,81.4,2,1072.02,3.77,0.35,0.0,n/a,Normal market alignment.
2025-09-23,ICICI_BANK,IBN,ICICIBANK.NS,27.07,1098.37,81.41,2,1101.95,3.58,0.33,0.0,n/a,Normal market alignment.
2025-09-24,ICICI_BANK,IBN,ICICIBANK.NS,27.0,1094.3,81.37,2,1098.63,4.34,0.4,0.0,n/a,Normal market alignment.
2025-09-25,ICICI_BANK,IBN,ICICIBANK.NS,26.44,1062.6,81.34,2,1075.41,12.81,1.21,0.0,n/a,Normal market alignment.
2025-09-26,ICICI_BANK,IBN,ICICIBANK.NS,26.15,1053.84,81.35,2,1063.82,9.97,0.95,0.0,n/a,Normal market alignment.
2025-09-29,ICICI_BANK,IBN,ICICIBANK.NS,25.51,1036.74,81.38,2,1038.09,1.35,0.13,0.0,n/a,Normal market alignment.
2025-09-30,ICICI_BANK,IBN,ICICIBANK.NS,25.77,1046.99,81.35,2,1048.27,1.29,0.12,0.0,n/a,Normal market alignment.
2025-10-01,ICICI_BANK,IBN,ICICIBANK.NS,25.38,1044.26,81.39,2,1032.77,-11.48,-1.1,0.0,n/a,Normal market alignment.
2025-10-02,ICICI_BANK,IBN,ICICIBANK.NS,25.45,1060.53,81.44,2,1036.3,-24.23,-2.28,-0.9,offline,"Offline insight: ICICI_BANK ADR-implied price is at a 2.28% discount to its NSE close, consistent with overnight US trading and FX movement."
2025-10-03,ICICI_BANK,IBN,ICICIBANK.NS,25.89,1063.38,81.5,2,1055.0,-8.39,-0.79,0.0,n/a,Normal market alignment.
2025-10-06,ICICI_BANK,IBN,ICICIBANK.NS,25.64,1052.71,81.52,2,1044.96,-7.74,-0.74,0.0,n/a,Normal market alignment.
2025-10-07,ICICI_BANK,IBN,ICICIBANK.NS,25.54,1048.33,81.58,2,1041.78,-6.55,-0.62,0.0,n/a,Normal market alignment.
2025-10-08,ICICI_BANK,IBN,ICICIBANK.NS,25.05,1018.69,81.5,2,1020.8,2.11,0.21,0.0,n/a,Normal market alignment.
2025-10-09,ICICI_BANK,IBN,ICICIBANK.NS,24.91,1003.95,81.49,2,1015.01,11.06,1.1,0.0,n/a,Normal market alignment.
2025-10-10,ICICI_BANK,IBN,ICICIBANK.NS,25.88,1043.27,81.46,2,1054.07,10.8,1.04,0.0,n/a,Normal market alignment.
2025-10-13,ICICI_BANK,IBN,ICICIBANK.NS,26.19,1046.14,81.46,2,1066.76,20.62,1.97,3.6,offline,"Offline insight: ICICI_BANK ADR-implied price is at a 1.97% premium to its NSE close, consistent with overnight US trading and FX movement."
2025-10-14,ICICI_BANK,IBN,ICICIBANK.NS,26.09,1046.5,81.44,2,1062.56,16.06,1.53,3.4,offline,"Offline insight: ICICI_BANK ADR-implied price is at a 1.53% premium to its NSE close, consistent with overnight US trading and FX movement."
2025-10-15,ICICI_BANK,IBN,ICICIBANK.NS,25.86,1041.27,81.44,2,1053.06,11.79,1.13,0.0,n/a,Normal market alignment.
2025-10-16,ICICI_BANK,IBN,ICICIBANK.NS,25.85,1044.83,81.51,2,1053.69,8.86,0.85,0.0,n/a,Normal market alignment.
2025-10-17,ICICI_BANK,IBN,ICICIBANK.NS,25.91,1060.13,81.51,2,1055.98,-4.15,-0.39,0.0,n/a,Normal market alignment.
2025-10-20,ICICI_BANK,IBN,ICICIBANK.NS,25.76,1045.35,81.52,2,1049.89,4.54,0.43,0.0,n/a,Normal market alignment.
2025-10-21,ICICI_BANK,IBN,ICICIBANK.NS,25.97,1074.03,81.52,2,1058.44,-15.59,-1.45,0.0,n/a,Normal market alignment.
2025-10-22,ICICI_BANK,IBN,ICICIBANK.NS,25.61,1057.22,81.52,2,1043.67,-13.54,-1.28,0.0,n/a,Normal market alignment.
2025-10-23,ICICI_BANK,IBN,ICICIBANK.NS,25.25,1036.8,81.52,2,1029.0,-7.8,-0.75,0.0,n/a,Normal market alignment.
2025-10-24,ICICI_BANK,IBN,ICICIBANK.NS,25.39,1045.77,81.54,2,1035.26,-10.5,-1.0,0.0,n/a,Normal market alignment.
2025-10-27,ICICI_BANK,IBN,ICICIBANK.NS,24.96,1027.46,81.59,2,1018.02,-9.44,-0.92,0.0,n/a,Normal market alignment.
2025-10-28,ICICI_BANK,IBN,ICICIBANK.NS,25.24,1022.77,81.65,2,1030.3,7.53,0.74,0.0,n/a,Normal market alignment.
2025-10-29,ICICI_BANK,IBN,ICICIBANK.NS,25.24,1018.19,81.67,2,1030.56,12.37,1.21,0.0,n/a,Normal market alignment.
2025-10-30,ICICI_BANK,IBN,ICICIBANK.NS,24.55,1000.43,81.69,2,1002.91,2.49,0.25,0.0,n/a,Normal market alignment.
2025-10-31,ICICI_BANK,IBN,ICICIBANK.NS,24.6,1006.11,81.65,2,1004.31,-1.81,-0.18,0.0,n/a,Normal market alignment.
2025-11-03,ICICI_BANK,IBN,ICICIBANK.NS,23.99,989.1,81.64,2,979.19,-9.91,-1.0,0.0,n/a,Normal market alignment.
2025-11-04,ICICI_BANK,IBN,ICICIBANK.NS,24.24,991.2,81.68,2,990.14,-1.07,-0.11,0.0,n/a,Normal market alignment.
2025-11-05,ICICI_BANK,IBN,ICICIBANK.NS,24.16,989.54,81.72,2,987.17,-2.37,-0.24,0.0,n/a,Normal market alignment.
2025-11-06,ICICI_BANK,IBN,ICICIBANK.NS,24.84,1030.66,81.73,2,1015.0,-15.67,-1.52,-5.1,offline,"Offline insight: ICICI_BANK ADR-implied price is at a 1.52% discount to its NSE close, consistent with overnight US trading and FX movement."
2025-11-07,ICICI_BANK,IBN,ICICIBANK.NS,25.24,1040.83,81.76,2,1032.07,-8.76,-0.84,0.0,n/a,Normal market alignment.
2025-11-10,ICICI_BANK,IBN,ICICIBANK.NS,24.85,1018.23,81.79,2,1016.22,-2.01,-0.2,0.0,n/a,Normal market alignment.
2025-11-11,ICICI_BANK,IBN,ICICIBANK.NS,24.11,980.86,81.83,2,986.31,5.45,0.56,0.0,n/a,Normal market alignment.
2025-11-12,ICICI_BANK,IBN,ICICIBANK.NS,23.84,972.84,81.85,2,975.58,2.74,0.28,0.0,n/a,Normal market alignment.
2025-11-13,ICICI_BANK,IBN,ICICIBANK.NS,23.41,958.73,81.83,2,957.85,-0.88,-0.09,0.0,n/a,Normal market alignment.
2025-11-14,ICICI_BANK,IBN,ICICIBANK.NS,24.06,971.57,81.85,2,984.54,12.97,1.34,0.0,n/a,Normal market alignment.
2025-11-17,ICICI_BANK,IBN,ICICIBANK.NS,24.06,975.43,81.73,2,983.29,7.86,0.81,0.0,n/a,Normal market alignment.
2025-11-18,ICICI_BANK,IBN,ICICIBANK.NS,24.41,987.8,81.75,2,997.55,9.75,0.99,0.0,n/a,Normal market alignment.
2025-11-19,ICICI_BANK,IBN,ICICIBANK.NS,24.31,989.7,81.6,2,991.82,2.12,0.21,0.0,n/a,Normal market alignment.
2025-11-20,ICICI_BANK,IBN,ICICIBANK.NS,24.25,982.61,81.54,2,988.62,6.01,0.61,0.0,n/a,Normal market alignment.
2025-11-21,ICICI_BANK,IBN,ICICIBANK.NS,24.25,995.15,81.55,2,988.67,-6.49,-0.65,0.0,n/a,Normal market alignment.
2025-11-24,ICICI_BANK,IBN,ICICIBANK.NS,24.66,1012.86,81.57,2,1005.62,-7.24,-0.71,0.0,n/a,Normal market alignment.
2025-11-25,ICICI_BANK,IBN,ICICIBANK.NS,24.78,1023.1,81.53,2,1010.06,-13.04,-1.27,0.0,n/a,Normal market alignment.
2025-11-26,ICICI_BANK,IBN,ICICIBANK.NS,24.39,1005.96,81.5,2,994.01,-11.95,-1.19,0.0,n/a,Normal market alignment.
2025-11-27,ICICI_BANK,IBN,ICICIBANK.NS,24.99,1017.54,81.56,2,1019.19,1.65,0.16,0.0,n/a,Normal market alignment.
2025-11-28,ICICI_BANK,IBN,ICICIBANK.NS,24.89,1018.17,81.54,2,1014.8,-3.37,-0.33,0.0,n/a,Normal market alignment.
2025-12-01,ICICI_BANK,IBN,ICICIBANK.NS,24.73,1006.23,81.63,2,1009.29,3.06,0.3,0.0,n/a,Normal market alignment.
2025-12-02,ICICI_BANK,IBN,ICICIBANK.NS,23.69,954.88,81.63,2,966.76,11.88,1.24,0.0,n/a,Normal market alignment.
2025-12-03,ICICI_BANK,IBN,ICICIBANK.NS,23.92,969.41,81.65,2,976.46,7.05,0.73,0.0,n/a,Normal market alignment.
2025-12-04,ICICI_BANK,IBN,ICICIBANK.NS,23.96,968.06,81.71,2,979.02,10.96,1.13,0.0,n/a,Normal market alignment.
2025-12-05,ICICI_BANK,IBN,ICICIBANK.NS,24.01,970.66,81.72,2,980.86,10.2,1.05,0.0,n/a,Normal market alignment.
2025-12-08,ICICI_BANK,IBN,ICICIBANK.NS,23.87,967.87,81.68,2,974.76,6.89,0.71,0.0,n/a,Normal market alignment.
2025-12-09,ICICI_BANK,IBN,ICICIBANK.NS,23.67,957.48,81.68,2,966.6,9.12,0.95,0.0,n/a,Normal market alignment.
2025-12-10,ICICI_BANK,IBN,ICICIBANK.NS,23.54,943.97,81.68,2,961.53,17.55,1.86,4.1,offline,"Offline insight: ICICI_BANK ADR-implied price is at a 1.86% premium to its NSE close, consistent with overnight US trading and FX movement."
2025-12-11,ICICI_BANK,IBN,ICICIBANK.NS,23.72,961.42,81.62,2,967.86,6.44,0.67,0.0,n/a,Normal market alignment.
2025-12-12,ICICI_BANK,IBN,ICICIBANK.NS,23.95,979.96,81.61,2,977.32,-2.64,-0.27,0.0,n/a,Normal market alignment.
2025-12-15,ICICI_BANK,IBN,ICICIBANK.NS,23.87,982.47,81.59,2,973.88,-8.59,-0.87,0.0,n/a,Normal market alignment.
2025-12-16,ICICI_BANK,IBN,ICICIBANK.NS,24.22,986.8,81.62,2,988.5,1.69,0.17,0.0,n/a,Normal market alignment.
2025-12-17,ICICI_BANK,IBN,ICICIBANK.NS,24.2,978.9,81.63,2,987.65,8.75,0.89,0.0,n/a,Normal market alignment.
2025-12-18,ICICI_BANK,IBN,ICICIBANK.NS,24.02,978.79,81.62,2,980.35,1.57,0.16,0.0,n/a,Normal market alignment.
2025-12-19,ICICI_BANK,IBN,ICICIBANK.NS,24.1,997.48,81.61,2,983.53,-13.96,-1.4,0.0,n/a,Normal market alignment.
2025-12-22,ICICI_BANK,IBN,ICICIBANK.NS,23.62,976.7,81.62,2,963.88,-12.81,-1.31,0.0,n/a,Normal market alignment.
2025-12-23,ICICI_BANK,IBN,ICICIBANK.NS,23.71,971.76,81.65,2,967.84,-3.92,-0.4,0.0,n/a,Normal market alignment.
2025-12-24,ICICI_BANK,IBN,ICICIBANK.NS,23.17,948.03,81.61,2,945.29,-2.74,-0.29,0.0,n/a,Normal market alignment.
2025-12-25,ICICI_BANK,IBN,ICICIBANK.NS,22.82,930.98,81.57,2,930.54,-0.44,-0.05,0.0,n/a,Normal market alignment.
2025-12-26,ICICI_BANK,IBN,ICICIBANK.NS,22.13,906.72,81.61,2,903.14,-3.58,-0.39,0.0,n/a,Normal market alignment.
2025-12-29,ICICI_BANK,IBN,ICICIBANK.NS,22.08,896.63,81.6,2,900.87,4.24,0.47,0.0,n/a,Normal market alignment.
2025-12-30,ICICI_BANK,IBN,ICICIBANK.NS,22.62,917.45,81.54,2,922.26,4.81,0.52,0.0,n/a,Normal market alignment.
2025-12-31,ICICI_BANK,IBN,ICICIBANK.NS,22.59,914.5,81.56,2,921.13,6.63,0.72,0.0,n/a,Normal market alignment.
2026-01-01,ICICI_BANK,IBN,ICICIBANK.NS,22.81,925.46,81.58,2,930.52,5.06,0.55,0.0,n/a,Normal market alignment.
2026-01-02,ICICI_BANK,IBN,ICICIBANK.NS,23.62,956.28,81.52,2,962.92,6.64,0.69,0.0,n/a,Normal market alignment.
2026-01-05,ICICI_BANK,IBN,ICICIBANK.NS,23.77,962.07,81.53,2,969.17,7.1,0.74,0.0,n/a,Normal market alignment.
2026-01-06,ICICI_BANK,IBN,ICICIBANK.NS,23.51,960.68,81.56,2,958.69,-1.99,-0.21,0.0,n/a,Normal market alignment.
2026-01-07,ICICI_BANK,IBN,ICICIBANK.NS,23.29,948.84,81.58,2,950.14,1.3,0.14,0.0,n/a,Normal market alignment.
2026-01-08,ICICI_BANK,IBN,ICICIBANK.NS,23.3,944.73,81.6,2,950.74,6.01,0.64,0.0,n/a,Normal market alignment.
2026-01-09,ICICI_BANK,IBN,ICICIBANK.NS,23.09,930.29,81.55,2,941.36,11.07,1.19,0.0,n/a,Normal market alignment.
2026-01-12,ICICI_BANK,IBN,ICICIBANK.NS,22.9,924.63,81.56,2,933.93,9.3,1.01,0.0,n/a,Normal market alignment.
2026-01-13,ICICI_BANK,IBN,ICICIBANK.NS,23.25,948.57,81.55,2,947.88,-0.69,-0.07,0.0,n/a,Normal market alignment.
2026-01-14,ICICI_BANK,IBN,ICICIBANK.NS,23.61,968.46,81.53,2,962.54,-5.92,-0.61,0.0,n/a,Normal market alignment.
2026-01-15,ICICI_BANK,IBN,ICICIBANK.NS,23.03,945.81,81.57,2,939.46,-6.35,-0.67,0.0,n/a,Normal market alignment.
2026-01-16,ICICI_BANK,IBN,ICICIBANK.NS,22.76,931.42,81.63,2,928.9,-2.52,-0.27,0.0,n/a,Normal market alignment.
2026-01-19,ICICI_BANK,IBN,ICICIBANK.NS,22.61,925.83,81.7,2,923.54,-2.29,-0.25,0.0,n/a,Normal market alignment.
2026-01-20,ICICI_BANK,IBN,ICICIBANK.NS,22.82,941.53,81.75,2,932.72,-8.81,-0.94,0.0,n/a,Normal market alignment.
2026-01-21,ICICI_BANK,IBN,ICICIBANK.NS,23.22,961.96,81.75,2,948.96,-13.01,-1.35,0.0,n/a,Normal market alignment.
2026-01-22,ICICI_BANK,IBN,ICICIBANK.NS,24.16,1010.94,81.77,2,987.89,-23.05,-2.28,-5.9,offline,"Offline insight: ICICI_BANK ADR-implied price is at a 2.28% discount to its NSE close, consistent with overnight US trading and FX movement."
2026-01-23,ICICI_BANK,IBN,ICICIBANK.NS,24.0,1017.81,81.8,2,981.66,-36.15,-3.55,0.0,offline,"Offline insight: ICICI_BANK ADR-implied price is at a 3.55% discount to its NSE close, consistent with overnight US trading and FX movement."
2026-01-26,ICICI_BANK,IBN,ICICIBANK.NS,23.86,998.09,81.8,2,975.9,-22.19,-2.22,2.0,offline,"Offline insight: ICICI_BANK ADR-implied price is at a 2.22% discount to its NSE close, consistent with overnight US trading and FX movement."
2026-01-27,ICICI_BANK,IBN,ICICIBANK.NS,24.08,982.04,81.81,2,984.89,2.85,0.29,0.0,n/a,Normal market alignment.
2026-01-28,ICICI_BANK,IBN,ICICIBANK.NS,23.84,961.74,81.84,2,975.51,13.77,1.43,0.0,n/a,Normal market alignment.
2026-01-29,ICICI_BANK,IBN,ICICIBANK.NS,23.79,972.03,81.84,2,973.72,1.69,0.17,0.0,n/a,Normal market alignment.
2026-01-30,ICICI_BANK,IBN,ICICIBANK.NS,23.65,965.6,81.81,2,967.62,2.02,0.21,0.0,n/a,Normal market alignment.
2026-02-02,ICICI_BANK,IBN,ICICIBANK.NS,22.73,938.12,81.8,2,929.68,-8.44,-0.9,0.0,n/a,Normal market alignment.
2026-02-03,ICICI_BANK,IBN,ICICIBANK.NS,22.78,945.77,81.83,2,931.98,-13.79,-1.46,0.0,n/a,Normal market alignment.
2026-02-04,ICICI_BANK,IBN,ICICIBANK.NS,22.72,945.93,81.83,2,929.72,-16.2,-1.71,4.5,offline,"Offline insight: ICICI_BANK ADR-implied price is at a 1.71% discount to its NSE close, consistent with overnight US trading and FX movement."
2026-02-05,ICICI_BANK,IBN,ICICIBANK.NS,23.16,959.27,81.84,2,947.9,-11.37,-1.19,0.0,n/a,Normal market alignment.
2026-02-06,ICICI_BANK,IBN,ICICIBANK.NS,23.17,956.61,81.87,2,948.58,-8.03,-0.84,0.0,n/a,Normal market alignment.
2026-02-09,ICICI_BANK,IBN,ICICIBANK.NS,22.74,933.91,81.86,2,930.86,-3.05,-0.33,0.0,n/a,Normal market alignment.
2026-02-10,ICICI_BANK,IBN,ICICIBANK.NS,22.66,925.4,81.89,2,927.88,2.48,0.27,0.0,n/a,Normal market alignment.
2026-02-11,ICICI_BANK,IBN,ICICIBANK.NS,21.96,899.91,81.9,2,899.24,-0.67,-0.07,0.0,n/a,Normal market alignment.
2026-02-12,ICICI_BANK,IBN,ICICIBANK.NS,21.57,882.82,81.85,2,882.65,-0.17,-0.02,0.0,n/a,Normal market alignment.
2026-02-13,ICICI_BANK,IBN,ICICIBANK.NS,21.78,898.96,81.91,2,891.97,-6.99,-0.78,0.0,n/a,Normal market alignment.
2026-02-16,ICICI_BANK,IBN,ICICIBANK.NS,21.7,901.41,81.89,2,888.72,-12.69,-1.41,0.0,n/a,Normal market alignment.
2026-02-17,ICICI_BANK,IBN,ICICIBANK.NS,22.01,917.95,81.83,2,900.57,-17.38,-1.89,-0.5,offline,"Offline insight: ICICI_BANK ADR-implied price is at a 1.89% discount to its NSE close, consistent with overnight US trading and FX movement."
2026-02-18,ICICI_BANK,IBN,ICICIBANK.NS,21.37,879.83,81.79,2,873.83,-6.0,-0.68,0.0,n/a,Normal market alignment.
2026-02-19,ICICI_BANK,IBN,ICICIBANK.NS,21.3,876.15,81.75,2,870.49,-5.66,-0.65,0.0,n/a,Normal market alignment.
2026-02-20,ICICI_BANK,IBN,ICICIBANK.NS,21.15,879.5,81.75,2,864.58,-14.93,-1.7,-3.7,offline,"Offline insight: ICICI_BANK ADR-implied price is at a 1.70% discount to its NSE close, consistent with overnight US trading and FX movement."
2026-02-23,ICICI_BANK,IBN,ICICIBANK.NS,21.46,886.54,81.74,2,877.12,-9.42,-1.06,0.0,n/a,Normal market alignment.
2026-02-24,ICICI_BANK,IBN,ICICIBANK.NS,21.68,899.7,81.73,2,886.1,-13.6,-1.51,-0.1,offline,"Offline insight: ICICI_BANK ADR-implied price is at a 1.51% discount to its NSE close, consistent with overnight US trading and FX movement."
2026-02-25,ICICI_BANK,IBN,ICICIBANK.NS,21.9,892.91,81.75,2,895.19,2.28,0.26,0.0,n/a,Normal market alignment.
2026-02-26,ICICI_BANK,IBN,ICICIBANK.NS,22.41,918.63,81.77,2,916.32,-2.32,-0.25,0.0,n/a,Normal market alignment.
2026-02-27,ICICI_BANK,IBN,ICICIBANK.NS,22.3,908.73,81.78,2,911.69,2.96,0.33,0.0,n/a,Normal market alignment.
2026-03-02,ICICI_BANK,IBN,ICICIBANK.NS,22.75,921.59,81.8,2,930.42,8.83,0.96,0.0,n/a,Normal market alignment.
2026-03-03,ICICI_BANK,IBN,ICICIBANK.NS,22.4,917.27,81.83,2,916.41,-0.86,-0.09,0.0,n/a,Normal market alignment.
2026-03-04,ICICI_BANK,IBN,ICICIBANK.NS,22.04,900.93,81.74,2,900.91,-0.03,-0.0,0.0,n/a,Normal market alignment.
2026-03-05,ICICI_BANK,IBN,ICICIBANK.NS,22.3,907.7,81.73,2,911.2,3.5,0.39,0.0,n/a,Normal market alignment.
2026-03-06,ICICI_BANK,IBN,ICICIBANK.NS,21.8,887.2,81.64,2,889.97,2.77,0.31,0.0,n/a,Normal market alignment.
2026-03-09,ICICI_BANK,IBN,ICICIBANK.NS,22.0,893.97,81.64,2,897.91,3.93,0.44,0.0,n/a,Normal market alignment.
2026-03-10,ICICI_BANK,IBN,ICICIBANK.NS,22.04,905.59,81.65,2,899.55,-6.04,-0.67,0.0,n/a,Normal market alignment.
2026-03-11,ICICI_BANK,IBN,ICICIBANK.NS,22.4,914.87,81.69,2,914.76,-0.11,-0.01,0.0,n/a,Normal market alignment.
2026-03-12,ICICI_BANK,IBN,ICICIBANK.NS,22.38,917.95,81.74,2,914.76,-3.19,-0.35,0.0,n/a,Normal market alignment.
2026-03-13,ICICI_BANK,IBN,ICICIBANK.NS,22.41,915.58,81.75,2,915.91,0.33,0.04,0.0,n/a,Normal market alignment.
2026-03-16,ICICI_BANK,IBN,ICICIBANK.NS,22.59,916.86,81.73,2,922.96,6.1,0.67,0.0,n/a,Normal market alignment.
2026-03-17,ICICI_BANK,IBN,ICICIBANK.NS,22.37,906.43,81.75,2,914.3,7.86,0.87,0.0,n/a,Normal market alignment.
2026-03-18,ICICI_BANK,IBN,ICICIBANK.NS,22.14,897.8,81.73,2,904.66,6.86,0.76,0.0,n/a,Normal market alignment.
2026-03-19,ICICI_BANK,IBN,ICICIBANK.NS,22.3,903.18,81.73,2,911.38,8.2,0.91,0.0,n/a,Normal market alignment.
2026-03-20,ICICI_BANK,IBN,ICICIBANK.NS,22.3,902.44,81.77,2,911.71,9.27,1.03,0.0,n/a,Normal market alignment.
2026-03-23,ICICI_BANK,IBN,ICICIBANK.NS,22.17,891.35,81.75,2,906.17,14.82,1.66,-3.5,offline,"Offline insight: ICICI_BANK ADR-implied price is at a 1.66% premium to its NSE close, consistent with overnight US trading and FX movement."
2026-03-24,ICICI_BANK,IBN,ICICIBANK.NS,22.15,896.95,81.78,2,905.69,8.74,0.97,0.0,n/a,Normal market alignment.
2026-03-25,ICICI_BANK,IBN,ICICIBANK.NS,22.69,921.5,81.81,2,927.94,6.44,0.7,0.0,n/a,Normal market alignment.
2026-03-26,ICICI_BANK,IBN,ICICIBANK.NS,22.54,911.86,81.77,2,921.63,9.77,1.07,0.0,n/a,Normal market alignment.
2026-03-27,ICICI_BANK,IBN,ICICIBANK.NS,22.39,913.09,81.81,2,915.83,2.74,0.3,0.0,n/a,Normal market alignment.
2026-03-30,ICICI_BANK,IBN,ICICIBANK.NS,21.82,899.76,81.84,2,892.97,-6.79,-0.75,0.0,n/a,Normal market alignment.
2026-03-31,ICICI_BANK,IBN,ICICIBANK.NS,21.81,893.68,81.85,2,892.72,-0.96,-0.11,0.0,n/a,Normal market alignment.
2026-04-01,ICICI_BANK,IBN,ICICIBANK.NS,22.04,903.35,81.82,2,901.46,-1.89,-0.21,0.0,n/a,Normal market alignment.
2026-04-02,ICICI_BANK,IBN,ICICIBANK.NS,22.32,921.61,81.78,2,912.67,-8.94,-0.97,0.0,n/a,Normal market alignment.
2026-04-03,ICICI_BANK,IBN,ICICIBANK.NS,22.36,916.32,81.76,2,914.19,-2.13,-0.23,0.0,n/a,Normal market alignment.
2026-04-06,ICICI_BANK,IBN,ICICIBANK.NS,22.69,919.9,81.79,2,927.83,7.94,0.86,0.0,n/a,Normal market alignment.
2026-04-07,ICICI_BANK,IBN,ICICIBANK.NS,22.95,943.74,81.75,2,937.86,-5.88,-0.62,0.0,n/a,Normal market alignment.
2026-04-08,ICICI_BANK,IBN,ICICIBANK.NS,23.34,950.76,81.77,2,954.01,3.25,0.34,0.0,n/a,Normal market alignment.
2026-04-09,ICICI_BANK,IBN,ICICIBANK.NS,23.69,983.25,81.72,2,967.81,-15.45,-1.57,0.4,offline,"Offline insight: ICICI_BANK ADR-implied price is at a 1.57% discount to its NSE close, consistent with overnight US trading and FX movement."
2026-04-10,ICICI_BANK,IBN,ICICIBANK.NS,24.25,1003.07,81.71,2,990.8,-12.27,-1.22,0.0,n/a,Normal market alignment.
2026-04-13,ICICI_BANK,IBN,ICICIBANK.NS,24.2,983.19,81.72,2,988.64,5.45,0.55,0.0,n/a,Normal market alignment.
2026-04-14,ICICI_BANK,IBN,ICICIBANK.NS,23.72,969.43,81.81,2,970.43,1.0,0.1,0.0,n/a,Normal market alignment.
2026-04-15,ICICI_BANK,IBN,ICICIBANK.NS,23.97,978.52,81.76,2,979.74,1.22,0.12,0.0,n/a,Normal market alignment.
2026-04-16,ICICI_BANK,IBN,ICICIBANK.NS,24.25,986.22,81.82,2,992.23,6.0,0.61,0.0,n/a,Normal market alignment.
2026-04-17,ICICI_BANK,IBN,ICICIBANK.NS,24.83,1024.55,81.83,2,1015.98,-8.57,-0.84,0.0,n/a,Normal market alignment.
2026-04-20,ICICI_BANK,IBN,ICICIBANK.NS,25.32,1040.73,81.84,2,1036.03,-4.7,-0.45,0.0,n/a,Normal market alignment.
2026-04-21,ICICI_BANK,IBN,ICICIBANK.NS,26.06,1069.06,81.85,2,1066.65,-2.41,-0.23,0.0,n/a,Normal market alignment.
2026-04-22,ICICI_BANK,IBN,ICICIBANK.NS,26.31,1064.7,81.87,2,1077.14,12.44,1.17,0.0,n/a,Normal market alignment.
2026-04-23,ICICI_BANK,IBN,ICICIBANK.NS,26.41,1082.87,81.86,2,1081.09,-1.78,-0.16,0.0,n/a,Normal market alignment.
2026-04-24,ICICI_BANK,IBN,ICICIBANK.NS,25.87,1063.61,81.92,2,1059.72,-3.89,-0.37,0.0,n/a,Normal market alignment.
2026-04-27,ICICI_BANK,IBN,ICICIBANK.NS,26.0,1074.04,81.91,2,1064.71,-9.34,-0.87,0.0,n/a,Normal market alignment.
2026-04-28,ICICI_BANK,IBN,ICICIBANK.NS,25.79,1070.13,81.95,2,1056.8,-13.33,-1.25,0.0,n/a,Normal market alignment.
2026-04-29,ICICI_BANK,IBN,ICICIBANK.NS,25.88,1059.71,81.93,2,1060.15,0.44,0.04,0.0,n/a,Normal market alignment.
2026-04-30,ICICI_BANK,IBN,ICICIBANK.NS,25.91,1060.85,81.93,2,1061.32,0.46,0.04,0.0,n/a,Normal market alignment.
2026-05-01,ICICI_BANK,IBN,ICICIBANK.NS,26.1,1072.49,81.88,2,1068.6,-3.89,-0.36,0.0,n/a,Normal market alignment.
2026-05-04,ICICI_BANK,IBN,ICICIBANK.NS,26.07,1073.84,81.9,2,1067.61,-6.23,-0.58,0.0,n/a,Normal market alignment.
2026-05-05,ICICI_BANK,IBN,ICICIBANK.NS,26.44,1091.79,81.96,2,1083.68,-8.1,-0.74,0.0,n/a,Normal market alignment.
2026-05-06,ICICI_BANK,IBN,ICICIBANK.NS,25.37,1047.86,81.96,2,1039.71,-8.14,-0.78,0.0,n/a,Normal market alignment.
2026-05-07,ICICI_BANK,IBN,ICICIBANK.NS,25.45,1057.19,81.95,2,1042.9,-14.29,-1.35,0.0,n/a,Normal market alignment.
2026-05-08,ICICI_BANK,IBN,ICICIBANK.NS,25.92,1072.1,81.91,2,1061.46,-10.63,-0.99,0.0,n/a,Normal market alignment.
2026-05-11,ICICI_BANK,IBN,ICICIBANK.NS,26.65,1100.76,81.9,2,1091.45,-9.32,-0.85,0.0,n/a,Normal market alignment.
2026-05-12,ICICI_BANK,IBN,ICICIBANK.NS,26.95,1114.48,81.84,2,1102.91,-11.57,-1.04,0.0,n/a,Normal market alignment.
2026-05-13,ICICI_BANK,IBN,ICICIBANK.NS,27.64,1136.47,81.8,2,1130.63,-5.85,-0.51,0.0,n/a,Normal market alignment.
2026-05-14,ICICI_BANK,IBN,ICICIBANK.NS,27.72,1135.57,81.81,2,1133.97,-1.6,-0.14,0.0,n/a,Normal market alignment.
2026-05-15,ICICI_BANK,IBN,ICICIBANK.NS,27.73,1140.51,81.87,2,1135.1,-5.41,-0.47,0.0,n/a,Normal market alignment.
2026-05-18,ICICI_BANK,IBN,ICICIBANK.NS,27.96,1150.48,81.98,2,1146.04,-4.43,-0.39,0.0,n/a,Normal market alignment.
2026-05-19,ICICI_BANK,IBN,ICICIBANK.NS,27.97,1131.54,81.96,2,1146.02,14.48,1.28,0.0,n/a,Normal market alignment.
2026-05-20,ICICI_BANK,IBN,ICICIBANK.NS,27.65,1108.75,82.02,2,1133.72,24.97,2.25,-0.5,offline,"Offline insight: ICICI_BANK ADR-implied price is at a 2.25% premium to its NSE close, consistent with overnight US trading and FX movement."
2026-05-21,ICICI_BANK,IBN,ICICIBANK.NS,27.44,1118.58,82.03,2,1125.45,6.86,0.61,0.0,n/a,Normal market alignment.
2026-05-22,ICICI_BANK,IBN,ICICIBANK.NS,26.99,1109.96,82.02,2,1106.94,-3.02,-0.27,0.0,n/a,Normal market alignment.
2026-05-25,ICICI_BANK,IBN,ICICIBANK.NS,27.21,1126.49,82.04,2,1116.29,-10.19,-0.9,0.0,n/a,Normal market alignment.
2026-05-26,ICICI_BANK,IBN,ICICIBANK.NS,27.23,1114.67,82.04,2,1116.87,2.2,0.2,0.0,n/a,Normal market alignment.
2026-05-27,ICICI_BANK,IBN,ICICIBANK.NS,27.09,1113.03,82.05,2,1111.24,-1.79,-0.16,0.0,n/a,Normal market alignment.
2026-05-28,ICICI_BANK,IBN,ICICIBANK.NS,26.86,1101.14,82.03,2,1101.92,0.79,0.07,0.0,n/a,Normal market alignment.
2026-05-29,ICICI_BANK,IBN,ICICIBANK.NS,27.08,1094.09,81.98,2,1109.86,15.76,1.44,0.0,n/a,Normal market alignment.
2026-06-01,ICICI_BANK,IBN,ICICIBANK.NS,27.4,1112.81,81.92,2,1122.35,9.54,0.86,0.0,n/a,Normal market alignment.
2026-06-02,ICICI_BANK,IBN,ICICIBANK.NS,26.95,1093.0,81.95,2,1104.02,11.02,1.01,0.0,n/a,Normal market alignment.
2026-06-03,ICICI_BANK,IBN,ICICIBANK.NS,26.43,1072.5,81.94,2,1082.89,10.4,0.97,0.0,n/a,Normal market alignment.
2026-06-04,ICICI_BANK,IBN,ICICIBANK.NS,26.82,1096.55,81.91,2,1098.42,1.86,0.17,0.0,n/a,Normal market alignment.
2026-06-05,ICICI_BANK,IBN,ICICIBANK.NS,26.27,1067.11,81.91,2,1076.11,9.0,0.84,0.0,n/a,Normal market alignment.
2026-06-08,ICICI_BANK,IBN,ICICIBANK.NS,26.5,1086.67,81.95,2,1085.7,-0.96,-0.09,0.0,n/a,Normal market alignment.
2026-06-09,ICICI_BANK,IBN,ICICIBANK.NS,27.15,1102.72,81.96,2,1112.47,9.76,0.88,0.0,n/a,Normal market alignment.
2026-06-10,ICICI_BANK,IBN,ICICIBANK.NS,27.82,1138.11,81.93,2,1139.47,1.36,0.12,0.0,n/a,Normal market alignment.
2026-06-11,ICICI_BANK,IBN,ICICIBANK.NS,28.13,1156.17,81.98,2,1153.13,-3.04,-0.26,0.0,n/a,Normal market alignment.
2026-06-12,ICICI_BANK,IBN,ICICIBANK.NS,28.44,1177.48,82.04,2,1166.65,-10.83,-0.92,0.0,n/a,Normal market alignment.
2026-06-15,ICICI_BANK,IBN,ICICIBANK.NS,29.41,1221.35,82.06,2,1206.71,-14.64,-1.2,0.0,n/a,Normal market alignment.
2026-06-16,ICICI_BANK,IBN,ICICIBANK.NS,28.39,1177.37,82.1,2,1165.39,-11.99,-1.02,0.0,n/a,Normal market alignment.
2026-06-17,ICICI_BANK,IBN,ICICIBANK.NS,28.2,1185.76,82.16,2,1158.34,-27.42,-2.31,3.9,offline,"Offline insight: ICICI_BANK ADR-implied price is at a 2.31% discount to its NSE close, consistent with overnight US trading and FX movement."
2026-06-18,ICICI_BANK,IBN,ICICIBANK.NS,28.57,1192.58,82.2,2,1174.09,-18.5,-1.55,-3.6,offline,"Offline insight: ICICI_BANK ADR-implied price is at a 1.55% discount to its NSE close, consistent with overnight US trading and FX movement."
2026-06-19,ICICI_BANK,IBN,ICICIBANK.NS,28.43,1184.09,82.23,2,1168.86,-15.23,-1.29,0.0,n/a,Normal market alignment.
2026-06-22,ICICI_BANK,IBN,ICICIBANK.NS,28.97,1193.92,82.25,2,1191.31,-2.61,-0.22,0.0,n/a,Normal market alignment.
2026-06-23,ICICI_BANK,IBN,ICICIBANK.NS,28.96,1189.32,82.27,2,1191.28,1.96,0.16,0.0,n/a,Normal market alignment.
2026-06-24,ICICI_BANK,IBN,ICICIBANK.NS,29.02,1198.12,82.23,2,1193.37,-4.75,-0.4,0.0,n/a,Normal market alignment.
2026-06-25,ICICI_BANK,IBN,ICICIBANK.NS,28.91,1195.91,82.26,2,1189.23,-6.68,-0.56,0.0,n/a,Normal market alignment.
2026-06-26,ICICI_BANK,IBN,ICICIBANK.NS,28.7,1185.42,82.21,2,1179.5,-5.92,-0.5,0.0,n/a,Normal market alignment.
2026-06-29,ICICI_BANK,IBN,ICICIBANK.NS,28.47,1161.14,82.18,2,1169.74,8.6,0.74,0.0,n/a,Normal market alignment.
2026-06-30,ICICI_BANK,IBN,ICICIBANK.NS,28.59,1177.15,82.23,2,1175.61,-1.55,-0.13,0.0,n/a,Normal market alignment.
2026-07-01,ICICI_BANK,IBN,ICICIBANK.NS,28.27,1169.6,82.26,2,1162.79,-6.81,-0.58,0.0,n/a,Normal market alignment.
2026-07-02,ICICI_BANK,IBN,ICICIBANK.NS,28.68,1194.24,82.32,2,1180.63,-13.61,-1.14,0.0,n/a,Normal market alignment.
2026-07-03,ICICI_BANK,IBN,ICICIBANK.NS,28.97,1213.29,82.31,2,1192.41,-20.88,-1.72,-4.2,offline,"Offline insight: ICICI_BANK ADR-implied price is at a 1.72% discount to its NSE close, consistent with overnight US trading and FX movement."
2026-07-06,ICICI_BANK,IBN,ICICIBANK.NS,29.46,1221.76,82.27,2,1211.77,-9.99,-0.82,0.0,n/a,Normal market alignment.
2026-07-07,ICICI_BANK,IBN,ICICIBANK.NS,28.97,1195.66,82.26,2,1191.49,-4.17,-0.35,0.0,n/a,Normal market alignment.
2026-07-08,ICICI_BANK,IBN,ICICIBANK.NS,28.24,1153.6,82.27,2,1161.54,7.95,0.69,0.0,n/a,Normal market alignment.
2026-07-09,ICICI_BANK,IBN,ICICIBANK.NS,28.25,1148.76,82.27,2,1161.88,13.12,1.14,0.0,n/a,Normal market alignment.
2026-07-10,ICICI_BANK,IBN,ICICIBANK.NS,29.48,1185.41,82.32,2,1213.43,28.02,2.36,-0.4,offline,"Offline insight: ICICI_BANK ADR-implied price is at a 2.36% premium to its NSE close, consistent with overnight US trading and FX movement."
2026-07-13,ICICI_BANK,IBN,ICICIBANK.NS,30.05,1219.97,82.3,2,1236.64,16.67,1.37,0.0,n/a,Normal market alignment.
2026-07-14,ICICI_BANK,IBN,ICICIBANK.NS,29.81,1219.18,82.32,2,1226.95,7.77,0.64,0.0,n/a,Normal market alignment.
2026-07-15,ICICI_BANK,IBN,ICICIBANK.NS,30.01,1241.1,82.28,2,1234.55,-6.55,-0.53,0.0,n/a,Normal market alignment.
2026-07-16,ICICI_BANK,IBN,ICICIBANK.NS,30.35,1246.55,82.3,2,1248.68,2.13,0.17,0.0,n/a,Normal market alignment.
2026-07-17,ICICI_BANK,IBN,ICICIBANK.NS,29.73,1221.18,82.3,2,1223.45,2.27,0.19,0.0,n/a,Normal market alignment.
2026-07-20,ICICI_BANK,IBN,ICICIBANK.NS,30.35,1241.47,82.27,2,1248.51,7.04,0.57,0.0,n/a,Normal market alignment.
2026-07-21,ICICI_BANK,IBN,ICICIBANK.NS,30.28,1251.34,82.26,2,1245.62,-5.72,-0.46,0.0,n/a,Normal market alignment.
2026-07-22,ICICI_BANK,IBN,ICICIBANK.NS,30.25,1244.55,82.26,2,1244.2,-0.35,-0.03,0.0,n/a,Normal market alignment.
2026-07-23,ICICI_BANK,IBN,ICICIBANK.NS,30.27,1243.29,82.25,2,1244.87,1.58,0.13,0.0,n/a,Normal market alignment.
2026-07-24,ICICI_BANK,IBN,ICICIBANK.NS,30.8,1265.53,82.32,2,1267.72,2.19,0.17,0.0,n/a,Normal market alignment.
2026-07-27,ICICI_BANK,IBN,ICICIBANK.NS,30.46,1258.41,82.31,2,1253.7,-4.71,-0.37,0.0,n/a,Normal market alignment.
2026-07-28,ICICI_BANK,IBN,ICICIBANK.NS,29.69,1214.46,82.31,2,1221.84,7.38,0.61,0.0,n/a,Normal market alignment.
2026-07-29,ICICI_BANK,IBN,ICICIBANK.NS,29.84,1205.2,82.22,2,1226.89,21.69,1.8,-6.3,offline,"Offline insight: ICICI_BANK ADR-implied price is at a 1.80% premium to its NSE close, consistent with overnight US trading and FX movement."
2026-07-30,ICICI_BANK,IBN,ICICIBANK.NS,28.94,1185.56,82.19,2,1189.15,3.59,0.3,0.0,n/a,Normal market alignment.
2026-07-31,ICICI_BANK,IBN,ICICIBANK.NS,28.82,1175.93,82.18,2,1184.0,8.07,0.69,0.0,n/a,Normal market alignment.
2026-08-03,ICICI_BANK,IBN,ICICIBANK.NS,29.34,1224.67,82.15,2,1205.04,-19.63,-1.6,-3.8,offline,"Offline insight: ICICI_BANK ADR-implied price is at a 1.60% discount to its NSE close, consistent with overnight US trading and FX movement."
2026-08-04,ICICI_BANK,IBN,ICICIBANK.NS,29.6,1222.74,82.21,2,1216.7,-6.04,-0.49,0.0,n/a,Normal market alignment.
2026-08-05,ICICI_BANK,IBN,ICICIBANK.NS,30.07,1256.17,82.2,2,1236.01,-20.17,-1.61,-2.0,offline,"Offline insight: ICICI_BANK ADR-implied price is at a 1.61% discount to its NSE close, consistent with overnight US trading and FX movement."
2026-08-06,ICICI_BANK,IBN,ICICIBANK.NS,30.36,1265.52,82.26,2,1248.68,-16.84,-1.33,0.0,n/a,Normal market alignment.
2026-08-07,ICICI_BANK,IBN,ICICIBANK.NS,31.47,1316.87,82.26,2,1294.25,-22.62,-1.72,-0.2,offline,"Offline insight: ICICI_BANK ADR-implied price is at a 1.72% discount to its NSE close, consistent with overnight US trading and FX movement."
2026-08-10,ICICI_BANK,IBN,ICICIBANK.NS,31.2,1298.6,82.26,2,1283.26,-15.34,-1.18,0.0,n/a,Normal market alignment.
2026-08-11,ICICI_BANK,IBN,ICICIBANK.NS,31.4,1292.84,82.26,2,1291.27,-1.57,-0.12,0.0,n/a,Normal market alignment.
2026-08-12,ICICI_BANK,IBN,ICICIBANK.NS,31.2,1301.05,82.26,2,1283.19,-17.87,-1.37,0.0,n/a,Normal market alignment.
2026-08-13,ICICI_BANK,IBN,ICICIBANK.NS,31.66,1317.26,82.33,2,1303.09,-14.17,-1.08,0.0,n/a,Normal market alignment.
2026-08-14,ICICI_BANK,IBN,ICICIBANK.NS,31.64,1314.03,82.24,2,1300.83,-13.2,-1.0,0.0,n/a,Normal market alignment.
2026-08-17,ICICI_BANK,IBN,ICICIBANK.NS,32.46,1326.79,82.16,2,1333.47,6.69,0.5,0.0,n/a,Normal market alignment.
2026-08-18,ICICI_BANK,IBN,ICICIBANK.NS,32.21,1314.97,82.14,2,1322.92,7.95,0.6,0.0,n/a,Normal market alignment.
2026-08-19,ICICI_BANK,IBN,ICICIBANK.NS,32.9,1357.53,82.14,2,1351.27,-6.26,-0.46,0.0,n/a,Normal market alignment.
2026-08-20,ICICI_BANK,IBN,ICICIBANK.NS,33.2,1372.5,82.17,2,1364.17,-8.33,-0.61,0.0,n/a,Normal market alignment.
2026-08-21,ICICI_BANK,IBN,ICICIBANK.NS,33.2,1354.42,82.19,2,1364.25,9.82,0.73,0.0,n/a,Normal market alignment.
2026-08-24,ICICI_BANK,IBN,ICICIBANK.NS,33.48,1362.77,82.17,2,1375.52,12.74,0.94,0.0,n/a,Normal market alignment.
2026-08-25,ICICI_BANK,IBN,ICICIBANK.NS,33.62,1383.15,82.22,2,1382.02,-1.13,-0.08,0.0,n/a,Normal market alignment.
2026-08-26,ICICI_BANK,IBN,ICICIBANK.NS,33.81,1393.82,82.26,2,1390.53,-3.29,-0.24,0.0,n/a,Normal market alignment.
2026-08-27,ICICI_BANK,IBN,ICICIBANK.NS,33.71,1391.03,82.27,2,1386.77,-4.26,-0.31,0.0,n/a,Normal market alignment.
2026-08-28,ICICI_BANK,IBN,ICICIBANK.NS,33.37,1380.99,82.31,2,1373.25,-7.74,-0.56,0.0,n/a,Normal market alignment.
2026-08-31,ICICI_BANK,IBN,ICICIBANK.NS,33.21,1388.25,82.32,2,1366.96,-21.29,-1.53,-3.2,offline,"Offline insight: ICICI_BANK ADR-implied price is at a 1.53% discount to its NSE close, consistent with overnight US trading and FX movement."
2026-09-01,ICICI_BANK,IBN,ICICIBANK.NS,32.38,1351.35,82.3,2,1332.51,-18.84,-1.39,0.0,n/a,Normal market alignment.
2026-09-02,ICICI_BANK,IBN,ICICIBANK.NS,32.8,1348.38,82.33,2,1350.21,1.83,0.14,0.0,n/a,Normal market alignment.
2026-09-03,ICICI_BANK,IBN,ICICIBANK.NS,32.2,1328.15,82.33,2,1325.69,-2.46,-0.19,0.0,n/a,Normal market alignment.
2026-09-04,ICICI_BANK,IBN,ICICIBANK.NS,32.11,1324.21,82.33,2,1321.78,-2.43,-0.18,0.0,n/a,Normal market alignment.
2026-09-07,ICICI_BANK,IBN,ICICIBANK.NS,32.43,1336.15,82.39,2,1335.99,-0.16,-0.01,0.0,n/a,Normal market alignment.
2026-09-08,ICICI_BANK,IBN,ICICIBANK.NS,32.85,1331.05,82.29,2,1351.62,20.57,1.55,0.8,offline,"Offline insight: ICICI_BANK ADR-implied price is at a 1.55% premium to its NSE close, consistent with overnight US trading and FX movement."
2026-09-09,ICICI_BANK,IBN,ICICIBANK.NS,31.98,1302.99,82.24,2,1315.16,12.16,0.93,0.0,n/a,Normal market alignment.
2026-09-10,ICICI_BANK,IBN,ICICIBANK.NS,31.95,1295.82,82.19,2,1313.0,17.18,1.33,0.0,n/a,Normal market alignment.
2026-09-11,ICICI_BANK,IBN,ICICIBANK.NS,32.18,1317.26,82.18,2,1322.23,4.96,0.38,0.0,n/a,Normal market alignment.
2026-09-14,ICICI_BANK,IBN,ICICIBANK.NS,32.21,1322.92,82.17,2,1323.51,0.59,0.04,0.0,n/a,Normal market alignment.
2026-09-15,ICICI_BANK,IBN,ICICIBANK.NS,32.87,1349.14,82.11,2,1349.61,0.48,0.04,0.0,n/a,Normal market alignment.
2026-09-16,ICICI_BANK,IBN,ICICIBANK.NS,32.48,1339.73,82.07,2,1332.76,-6.97,-0.52,0.0,n/a,Normal market alignment.
2026-09-17,ICICI_BANK,IBN,ICICIBANK.NS,31.49,1297.57,82.04,2,1291.67,-5.9,-0.45,0.0,n/a,Normal market alignment.
2026-09-18,ICICI_BANK,IBN,ICICIBANK.NS,31.88,1304.79,82.14,2,1309.34,4.55,0.35,0.0,n/a,Normal market alignment.
2026-09-21,ICICI_BANK,IBN,ICICIBANK.NS,31.63,1304.92,82.21,2,1300.34,-4.58,-0.35,0.0,n/a,Normal market alignment.
2026-09-22,ICICI_BANK,IBN,ICICIBANK.NS,30.81,1268.86,82.2,2,1266.19,-2.67,-0.21,0.0,n/a,Normal market alignment.
2026-09-23,ICICI_BANK,IBN,ICICIBANK.NS,30.75,1258.7,82.18,2,1263.35,4.65,0.37,0.0,n/a,Normal market alignment.
2026-09-24,ICICI_BANK,IBN,ICICIBANK.NS,31.32,1290.93,82.14,2,1286.35,-4.59,-0.36,0.0,n/a,Normal market alignment.
2026-09-25,ICICI_BANK,IBN,ICICIBANK.NS,30.74,1254.26,82.06,2,1261.2,6.94,0.55,0.0,n/a,Normal market alignment.
2026-09-28,ICICI_BANK,IBN,ICICIBANK.NS,31.82,1300.73,82.06,2,1305.71,4.98,0.38,0.0,n/a,Normal market alignment.
2026-09-29,ICICI_BANK,IBN,ICICIBANK.NS,31.43,1287.61,82.02,2,1289.08,1.47,0.11,0.0,n/a,Normal market alignment.
2026-09-30,ICICI_BANK,IBN,ICICIBANK.NS,31.48,1308.61,82.02,2,1291.11,-17.5,-1.34,0.0,n/a,Normal market alignment.
2026-10-01,ICICI_BANK,IBN,ICICIBANK.NS,30.92,1280.54,81.95,2,1266.92,-13.62,-1.06,0.0,n/a,Normal market alignment.
2026-10-02,ICICI_BANK,IBN,ICICIBANK.NS,30.95,1272.44,81.92,2,1267.63,-4.81,-0.38,0.0,n/a,Normal market alignment.
2026-10-05,ICICI_BANK,IBN,ICICIBANK.NS,30.89,1253.11,81.93,2,1265.58,12.47,0.99,0.0,n/a,Normal market alignment.
2026-10-06,ICICI_BANK,IBN,ICICIBANK.NS,30.21,1225.73,81.95,2,1237.92,12.19,0.99,0.0,n/a,Normal market alignment.
2022-03-31,TATA_MOTORS,TTM,TATAMOTORS.NS,107.45,1762.52,82.01,5,1762.52,0.0,0.0,0.0,n/a,Normal market alignment.
2022-04-01,TATA_MOTORS,TTM,TATAMOTORS.NS,107.92,1793.6,81.97,5,1769.34,-24.26,-1.35,0.0,n/a,Normal market alignment.
2022-04-04,TATA_MOTORS,TTM,TATAMOTORS.NS,109.04,1821.95,82.0,5,1788.36,-33.59,-1.84,-4.9,offline,"Offline insight: TATA_MOTORS ADR-implied price is at a 1.84% discount to its NSE close, consistent with overnight US trading and FX movement."
2022-04-05,TATA_MOTORS,TTM,TATAMOTORS.NS,109.43,1808.05,82.04,5,1795.57,-12.49,-0.69,0.0,n/a,Normal market alignment.
2022-04-06,TATA_MOTORS,TTM,TATAMOTORS.NS,108.02,1781.64,81.97,5,1770.71,-10.94,-0.61,0.0,n/a,Normal market alignment.
2022-04-07,TATA_MOTORS,TTM,TATAMOTORS.NS,107.3,1745.92,81.91,5,1757.83,11.91,0.68,0.0,n/a,Normal market alignment.
2022-04-08,TATA_MOTORS,TTM,TATAMOTORS.NS,106.6,1731.91,81.92,5,1746.47,14.56,0.84,0.0,n/a,Normal market alignment.
2022-04-11,TATA_MOTORS,TTM,TATAMOTORS.NS,105.28,1712.45,81.91,5,1724.67,12.23,0.71,0.0,n/a,Normal market alignment.
2022-04-12,TATA_MOTORS,TTM,TATAMOTORS.NS,105.81,1738.3,81.91,5,1733.31,-4.99,-0.29,0.0,n/a,Normal market alignment.
2022-04-13,TATA_MOTORS,TTM,TATAMOTORS.NS,106.5,1741.0,81.88,5,1744.0,2.99,0.17,0.0,n/a,Normal market alignment.
2022-04-14,TATA_MOTORS,TTM,TATAMOTORS.NS,108.1,1785.02,81.91,5,1770.92,-14.1,-0.79,0.0,n/a,Normal market alignment.
2022-04-15,TATA_MOTORS,TTM,TATAMOTORS.NS,106.74,1741.7,81.94,5,1749.36,7.66,0.44,0.0,n/a,Normal market alignment.
2022-04-18,TATA_MOTORS,TTM,TATAMOTORS.NS,105.85,1725.16,81.95,5,1734.81,9.65,0.56,0.0,n/a,Normal market alignment.
2022-04-19,TATA_MOTORS,TTM,TATAMOTORS.NS,108.35,1781.09,81.99,5,1776.78,-4.31,-0.24,0.0,n/a,Normal market alignment.
2022-04-20,TATA_MOTORS,TTM,TATAMOTORS.NS,108.11,1765.97,82.01,5,1773.36,7.39,0.42,0.0,n/a,Normal market alignment.
2022-04-21,TATA_MOTORS,TTM,TATAMOTORS.NS,108.19,1742.26,81.98,5,1773.97,31.71,1.82,-6.6,offline,"Offline insight: TATA_MOTORS ADR-implied price is at a 1.82% premium to its NSE close, consistent with overnight US trading and FX movement."
2022-04-22,TATA_MOTORS,TTM,TATAMOTORS.NS,107.94,1753.7,82.0,5,1770.18,16.48,0.94,0.0,n/a,Normal market alignment.
2022-04-25,TATA_MOTORS,TTM,TATAMOTORS.NS,109.81,1783.05,81.96,5,1799.98,16.92,0.95,0.0,n/a,Normal market alignment.
2022-04-26,TATA_MOTORS,TTM,TATAMOTORS.NS,111.77,1828.08,81.99,5,1832.96,4.88,0.27,0.0,n/a,Normal market alignment.
2022-04-27,TATA_MOTORS,TTM,TATAMOTORS.NS,113.67,1860.0,81.99,5,1864.1,4.09,0.22,0.0,n/a,Normal market alignment.
2022-04-28,TATA_MOTORS,TTM,TATAMOTORS.NS,113.75,1882.63,81.99,5,1865.25,-17.38,-0.92,0.0,n/a,Normal market alignment.
2022-04-29,TATA_MOTORS,TTM,TATAMOTORS.NS,112.3,1851.07,81.96,5,1840.81,-10.26,-0.55,0.0,n/a,Normal market alignment.
2022-05-02,TATA_MOTORS,TTM,TATAMOTORS.NS,115.57,1901.42,82.01,5,1895.68,-5.74,-0.3,0.0,n/a,Normal market alignment.
2022-05-03,TATA_MOTORS,TTM,TATAMOTORS.NS,117.09,1899.99,82.01,5,1920.48,20.48,1.08,0.0,n/a,Normal market alignment.
2022-05-04,TATA_MOTORS,TTM,TATAMOTORS.NS,116.33,1919.22,81.99,5,1907.52,-11.7,-0.61,0.0,n/a,Normal market alignment.
2022-05-05,TATA_MOTORS,TTM,TATAMOTORS.NS,118.85,1959.54,81.98,5,1948.52,-11.02,-0.56,0.0,n/a,Normal market alignment.
2022-05-06,TATA_MOTORS,TTM,TATAMOTORS.NS,117.93,1923.13,82.0,5,1933.98,10.85,0.56,0.0,n/a,Normal market alignment.
2022-05-09,TATA_MOTORS,TTM,TATAMOTORS.NS,120.46,1972.52,82.01,5,1975.86,3.34,0.17,0.0,n/a,Normal market alignment.
2022-05-10,TATA_MOTORS,TTM,TATAMOTORS.NS,123.17,2021.07,82.03,5,2020.69,-0.37,-0.02,0.0,n/a,Normal market alignment.
2022-05-11,TATA_MOTORS,TTM,TATAMOTORS.NS,121.5,2005.73,82.05,5,1993.81,-11.92,-0.59,0.0,n/a,Normal market alignment.
2022-05-12,TATA_MOTORS,TTM,TATAMOTORS.NS,122.6,2034.47,82.14,5,2013.94,-20.54,-1.01,0.0,n/a,Normal market alignment.
2022-05-13,TATA_MOTORS,TTM,TATAMOTORS.NS,124.07,2076.91,82.12,5,2037.79,-39.12,-1.88,3.1,offline,"Offline insight: TATA_MOTORS ADR-implied price is at a 1.88% discount to its NSE close, consistent with overnight US trading and FX movement."
2022-05-16,TATA_MOTORS,TTM,TATAMOTORS.NS,128.98,2151.62,82.1,5,2117.83,-33.8,-1.57,-2.4,offline,"Offline insight: TATA_MOTORS ADR-implied price is at a 1.57% discount to its NSE close, consistent with overnight US trading and FX movement."
2022-05-17,TATA_MOTORS,TTM,TATAMOTORS.NS,127.58,2128.88,82.07,5,2094.08,-34.81,-1.63,-4.6,offline,"Offline insight: TATA_MOTORS ADR-implied price is at a 1.63% discount to its NSE close, consistent with overnight US trading and FX movement."
2022-05-18,TATA_MOTORS,TTM,TATAMOTORS.NS,130.36,2159.77,82.1,5,2140.37,-19.4,-0.9,0.0,n/a,Normal market alignment.
2022-05-19,TATA_MOTORS,TTM,TATAMOTORS.NS,130.43,2166.4,82.14,5,2142.78,-23.62,-1.09,0.0,n/a,Normal market alignment.
2022-05-20,TATA_MOTORS,TTM,TATAMOTORS.NS,128.04,2124.46,82.14,5,2103.43,-21.03,-0.99,0.0,n/a,Normal market alignment.
2022-05-23,TATA_MOTORS,TTM,TATAMOTORS.NS,127.85,2118.73,82.11,5,2099.44,-19.29,-0.91,0.0,n/a,Normal market alignment.
2022-05-24,TATA_MOTORS,TTM,TATAMOTORS.NS,127.89,2111.58,82.07,5,2099.33,-12.25,-0.58,0.0,n/a,Normal market alignment.
2022-05-25,TATA_MOTORS,TTM,TATAMOTORS.NS,125.9,2082.24,82.1,5,2067.29,-14.95,-0.72,0.0,n/a,Normal market alignment.
2022-05-26,TATA_MOTORS,TTM,TATAMOTORS.NS,126.53,2103.06,82.13,5,2078.37,-24.69,-1.17,0.0,n/a,Normal market alignment.
2022-05-27,TATA_MOTORS,TTM,TATAMOTORS.NS,128.38,2123.12,82.15,5,2109.44,-13.68,-0.64,0.0,n/a,Normal market alignment.
2022-05-30,TATA_MOTORS,TTM,TATAMOTORS.NS,128.88,2109.34,82.13,5,2116.95,7.61,0.36,0.0,n/a,Normal market alignment.
2022-05-31,TATA_MOTORS,TTM,TATAMOTORS.NS,127.87,2094.23,82.14,5,2100.64,6.41,0.31,0.0,n/a,Normal market alignment.
2022-06-01,TATA_MOTORS,TTM,TATAMOTORS.NS,127.62,2101.85,82.15,5,2096.74,-5.11,-0.24,0.0,n/a,Normal market alignment.
2022-06-02,TATA_MOTORS,TTM,TATAMOTORS.NS,127.65,2102.35,82.15,5,2097.47,-4.88,-0.23,0.0,n/a,Normal market alignment.
2022-06-03,TATA_MOTORS,TTM,TATAMOTORS.NS,128.11,2139.55,82.19,5,2105.86,-33.69,-1.57,0.2,offline,"Offline insight: TATA_MOTORS ADR-implied price is at a 1.57% discount to its NSE close, consistent with overnight US trading and FX movement."
2022-06-06,TATA_MOTORS,TTM,TATAMOTORS.NS,130.28,2164.37,82.2,5,2141.81,-22.56,-1.04,0.0,n/a,Normal market alignment.
2022-06-07,TATA_MOTORS,TTM,TATAMOTORS.NS,130.85,2171.59,82.23,5,2151.92,-19.67,-0.91,0.0,n/a,Normal market alignment.
2022-06-08,TATA_MOTORS,TTM,TATAMOTORS.NS,128.14,2132.91,82.23,5,2107.39,-25.53,-1.2,0.0,n/a,Normal market alignment.
2022-06-09,TATA_MOTORS,TTM,TATAMOTORS.NS,127.09,2116.91,82.24,5,2090.56,-26.35,-1.24,0.0,n/a,Normal market alignment.
2022-06-10,TATA_MOTORS,TTM,TATAMOTORS.NS,127.45,2118.97,82.27,5,2097.06,-21.91,-1.03,0.0,n/a,Normal market alignment.
2022-06-13,TATA_MOTORS,TTM,TATAMOTORS.NS,129.64,2129.98,82.21,5,2131.57,1.58,0.07,0.0,n/a,Normal market alignment.
2022-06-14,TATA_MOTORS,TTM,TATAMOTORS.NS,132.2,2155.95,82.2,5,2173.39,17.44,0.81,0.0,n/a,Normal market alignment.
2022-06-15,TATA_MOTORS,TTM,TATAMOTORS.NS,135.76,2235.09,82.18,5,2231.42,-3.67,-0.16,0.0,n/a,Normal market alignment.
2022-06-16,TATA_MOTORS,TTM,TATAMOTORS.NS,136.06,2246.15,82.16,5,2235.79,-10.36,-0.46,0.0,n/a,Normal market alignment.
2022-06-17,TATA_MOTORS,TTM,TATAMOTORS.NS,137.66,2275.93,82.15,5,2261.79,-14.15,-0.62,0.0,n/a,Normal market alignment.
2022-06-20,TATA_MOTORS,TTM,TATAMOTORS.NS,134.7,2210.47,82.21,5,2214.76,4.28,0.19,0.0,n/a,Normal market alignment.
2022-06-21,TATA_MOTORS,TTM,TATAMOTORS.NS,135.61,2223.94,82.18,5,2228.79,4.85,0.22,0.0,n/a,Normal market alignment.
2022-06-22,TATA_MOTORS,TTM,TATAMOTORS.NS,133.46,2190.28,82.22,5,2194.57,4.29,0.2,0.0,n/a,Normal market alignment.
2022-06-23,TATA_MOTORS,TTM,TATAMOTORS.NS,133.38,2180.65,82.15,5,2191.4,10.75,0.49,0.0,n/a,Normal market alignment.
2022-06-24,TATA_MOTORS,TTM,TATAMOTORS.NS,139.48,2294.1,82.14,5,2291.31,-2.79,-0.12,0.0,n/a,Normal market alignment.
2022-06-27,TATA_MOTORS,TTM,TATAMOTORS.NS,140.16,2282.51,82.15,5,2302.64,20.12,0.88,0.0,n/a,Normal market alignment.
2022-06-28,TATA_MOTORS,TTM,TATAMOTORS.NS,138.38,2262.23,82.17,5,2274.17,11.94,0.53,0.0,n/a,Normal market alignment.
2022-06-29,TATA_MOTORS,TTM,TATAMOTORS.NS,139.27,2296.07,82.2,5,2289.58,-6.49,-0.28,0.0,n/a,Normal market alignment.
2022-06-30,TATA_MOTORS,TTM,TATAMOTORS.NS,138.23,2280.95,82.23,5,2273.42,-7.53,-0.33,0.0,n/a,Normal market alignment.
2022-07-01,TATA_MOTORS,TTM,TATAMOTORS.NS,136.28,2226.2,82.22,5,2240.98,14.79,0.66,0.0,n/a,Normal market alignment.
2022-07-04,TATA_MOTORS,TTM,TATAMOTORS.NS,140.62,2309.53,82.2,5,2311.86,2.33,0.1,0.0,n/a,Normal market alignment.
2022-07-05,TATA_MOTORS,TTM,TATAMOTORS.NS,142.91,2333.63,82.24,5,2350.56,16.92,0.73,0.0,n/a,Normal market alignment.
2022-07-06,TATA_MOTORS,TTM,TATAMOTORS.NS,143.7,2363.32,82.23,5,2363.26,-0.06,-0.0,0.0,n/a,Normal market alignment.
2022-07-07,TATA_MOTORS,TTM,TATAMOTORS.NS,142.9,2361.34,82.18,5,2348.64,-12.69,-0.54,0.0,n/a,Normal market alignment.
2022-07-08,TATA_MOTORS,TTM,TATAMOTORS.NS,142.27,2333.89,82.14,5,2337.14,3.25,0.14,0.0,n/a,Normal market alignment.
2022-07-11,TATA_MOTORS,TTM,TATAMOTORS.NS,145.61,2403.57,82.1,5,2390.87,-12.7,-0.53,0.0,n/a,Normal market alignment.
2022-07-12,TATA_MOTORS,TTM,TATAMOTORS.NS,146.32,2396.99,82.12,5,2403.2,6.2,0.26,0.0,n/a,Normal market alignment.
2022-07-13,TATA_MOTORS,TTM,TATAMOTORS.NS,139.6,2283.81,82.13,5,2292.98,9.17,0.4,0.0,n/a,Normal market alignment.
2022-07-14,TATA_MOTORS,TTM,TATAMOTORS.NS,144.71,2386.6,82.16,5,2377.76,-8.85,-0.37,0.0,n/a,Normal market alignment.
2022-07-15,TATA_MOTORS,TTM,TATAMOTORS.NS,145.15,2391.05,82.14,5,2384.53,-6.51,-0.27,0.0,n/a,Normal market alignment.
2022-07-18,TATA_MOTORS,TTM,TATAMOTORS.NS,145.94,2410.95,82.15,5,2397.75,-13.2,-0.55,0.0,n/a,Normal market alignment.
2022-07-19,TATA_MOTORS,TTM,TATAMOTORS.NS,148.36,2440.38,82.17,5,2438.32,-2.06,-0.08,0.0,n/a,Normal market alignment.
2022-07-20,TATA_MOTORS,TTM,TATAMOTORS.NS,149.44,2424.92,82.16,5,2455.73,30.82,1.27,0.0,n/a,Normal market alignment.
2022-07-21,TATA_MOTORS,TTM,TATAMOTORS.NS,151.16,2472.13,82.18,5,2484.57,12.44,0.5,0.0,n/a,Normal market alignment.
2022-07-22,TATA_MOTORS,TTM,TATAMOTORS.NS,150.25,2452.19,82.16,5,2468.76,16.56,0.68,0.0,n/a,Normal market alignment.
2022-07-25,TATA_MOTORS,TTM,TATAMOTORS.NS,147.52,2413.36,82.14,5,2423.56,10.19,0.42,0.0,n/a,Normal market alignment.
2022-07-26,TATA_MOTORS,TTM,TATAMOTORS.NS,148.19,2427.49,82.13,5,2434.05,6.56,0.27,0.0,n/a,Normal market alignment.
2022-07-27,TATA_MOTORS,TTM,TATAMOTORS.NS,151.41,2484.47,82.08,5,2485.63,1.16,0.05,0.0,n/a,Normal market alignment.
2022-07-28,TATA_MOTORS,TTM,TATAMOTORS.NS,149.99,2477.01,82.1,5,2462.84,-14.18,-0.57,0.0,n/a,Normal market alignment.
2022-07-29,TATA_MOTORS,TTM,TATAMOTORS.NS,148.39,2438.81,82.08,5,2436.15,-2.65,-0.11,0.0,n/a,Normal market alignment.
2022-08-01,TATA_MOTORS,TTM,TATAMOTORS.NS,151.16,2488.2,82.09,5,2481.55,-6.65,-0.27,0.0,n/a,Normal market alignment.
2022-08-02,TATA_MOTORS,TTM,TATAMOTORS.NS,150.16,2485.61,82.11,5,2465.88,-19.73,-0.79,0.0,n/a,Normal market alignment.
2022-08-03,TATA_MOTORS,TTM,TATAMOTORS.NS,149.28,2446.28,82.12,5,2452.0,5.72,0.23,0.0,n/a,Normal market alignment.
2022-08-04,TATA_MOTORS,TTM,TATAMOTORS.NS,148.49,2434.73,82.15,5,2439.83,5.1,0.21,0.0,n/a,Normal market alignment.
2022-08-05,TATA_MOTORS,TTM,TATAMOTORS.NS,148.39,2438.92,82.15,5,2438.09,-0.83,-0.03,0.0,n/a,Normal market alignment.
2022-08-08,TATA_MOTORS,TTM,TATAMOTORS.NS,144.94,2359.16,82.13,5,2380.81,21.65,0.92,0.0,n/a,Normal market alignment.
2022-08-09,TATA_MOTORS,TTM,TATAMOTORS.NS,143.81,2379.69,82.13,5,2362.2,-17.48,-0.73,0.0,n/a,Normal market alignment.
2022-08-10,TATA_MOTORS,TTM,TATAMOTORS.NS,144.35,2358.54,82.06,5,2369.16,10.62,0.45,0.0,n/a,Normal market alignment.
2022-08-11,TATA_MOTORS,TTM,TATAMOTORS.NS,144.87,2384.4,82.01,5,2376.15,-8.25,-0.35,0.0,n/a,Normal market alignment.
2022-08-12,TATA_MOTORS,TTM,TATAMOTORS.NS,147.43,2418.05,81.96,5,2416.61,-1.44,-0.06,0.0,n/a,Normal market alignment.
2022-08-15,TATA_MOTORS,TTM,TATAMOTORS.NS,151.55,2493.99,81.92,5,2482.83,-11.16,-0.45,0.0,n/a,Normal market alignment.
2022-08-16,TATA_MOTORS,TTM,TATAMOTORS.NS,155.03,2563.88,81.93,5,2540.43,-23.45,-0.91,0.0,n/a,Normal market alignment.
2022-08-17,TATA_MOTORS,TTM,TATAMOTORS.NS,157.2,2565.42,81.9,5,2574.94,9.52,0.37,0.0,n/a,Normal market alignment.
2022-08-18,TATA_MOTORS,TTM,TATAMOTORS.NS,156.9,2531.0,81.88,5,2569.52,38.52,1.52,-2.5,offline,"Offline insight: TATA_MOTORS ADR-implied price is at a 1.52% premium to its NSE close, consistent with overnight US trading and FX movement."
2022-08-19,TATA_MOTORS,TTM,TATAMOTORS.NS,155.48,2528.75,81.94,5,2547.93,19.18,0.76,0.0,n/a,Normal market alignment.
2022-08-22,TATA_MOTORS,TTM,TATAMOTORS.NS,155.57,2531.5,81.92,5,2548.96,17.46,0.69,0.0,n/a,Normal market alignment.
2022-08-23,TATA_MOTORS,TTM,TATAMOTORS.NS,156.98,2561.45,81.96,5,2573.07,11.62,0.45,0.0,n/a,Normal market alignment.
2022-08-24,TATA_MOTORS,TTM,TATAMOTORS.NS,158.96,2566.34,81.92,5,2604.41,38.07,1.48,0.0,n/a,Normal market alignment.
2022-08-25,TATA_MOTORS,TTM,TATAMOTORS.NS,160.5,2644.88,81.91,5,2629.31,-15.58,-0.59,0.0,n/a,Normal market alignment.
2022-08-26,TATA_MOTORS,TTM,TATAMOTORS.NS,160.25,2626.48,81.87,5,2624.13,-2.35,-0.09,0.0,n/a,Normal market alignment.
2022-08-29,TATA_MOTORS,TTM,TATAMOTORS.NS,162.19,2670.51,81.86,5,2655.48,-15.03,-0.56,0.0,n/a,Normal market alignment.
2022-08-30,TATA_MOTORS,TTM,TATAMOTORS.NS,165.31,2762.53,81.9,5,2707.65,-54.88,-1.99,-1.5,offline,"Offline insight: TATA_MOTORS ADR-implied price is at a 1.99% discount to its NSE close, consistent with overnight US trading and FX movement."
2022-08-31,TATA_MOTORS,TTM,TATAMOTORS.NS,167.54,2782.11,81.83,5,2741.92,-40.19,-1.44,0.0,n/a,Normal market alignment.
2022-09-01,TATA_MOTORS,TTM,TATAMOTORS.NS,167.51,2730.39,81.85,5,2742.04,11.66,0.43,0.0,n/a,Normal market alignment.
2022-09-02,TATA_MOTORS,TTM,TATAMOTORS.NS,165.47,2714.43,81.86,5,2708.92,-5.51,-0.2,0.0,n/a,Normal market alignment.
2022-09-05,TATA_MOTORS,TTM,TATAMOTORS.NS,163.39,2662.65,81.83,5,2674.14,11.49,0.43,0.0,n/a,Normal market alignment.
2022-09-06,TATA_MOTORS,TTM,TATAMOTORS.NS,161.77,2617.04,81.78,5,2645.78,28.74,1.1,0.0,n/a,Normal market alignment.
2022-09-07,TATA_MOTORS,TTM,TATAMOTORS.NS,162.44,2639.74,81.78,5,2656.9,17.16,0.65,0.0,n/a,Normal market alignment.
2022-09-08,TATA_MOTORS,TTM,TATAMOTORS.NS,163.75,2665.11,81.76,5,2677.75,12.64,0.47,0.0,n/a,Normal market alignment.
2022-09-09,TATA_MOTORS,TTM,TATAMOTORS.NS,160.33,2646.33,81.77,5,2622.07,-24.26,-0.92,0.0,n/a,Normal market alignment.
2022-09-12,TATA_MOTORS,TTM,TATAMOTORS.NS,159.16,2630.75,81.77,5,2603.09,-27.66,-1.05,0.0,n/a,Normal market alignment.
2022-09-13,TATA_MOTORS,TTM,TATAMOTORS.NS,159.79,2615.35,81.84,5,2615.45,0.11,0.0,0.0,n/a,Normal market alignment.
2022-09-14,TATA_MOTORS,TTM,TATAMOTORS.NS,157.68,2579.51,81.83,5,2580.67,1.16,0.04,0.0,n/a,Normal market alignment.
2022-09-15,TATA_MOTORS,TTM,TATAMOTORS.NS,158.76,2589.62,81.79,5,2596.98,7.36,0.28,0.0,n/a,Normal market alignment.
2022-09-16,TATA_MOTORS,TTM,TATAMOTORS.NS,158.07,2579.24,81.8,5,2586.04,6.8,0.26,0.0,n/a,Normal market alignment.
2022-09-19,TATA_MOTORS,TTM,TATAMOTORS.NS,156.41,2516.46,81.81,5,2559.06,42.59,1.69,-2.6,offline,"Offline insight: TATA_MOTORS ADR-implied price is at a 1.69% premium to its NSE close, consistent with overnight US trading and FX movement."
2022-09-20,TATA_MOTORS,TTM,TATAMOTORS.NS,156.58,2545.42,81.86,5,2563.6,18.18,0.71,0.0,n/a,Normal market alignment.
2022-09-21,TATA_MOTORS,TTM,TATAMOTORS.NS,157.55,2541.09,81.9,5,2580.54,39.45,1.55,-6.9,offline,"Offline insight: TATA_MOTORS ADR-implied price is at a 1.55% premium to its NSE close, consistent with overnight US trading and FX movement."
2022-09-22,TATA_MOTORS,TTM,TATAMOTORS.NS,155.59,2523.09,81.91,5,2548.94,25.86,1.02,0.0,n/a,Normal market alignment.
2022-09-23,TATA_MOTORS,TTM,TATAMOTORS.NS,155.07,2497.31,81.97,5,2542.28,44.97,1.8,2.6,offline,"Offline insight: TATA_MOTORS ADR-implied price is at a 1.80% premium to its NSE close, consistent with overnight US trading and FX movement."
2022-09-26,TATA_MOTORS,TTM,TATAMOTORS.NS,156.2,2553.73,81.93,5,2559.42,5.7,0.22,0.0,n/a,Normal market alignment.
2022-09-27,TATA_MOTORS,TTM,TATAMOTORS.NS,154.46,2523.53,81.9,5,2530.17,6.64,0.26,0.0,n/a,Normal market alignment.
2022-09-28,TATA_MOTORS,TTM,TATAMOTORS.NS,150.67,2469.84,81.87,5,2466.93,-2.91,-0.12,0.0,n/a,Normal market alignment.
2022-09-29,TATA_MOTORS,TTM,TATAMOTORS.NS,147.24,2409.73,81.85,5,2410.38,0.65,0.03,0.0,n/a,Normal market alignment.
2022-09-30,TATA_MOTORS,TTM,TATAMOTORS.NS,146.36,2373.71,81.8,5,2394.41,20.7,0.87,0.0,n/a,Normal market alignment.
2022-10-03,TATA_MOTORS,TTM,TATAMOTORS.NS,143.51,2330.16,81.82,5,2348.53,18.37,0.79,0.0,n/a,Normal market alignment.
2022-10-04,TATA_MOTORS,TTM,TATAMOTORS.NS,142.81,2306.15,81.82,5,2336.76,30.61,1.33,0.0,n/a,Normal market alignment.
2022-10-05,TATA_MOTORS,TTM,TATAMOTORS.NS,146.42,2386.32,81.76,5,2394.12,7.81,0.33,0.0,n/a,Normal market alignment.
2022-10-06,TATA_MOTORS,TTM,TATAMOTORS.NS,143.43,2353.13,81.72,5,2344.2,-8.93,-0.38,0.0,n/a,Normal market alignment.
2022-10-07,TATA_MOTORS,TTM,TATAMOTORS.NS,142.87,2340.42,81.73,5,2335.35,-5.07,-0.22,0.0,n/a,Normal market alignment.
2022-10-10,TATA_MOTORS,TTM,TATAMOTORS.NS,147.48,2415.56,81.77,5,2411.77,-3.79,-0.16,0.0,n/a,Normal market alignment.
2022-10-11,TATA_MOTORS,TTM,TATAMOTORS.NS,148.43,2435.12,81.85,5,2429.65,-5.46,-0.22,0.0,n/a,Normal market alignment.
2022-10-12,TATA_MOTORS,TTM,TATAMOTORS.NS,147.65,2440.11,81.96,5,2420.45,-19.66,-0.81,0.0,n/a,Normal market alignment.
2022-10-13,TATA_MOTORS,TTM,TATAMOTORS.NS,147.35,2407.44,81.98,5,2416.0,8.56,0.36,0.0,n/a,Normal market alignment.
2022-10-14,TATA_MOTORS,TTM,TATAMOTORS.NS,148.34,2432.13,81.94,5,2431.14,-0.99,-0.04,0.0,n/a,Normal market alignment.
2022-10-17,TATA_MOTORS,TTM,TATAMOTORS.NS,152.16,2467.12,81.86,5,2491.15,24.03,0.97,0.0,n/a,Normal market alignment.
2022-10-18,TATA_MOTORS,TTM,TATAMOTORS.NS,150.99,2457.83,81.87,5,2472.41,14.58,0.59,0.0,n/a,Normal market alignment.
2022-10-19,TATA_MOTORS,TTM,TATAMOTORS.NS,149.32,2424.48,81.84,5,2444.11,19.63,0.81,0.0,n/a,Normal market alignment.
2022-10-20,TATA_MOTORS,TTM,TATAMOTORS.NS,146.28,2373.05,81.82,5,2393.84,20.8,0.88,0.0,n/a,Normal market alignment.
2022-10-21,TATA_MOTORS,TTM,TATAMOTORS.NS,146.55,2398.8,81.8,5,2397.57,-1.23,-0.05,0.0,n/a,Normal market alignment.
2022-10-24,TATA_MOTORS,TTM,TATAMOTORS.NS,143.5,2342.3,81.8,5,2347.61,5.3,0.23,0.0,n/a,Normal market alignment.
2022-10-25,TATA_MOTORS,TTM,TATAMOTORS.NS,142.55,2299.07,81.84,5,2333.22,34.16,1.49,0.0,n/a,Normal market alignment.
2022-10-26,TATA_MOTORS,TTM,TATAMOTORS.NS,140.65,2278.01,81.85,5,2302.32,24.32,1.07,0.0,n/a,Normal market alignment.
2022-10-27,TATA_MOTORS,TTM,TATAMOTORS.NS,142.96,2310.58,81.84,5,2339.96,29.38,1.27,0.0,n/a,Normal market alignment.
2022-10-28,TATA_MOTORS,TTM,TATAMOTORS.NS,141.91,2293.05,81.8,5,2321.67,28.62,1.25,0.0,n/a,Normal market alignment.
2022-10-31,TATA_MOTORS,TTM,TATAMOTORS.NS,142.8,2312.02,81.73,5,2334.3,22.28,0.96,0.0,n/a,Normal market alignment.
2022-11-01,TATA_MOTORS,TTM,TATAMOTORS.NS,139.4,2262.29,81.72,5,2278.32,16.04,0.71,0.0,n/a,Normal market alignment.
2022-11-02,TATA_MOTORS,TTM,TATAMOTORS.NS,139.72,2265.16,81.72,5,2283.47,18.31,0.81,0.0,n/a,Normal market alignment.
2022-11-03,TATA_MOTORS,TTM,TATAMOTORS.NS,137.24,2222.26,81.79,5,2244.91,22.65,1.02,0.0,n/a,Normal market alignment.
2022-11-04,TATA_MOTORS,TTM,TATAMOTORS.NS,136.41,2238.92,81.79,5,2231.42,-7.5,-0.33,0.0,n/a,Normal market alignment.
2022-11-07,TATA_MOTORS,TTM,TATAMOTORS.NS,140.97,2307.88,81.83,5,2307.24,-0.64,-0.03,0.0,n/a,Normal market alignment.
2022-11-08,TATA_MOTORS,TTM,TATAMOTORS.NS,142.99,2343.06,81.81,5,2339.65,-3.41,-0.15,0.0,n/a,Normal market alignment.
2022-11-09,TATA_MOTORS,TTM,TATAMOTORS.NS,142.75,2342.99,81.77,5,2334.52,-8.47,-0.36,0.0,n/a,Normal market alignment.
2022-11-10,TATA_MOTORS,TTM,TATAMOTORS.NS,149.65,2429.34,81.73,5,2446.11,16.77,0.69,0.0,n/a,Normal market alignment.
2022-11-11,TATA_MOTORS,TTM,TATAMOTORS.NS,147.64,2414.83,81.7,5,2412.44,-2.39,-0.1,0.0,n/a,Normal market alignment.
2022-11-14,TATA_MOTORS,TTM,TATAMOTORS.NS,150.26,2483.64,81.79,5,2457.92,-25.72,-1.04,0.0,n/a,Normal market alignment.
2022-11-15,TATA_MOTORS,TTM,TATAMOTORS.NS,146.85,2402.76,81.76,5,2401.21,-1.55,-0.06,0.0,n/a,Normal market alignment.
2022-11-16,TATA_MOTORS,TTM,TATAMOTORS.NS,146.36,2419.15,81.79,5,2394.16,-24.99,-1.03,0.0,n/a,Normal market alignment.
2022-11-17,TATA_MOTORS,TTM,TATAMOTORS.NS,143.44,2392.58,81.76,5,2345.47,-47.12,-1.97,-5.5,offline,"Offline insight: TATA_MOTORS ADR-implied price is at a 1.97% discount to its NSE close, consistent with overnight US trading and FX movement."
2022-11-18,TATA_MOTORS,TTM,TATAMOTORS.NS,144.04,2369.26,81.79,5,2356.32,-12.93,-0.55,0.0,n/a,Normal market alignment.
2022-11-21,TATA_MOTORS,TTM,TATAMOTORS.NS,144.2,2364.6,81.81,5,2359.48,-5.12,-0.22,0.0,n/a,Normal market alignment.
2022-11-22,TATA_MOTORS,TTM,TATAMOTORS.NS,143.58,2344.44,81.81,5,2349.15,4.71,0.2,0.0,n/a,Normal market alignment.
2022-11-23,TATA_MOTORS,TTM,TATAMOTORS.NS,145.98,2392.84,81.8,5,2388.32,-4.52,-0.19,0.0,n/a,Normal market alignment.
2022-11-24,TATA_MOTORS,TTM,TATAMOTORS.NS,144.78,2393.9,81.78,5,2367.99,-25.91,-1.08,0.0,n/a,Normal market alignment.
2022-11-25,TATA_MOTORS,TTM,TATAMOTORS.NS,145.53,2416.61,81.8,5,2380.86,-35.76,-1.48,0.0,n/a,Normal market alignment.
2022-11-28,TATA_MOTORS,TTM,TATAMOTORS.NS,147.37,2436.64,81.78,5,2410.37,-26.27,-1.08,0.0,n/a,Normal market alignment.
2022-11-29,TATA_MOTORS,TTM,TATAMOTORS.NS,144.13,2392.87,81.73,5,2356.08,-36.79,-1.54,-3.9,offline,"Offline insight: TATA_MOTORS ADR-implied price is at a 1.54% discount to its NSE close, consistent with overnight US trading and FX movement."
2022-11-30,TATA_MOTORS,TTM,TATAMOTORS.NS,142.56,2345.51,81.68,5,2328.91,-16.6,-0.71,0.0,n/a,Normal market alignment.
2022-12-01,TATA_MOTORS,TTM,TATAMOTORS.NS,142.72,2349.29,81.69,5,2331.71,-17.58,-0.75,0.0,n/a,Normal market alignment.
2022-12-02,TATA_MOTORS,TTM,TATAMOTORS.NS,144.11,2363.86,81.76,5,2356.3,-7.55,-0.32,0.0,n/a,Normal market alignment.
2022-12-05,TATA_MOTORS,TTM,TATAMOTORS.NS,147.22,2409.46,81.76,5,2407.46,-2.0,-0.08,0.0,n/a,Normal market alignment.
2022-12-06,TATA_MOTORS,TTM,TATAMOTORS.NS,146.79,2394.99,81.76,5,2400.28,5.29,0.22,0.0,n/a,Normal market alignment.
2022-12-07,TATA_MOTORS,TTM,TATAMOTORS.NS,146.14,2378.5,81.77,5,2389.97,11.47,0.48,0.0,n/a,Normal market alignment.
2022-12-08,TATA_MOTORS,TTM,TATAMOTORS.NS,144.27,2359.79,81.82,5,2360.94,1.15,0.05,0.0,n/a,Normal market alignment.
2022-12-09,TATA_MOTORS,TTM,TATAMOTORS.NS,145.03,2369.87,81.83,5,2373.62,3.74,0.16,0.0,n/a,Normal market alignment.
2022-12-12,TATA_MOTORS,TTM,TATAMOTORS.NS,144.42,2357.18,81.82,5,2363.3,6.13,0.26,0.0,n/a,Normal market alignment.
2022-12-13,TATA_MOTORS,TTM,TATAMOTORS.NS,143.87,2392.55,81.86,5,2355.6,-36.95,-1.54,-4.3,offline,"Offline insight: TATA_MOTORS ADR-implied price is at a 1.54% discount to its NSE close, consistent with overnight US trading and FX movement."
2022-12-14,TATA_MOTORS,TTM,TATAMOTORS.NS,143.71,2364.72,81.88,5,2353.51,-11.21,-0.47,0.0,n/a,Normal market alignment.
2022-12-15,TATA_MOTORS,TTM,TATAMOTORS.NS,144.95,2379.77,81.94,5,2375.5,-4.27,-0.18,0.0,n/a,Normal market alignment.
2022-12-16,TATA_MOTORS,TTM,TATAMOTORS.NS,143.76,2349.62,81.95,5,2356.37,6.75,0.29,0.0,n/a,Normal market alignment.
2022-12-19,TATA_MOTORS,TTM,TATAMOTORS.NS,142.14,2345.5,81.91,5,2328.42,-17.09,-0.73,0.0,n/a,Normal market alignment.
2022-12-20,TATA_MOTORS,TTM,TATAMOTORS.NS,143.1,2358.18,81.85,5,2342.66,-15.52,-0.66,0.0,n/a,Normal market alignment.
2022-12-21,TATA_MOTORS,TTM,TATAMOTORS.NS,136.65,2265.12,81.92,5,2238.87,-26.25,-1.16,0.0,n/a,Normal market alignment.
2022-12-22,TATA_MOTORS,TTM,TATAMOTORS.NS,135.46,2225.04,81.99,5,2221.16,-3.87,-0.17,0.0,n/a,Normal market alignment.
2022-12-23,TATA_MOTORS,TTM,TATAMOTORS.NS,133.16,2207.32,81.98,5,2183.3,-24.02,-1.09,0.0,n/a,Normal market alignment.
2022-12-26,TATA_MOTORS,TTM,TATAMOTORS.NS,135.6,2252.32,81.97,5,2222.98,-29.35,-1.3,0.0,n/a,Normal market alignment.
2022-12-27,TATA_MOTORS,TTM,TATAMOTORS.NS,134.74,2219.59,82.03,5,2210.54,-9.05,-0.41,0.0,n/a,Normal market alignment.
2022-12-28,TATA_MOTORS,TTM,TATAMOTORS.NS,133.65,2206.58,81.98,5,2191.46,-15.12,-0.69,0.0,n/a,Normal market alignment.
2022-12-29,TATA_MOTORS,TTM,TATAMOTORS.NS,133.59,2213.07,81.95,5,2189.59,-23.48,-1.06,0.0,n/a,Normal market alignment.
2022-12-30,TATA_MOTORS,TTM,TATAMOTORS.NS,132.44,2171.44,81.98,5,2171.4,-0.04,-0.0,0.0,n/a,Normal market alignment.
2023-01-02,TATA_MOTORS,TTM,TATAMOTORS.NS,131.68,2144.34,81.96,5,2158.54,14.2,0.66,0.0,n/a,Normal market alignment.
2023-01-03,TATA_MOTORS,TTM,TATAMOTORS.NS,131.91,2143.01,81.96,5,2162.36,19.35,0.9,0.0,n/a,Normal market alignment.
2023-01-04,TATA_MOTORS,TTM,TATAMOTORS.NS,131.12,2125.04,81.96,5,2149.17,24.14,1.14,0.0,n/a,Normal market alignment.
2023-01-05,TATA_MOTORS,TTM,TATAMOTORS.NS,130.31,2125.32,81.97,5,2136.36,11.04,0.52,0.0,n/a,Normal market alignment.
2023-01-06,TATA_MOTORS,TTM,TATAMOTORS.NS,128.38,2102.56,82.03,5,2106.1,3.54,0.17,0.0,n/a,Normal market alignment.
2023-01-09,TATA_MOTORS,TTM,TATAMOTORS.NS,126.19,2077.72,82.03,5,2070.4,-7.33,-0.35,0.0,n/a,Normal market alignment.
2023-01-10,TATA_MOTORS,TTM,TATAMOTORS.NS,126.35,2075.53,82.06,5,2073.58,-1.95,-0.09,0.0,n/a,Normal market alignment.
2023-01-11,TATA_MOTORS,TTM,TATAMOTORS.NS,126.96,2090.59,81.98,5,2081.68,-8.91,-0.43,0.0,n/a,Normal market alignment.
2023-01-12,TATA_MOTORS,TTM,TATAMOTORS.NS,124.28,2049.14,81.98,5,2037.69,-11.45,-0.56,0.0,n/a,Normal market alignment.
2023-01-13,TATA_MOTORS,TTM,TATAMOTORS.NS,125.74,2058.96,81.94,5,2060.7,1.74,0.08,0.0,n/a,Normal market alignment.
2023-01-16,TATA_MOTORS,TTM,TATAMOTORS.NS,127.22,2065.55,81.9,5,2083.72,18.18,0.88,0.0,n/a,Normal market alignment.
2023-01-17,TATA_MOTORS,TTM,TATAMOTORS.NS,129.11,2097.01,81.86,5,2113.93,16.92,0.81,0.0,n/a,Normal market alignment.
2023-01-18,TATA_MOTORS,TTM,TATAMOTORS.NS,129.73,2087.43,81.85,5,2123.75,36.32,1.74,-2.4,offline,"Offline insight: TATA_MOTORS ADR-implied price is at a 1.74% premium to its NSE close, consistent with overnight US trading and FX movement."
2023-01-19,TATA_MOTORS,TTM,TATAMOTORS.NS,131.01,2133.93,81.89,5,2145.67,11.74,0.55,0.0,n/a,Normal market alignment.
2023-01-20,TATA_MOTORS,TTM,TATAMOTORS.NS,135.35,2236.62,81.84,5,2215.23,-21.39,-0.96,0.0,n/a,Normal market alignment.
2023-01-23,TATA_MOTORS,TTM,TATAMOTORS.NS,134.77,2207.56,81.84,5,2205.94,-1.63,-0.07,0.0,n/a,Normal market alignment.
2023-01-24,TATA_MOTORS,TTM,TATAMOTORS.NS,132.7,2184.28,81.82,5,2171.51,-12.77,-0.58,0.0,n/a,Normal market alignment.
2023-01-25,TATA_MOTORS,TTM,TATAMOTORS.NS,129.69,2133.45,81.81,5,2121.88,-11.57,-0.54,0.0,n/a,Normal market alignment.
2023-01-26,TATA_MOTORS,TTM,TATAMOTORS.NS,133.14,2214.12,81.85,5,2179.49,-34.63,-1.56,-4.8,offline,"Offline insight: TATA_MOTORS ADR-implied price is at a 1.56% discount to its NSE close, consistent with overnight US trading and FX movement."
2023-01-27,TATA_MOTORS,TTM,TATAMOTORS.NS,136.71,2274.25,81.87,5,2238.59,-35.66,-1.57,-2.1,offline,"Offline insight: TATA_MOTORS ADR-implied price is at a 1.57% discount to its NSE close, consistent with overnight US trading and FX movement."
2023-01-30,TATA_MOTORS,TTM,TATAMOTORS.NS,134.86,2254.6,81.93,5,2209.68,-44.92,-1.99,-3.6,offline,"Offline insight: TATA_MOTORS ADR-implied price is at a 1.99% discount to its NSE close, consistent with overnight US trading and FX movement."
2023-01-31,TATA_MOTORS,TTM,TATAMOTORS.NS,133.43,2219.38,81.92,5,2186.1,-33.28,-1.5,0.0,n/a,Normal market alignment.
2023-02-01,TATA_MOTORS,TTM,TATAMOTORS.NS,132.82,2201.3,81.89,5,2175.42,-25.88,-1.18,0.0,n/a,Normal market alignment.
2023-02-02,TATA_MOTORS,TTM,TATAMOTORS.NS,135.3,2230.13,81.89,5,2215.8,-14.33,-0.64,0.0,n/a,Normal market alignment.
2023-02-03,TATA_MOTORS,TTM,TATAMOTORS.NS,132.73,2163.53,81.9,5,2173.97,10.43,0.48,0.0,n/a,Normal market alignment.
2023-02-06,TATA_MOTORS,TTM,TATAMOTORS.NS,128.85,2094.71,81.9,5,2110.7,15.99,0.76,0.0,n/a,Normal market alignment.
2023-02-07,TATA_MOTORS,TTM,TATAMOTORS.NS,133.08,2193.69,81.86,5,2178.83,-14.86,-0.68,0.0,n/a,Normal market alignment.
2023-02-08,TATA_MOTORS,TTM,TATAMOTORS.NS,133.74,2189.39,81.87,5,2189.81,0.42,0.02,0.0,n/a,Normal market alignment.
2023-02-09,TATA_MOTORS,TTM,TATAMOTORS.NS,134.69,2203.69,81.88,5,2205.67,1.98,0.09,0.0,n/a,Normal market alignment.
2023-02-10,TATA_MOTORS,TTM,TATAMOTORS.NS,134.32,2202.6,81.98,5,2202.28,-0.32,-0.01,0.0,n/a,Normal market alignment.
2023-02-13,TATA_MOTORS,TTM,TATAMOTORS.NS,135.3,2220.93,82.06,5,2220.38,-0.55,-0.02,0.0,n/a,Normal market alignment.
2023-02-14,TATA_MOTORS,TTM,TATAMOTORS.NS,132.27,2166.96,82.02,5,2169.74,2.78,0.13,0.0,n/a,Normal market alignment.
2023-02-15,TATA_MOTORS,TTM,TATAMOTORS.NS,130.64,2151.51,82.01,5,2142.75,-8.76,-0.41,0.0,n/a,Normal market alignment.
2023-02-16,TATA_MOTORS,TTM,TATAMOTORS.NS,130.88,2153.27,81.95,5,2145.26,-8.01,-0.37,0.0,n/a,Normal market alignment.
2023-02-17,TATA_MOTORS,TTM,TATAMOTORS.NS,126.46,2059.79,81.93,5,2072.26,12.47,0.61,0.0,n/a,Normal market alignment.
2023-02-20,TATA_MOTORS,TTM,TATAMOTORS.NS,125.93,2066.5,81.94,5,2063.82,-2.67,-0.13,0.0,n/a,Normal market alignment.
2023-02-21,TATA_MOTORS,TTM,TATAMOTORS.NS,125.28,2070.94,81.99,5,2054.4,-16.54,-0.8,0.0,n/a,Normal market alignment.
2023-02-22,TATA_MOTORS,TTM,TATAMOTORS.NS,124.75,2055.72,81.97,5,2044.99,-10.74,-0.52,0.0,n/a,Normal market alignment.
2023-02-23,TATA_MOTORS,TTM,TATAMOTORS.NS,123.75,2050.73,81.94,5,2028.07,-22.66,-1.1,0.0,n/a,Normal market alignment.
2023-02-24,TATA_MOTORS,TTM,TATAMOTORS.NS,121.94,2034.33,81.86,5,1996.32,-38.02,-1.87,-6.1,offline,"Offline insight: TATA_MOTORS ADR-implied price is at a 1.87% discount to its NSE close, consistent with overnight US trading and FX movement."
2023-02-27,TATA_MOTORS,TTM,TATAMOTORS.NS,118.64,1969.05,81.85,5,1942.22,-26.83,-1.36,0.0,n/a,Normal market alignment.
2023-02-28,TATA_MOTORS,TTM,TATAMOTORS.NS,118.94,1942.22,81.81,5,1946.04,3.82,0.2,0.0,n/a,Normal market alignment.
2023-03-01,TATA_MOTORS,TTM,TATAMOTORS.NS,118.44,1935.62,81.79,5,1937.38,1.76,0.09,0.0,n/a,Normal market alignment.
2023-03-02,TATA_MOTORS,TTM,TATAMOTORS.NS,116.03,1893.8,81.75,5,1897.2,3.4,0.18,0.0,n/a,Normal market alignment.
2023-03-03,TATA_MOTORS,TTM,TATAMOTORS.NS,116.17,1926.13,81.75,5,1899.49,-26.65,-1.38,0.0,n/a,Normal market alignment.
2023-03-06,TATA_MOTORS,TTM,TATAMOTORS.NS,115.69,1899.99,81.68,5,1890.05,-9.94,-0.52,0.0,n/a,Normal market alignment.
2023-03-07,TATA_MOTORS,TTM,TATAMOTORS.NS,114.93,1880.9,81.62,5,1876.22,-4.68,-0.25,0.0,n/a,Normal market alignment.
2023-03-08,TATA_MOTORS,TTM,TATAMOTORS.NS,111.25,1829.24,81.71,5,1818.0,-11.24,-0.61,0.0,n/a,Normal market alignment.
2023-03-09,TATA_MOTORS,TTM,TATAMOTORS.NS,112.42,1840.5,81.66,5,1836.03,-4.47,-0.24,0.0,n/a,Normal market alignment.
2023-03-10,TATA_MOTORS,TTM,TATAMOTORS.NS,110.37,1802.15,81.62,5,1801.67,-0.48,-0.03,0.0,n/a,Normal market alignment.
2023-03-13,TATA_MOTORS,TTM,TATAMOTORS.NS,110.51,1819.35,81.69,5,1805.57,-13.78,-0.76,0.0,n/a,Normal market alignment.
2023-03-14,TATA_MOTORS,TTM,TATAMOTORS.NS,109.2,1790.76,81.81,5,1786.78,-3.98,-0.22,0.0,n/a,Normal market alignment.
2023-03-15,TATA_MOTORS,TTM,TATAMOTORS.NS,108.6,1763.48,81.76,5,1775.9,12.43,0.7,0.0,n/a,Normal market alignment.
2023-03-16,TATA_MOTORS,TTM,TATAMOTORS.NS,110.51,1802.08,81.75,5,1806.83,4.74,0.26,0.0,n/a,Normal market alignment.
2023-03-17,TATA_MOTORS,TTM,TATAMOTORS.NS,111.42,1830.33,81.76,5,1822.1,-8.23,-0.45,0.0,n/a,Normal market alignment.
2023-03-20,TATA_MOTORS,TTM,TATAMOTORS.NS,113.35,1862.46,81.83,5,1855.13,-7.34,-0.39,0.0,n/a,Normal market alignment.
2023-03-21,TATA_MOTORS,TTM,TATAMOTORS.NS,113.94,1857.28,81.8,5,1864.0,6.72,0.36,0.0,n/a,Normal market alignment.
2023-03-22,TATA_MOTORS,TTM,TATAMOTORS.NS,114.65,1887.54,81.79,5,1875.43,-12.1,-0.64,0.0,n/a,Normal market alignment.
2023-03-23,TATA_MOTORS,TTM,TATAMOTORS.NS,111.62,1826.24,81.82,5,1826.61,0.37,0.02,0.0,n/a,Normal market alignment.
2023-03-24,TATA_MOTORS,TTM,TATAMOTORS.NS,111.13,1827.31,81.84,5,1818.86,-8.45,-0.46,0.0,n/a,Normal market alignment.
2023-03-27,TATA_MOTORS,TTM,TATAMOTORS.NS,110.78,1814.92,81.82,5,1812.96,-1.96,-0.11,0.0,n/a,Normal market alignment.
2023-03-28,TATA_MOTORS,TTM,TATAMOTORS.NS,112.85,1855.22,81.82,5,1846.68,-8.53,-0.46,0.0,n/a,Normal market alignment.
2023-03-29,TATA_MOTORS,TTM,TATAMOTORS.NS,112.03,1844.42,81.77,5,1832.01,-12.41,-0.67,0.0,n/a,Normal market alignment.
2023-03-30,TATA_MOTORS,TTM,TATAMOTORS.NS,112.51,1827.54,81.76,5,1839.64,12.11,0.66,0.0,n/a,Normal market alignment.
2023-03-31,TATA_MOTORS,TTM,TATAMOTORS.NS,112.92,1857.14,81.75,5,1846.21,-10.94,-0.59,0.0,n/a,Normal market alignment.
2023-04-03,TATA_MOTORS,TTM,TATAMOTORS.NS,114.92,1879.31,81.76,5,1879.06,-0.26,-0.01,0.0,n/a,Normal market alignment.
2023-04-04,TATA_MOTORS,TTM,TATAMOTORS.NS,114.72,1853.06,81.74,5,1875.36,22.31,1.2,0.0,n/a,Normal market alignment.
2023-04-05,TATA_MOTORS,TTM,TATAMOTORS.NS,116.18,1877.11,81.76,5,1899.67,22.57,1.2,0.0,n/a,Normal market alignment.
2023-04-06,TATA_MOTORS,TTM,TATAMOTORS.NS,113.24,1856.51,81.8,5,1852.6,-3.91,-0.21,0.0,n/a,Normal market alignment.
2023-04-07,TATA_MOTORS,TTM,TATAMOTORS.NS,110.54,1827.17,81.8,5,1808.47,-18.7,-1.02,0.0,n/a,Normal market alignment.
2023-04-10,TATA_MOTORS,TTM,TATAMOTORS.NS,106.78,1767.54,81.82,5,1747.39,-20.15,-1.14,0.0,n/a,Normal market alignment.
2023-04-11,TATA_MOTORS,TTM,TATAMOTORS.NS,108.07,1778.79,81.82,5,1768.58,-10.2,-0.57,0.0,n/a,Normal market alignment.
2023-04-12,TATA_MOTORS,TTM,TATAMOTORS.NS,109.2,1790.34,81.82,5,1787.01,-3.33,-0.19,0.0,n/a,Normal market alignment.
2023-04-13,TATA_MOTORS,TTM,TATAMOTORS.NS,110.7,1829.29,81.8,5,1810.97,-18.33,-1.0,0.0,n/a,Normal market alignment.
2023-04-14,TATA_MOTORS,TTM,TATAMOTORS.NS,109.61,1815.41,81.81,5,1793.41,-22.0,-1.21,0.0,n/a,Normal market alignment.
2023-04-17,TATA_MOTORS,TTM,TATAMOTORS.NS,108.71,1802.06,81.81,5,1778.72,-23.34,-1.3,0.0,n/a,Normal market alignment.
2023-04-18,TATA_MOTORS,TTM,TATAMOTORS.NS,108.55,1794.08,81.89,5,1777.87,-16.21,-0.9,0.0,n/a,Normal market alignment.
2023-04-19,TATA_MOTORS,TTM,TATAMOTORS.NS,110.93,1803.05,81.96,5,1818.32,15.27,0.85,0.0,n/a,Normal market alignment.
2023-04-20,TATA_MOTORS,TTM,TATAMOTORS.NS,113.78,1868.15,81.97,5,1865.44,-2.71,-0.14,0.0,n/a,Normal market alignment.
2023-04-21,TATA_MOTORS,TTM,TATAMOTORS.NS,115.17,1902.19,81.94,5,1887.53,-14.66,-0.77,0.0,n/a,Normal market alignment.
2023-04-24,TATA_MOTORS,TTM,TATAMOTORS.NS,115.78,1920.58,81.9,5,1896.46,-24.12,-1.26,0.0,n/a,Normal market alignment.
2023-04-25,TATA_MOTORS,TTM,TATAMOTORS.NS,118.13,1942.16,81.95,5,1936.17,-5.99,-0.31,0.0,n/a,Normal market alignment.
2023-04-26,TATA_MOTORS,TTM,TATAMOTORS.NS,117.72,1933.73,81.96,5,1929.59,-4.14,-0.21,0.0,n/a,Normal market alignment.
2023-04-27,TATA_MOTORS,TTM,TATAMOTORS.NS,117.06,1933.94,81.98,5,1919.32,-14.62,-0.76,0.0,n/a,Normal market alignment.
2023-04-28,TATA_MOTORS,TTM,TATAMOTORS.NS,116.87,1928.22,81.91,5,1914.58,-13.64,-0.71,0.0,n/a,Normal market alignment.
2023-05-01,TATA_MOTORS,TTM,TATAMOTORS.NS,115.19,1906.58,81.95,5,1887.92,-18.66,-0.98,0.0,n/a,Normal market alignment.
2023-05-02,TATA_MOTORS,TTM,TATAMOTORS.NS,114.92,1891.16,81.97,5,1883.97,-7.19,-0.38,0.0,n/a,Normal market alignment.
2023-05-03,TATA_MOTORS,TTM,TATAMOTORS.NS,113.03,1821.9,81.92,5,1851.98,30.08,1.65,5.2,offline,"Offline insight: TATA_MOTORS ADR-implied price is at a 1.65% premium to its NSE close, consistent with overnight US trading and FX movement."
2023-05-04,TATA_MOTORS,TTM,TATAMOTORS.NS,114.8,1855.07,81.91,5,1880.6,25.53,1.38,0.0,n/a,Normal market alignment.
2023-05-05,TATA_MOTORS,TTM,TATAMOTORS.NS,115.77,1882.45,81.92,5,1896.77,14.32,0.76,0.0,n/a,Normal market alignment.
2023-05-08,TATA_MOTORS,TTM,TATAMOTORS.NS,118.29,1938.26,81.92,5,1938.08,-0.18,-0.01,0.0,n/a,Normal market alignment.
2023-05-09,TATA_MOTORS,TTM,TATAMOTORS.NS,115.43,1909.11,81.91,5,1891.05,-18.06,-0.95,0.0,n/a,Normal market alignment.
2023-05-10,TATA_MOTORS,TTM,TATAMOTORS.NS,118.76,1946.54,81.91,5,1945.49,-1.05,-0.05,0.0,n/a,Normal market alignment.
2023-05-11,TATA_MOTORS,TTM,TATAMOTORS.NS,116.0,1891.59,81.9,5,1899.97,8.38,0.44,0.0,n/a,Normal market alignment.
2023-05-12,TATA_MOTORS,TTM,TATAMOTORS.NS,113.95,1867.68,81.91,5,1866.55,-1.13,-0.06,0.0,n/a,Normal market alignment.
2023-05-15,TATA_MOTORS,TTM,TATAMOTORS.NS,112.92,1836.15,81.97,5,1851.08,14.93,0.81,0.0,n/a,Normal market alignment.
2023-05-16,TATA_MOTORS,TTM,TATAMOTORS.NS,115.17,1876.18,81.86,5,1885.61,9.43,0.5,0.0,n/a,Normal market alignment.
2023-05-17,TATA_MOTORS,TTM,TATAMOTORS.NS,115.59,1876.52,81.86,5,1892.36,15.84,0.84,0.0,n/a,Normal market alignment.
2023-05-18,TATA_MOTORS,TTM,TATAMOTORS.NS,115.2,1872.82,81.86,5,1886.19,13.37,0.71,0.0,n/a,Normal market alignment.
2023-05-19,TATA_MOTORS,TTM,TATAMOTORS.NS,113.87,1858.97,81.88,5,1864.62,5.66,0.3,0.0,n/a,Normal market alignment.
2023-05-22,TATA_MOTORS,TTM,TATAMOTORS.NS,111.55,1835.31,81.86,5,1826.39,-8.92,-0.49,0.0,n/a,Normal market alignment.
2023-05-23,TATA_MOTORS,TTM,TATAMOTORS.NS,113.48,1863.73,81.79,5,1856.39,-7.33,-0.39,0.0,n/a,Normal market alignment.
2023-05-24,TATA_MOTORS,TTM,TATAMOTORS.NS,114.87,1872.9,81.81,5,1879.51,6.62,0.35,0.0,n/a,Normal market alignment.
2023-05-25,TATA_MOTORS,TTM,TATAMOTORS.NS,117.24,1922.61,81.88,5,1919.85,-2.76,-0.14,0.0,n/a,Normal market alignment.
2023-05-26,TATA_MOTORS,TTM,TATAMOTORS.NS,117.97,1926.16,81.82,5,1930.43,4.27,0.22,0.0,n/a,Normal market alignment.
2023-05-29,TATA_MOTORS,TTM,TATAMOTORS.NS,113.33,1866.98,81.85,5,1855.31,-11.67,-0.62,0.0,n/a,Normal market alignment.
2023-05-30,TATA_MOTORS,TTM,TATAMOTORS.NS,111.25,1817.85,81.84,5,1820.96,3.11,0.17,0.0,n/a,Normal market alignment.
2023-05-31,TATA_MOTORS,TTM,TATAMOTORS.NS,112.06,1828.29,81.84,5,1834.17,5.88,0.32,0.0,n/a,Normal market alignment.
2023-06-01,TATA_MOTORS,TTM,TATAMOTORS.NS,111.47,1835.54,81.8,5,1823.63,-11.9,-0.65,0.0,n/a,Normal market alignment.
2023-06-02,TATA_MOTORS,TTM,TATAMOTORS.NS,110.57,1818.55,81.79,5,1808.62,-9.93,-0.55,0.0,n/a,Normal market alignment.
2023-06-05,TATA_MOTORS,TTM,TATAMOTORS.NS,108.77,1774.63,81.84,5,1780.38,5.76,0.32,0.0,n/a,Normal market alignment.
2023-06-06,TATA_MOTORS,TTM,TATAMOTORS.NS,110.35,1819.25,81.86,5,1806.76,-12.49,-0.69,0.0,n/a,Normal market alignment.
2023-06-07,TATA_MOTORS,TTM,TATAMOTORS.NS,111.14,1842.63,81.93,5,1821.23,-21.4,-1.16,0.0,n/a,Normal market alignment.
2023-06-08,TATA_MOTORS,TTM,TATAMOTORS.NS,112.01,1850.34,81.98,5,1836.55,-13.8,-0.75,0.0,n/a,Normal market alignment.
2023-06-09,TATA_MOTORS,TTM,TATAMOTORS.NS,110.98,1801.21,82.0,5,1820.05,18.84,1.05,0.0,n/a,Normal market alignment.
2023-06-12,TATA_MOTORS,TTM,TATAMOTORS.NS,111.31,1824.13,82.07,5,1826.99,2.86,0.16,0.0,n/a,Normal market alignment.
2023-06-13,TATA_MOTORS,TTM,TATAMOTORS.NS,109.11,1783.42,82.09,5,1791.28,7.86,0.44,0.0,n/a,Normal market alignment.
2023-06-14,TATA_MOTORS,TTM,TATAMOTORS.NS,108.93,1781.12,82.12,5,1789.07,7.95,0.45,0.0,n/a,Normal market alignment.
2023-06-15,TATA_MOTORS,TTM,TATAMOTORS.NS,104.83,1724.04,82.11,5,1721.54,-2.5,-0.14,0.0,n/a,Normal market alignment.
2023-06-16,TATA_MOTORS,TTM,TATAMOTORS.NS,102.39,1681.2,82.12,5,1681.64,0.44,0.03,0.0,n/a,Normal market alignment.
2023-06-19,TATA_MOTORS,TTM,TATAMOTORS.NS,101.93,1678.47,82.09,5,1673.46,-5.0,-0.3,0.0,n/a,Normal market alignment.
2023-06-20,TATA_MOTORS,TTM,TATAMOTORS.NS,105.59,1741.92,82.13,5,1734.44,-7.48,-0.43,0.0,n/a,Normal market alignment.
2023-06-21,TATA_MOTORS,TTM,TATAMOTORS.NS,102.77,1711.48,82.08,5,1687.17,-24.31,-1.42,0.0,n/a,Normal market alignment.
2023-06-22,TATA_MOTORS,TTM,TATAMOTORS.NS,100.89,1671.38,82.12,5,1656.85,-14.53,-0.87,0.0,n/a,Normal market alignment.
2023-06-23,TATA_MOTORS,TTM,TATAMOTORS.NS,101.24,1660.81,82.11,5,1662.6,1.79,0.11,0.0,n/a,Normal market alignment.
2023-06-26,TATA_MOTORS,TTM,TATAMOTORS.NS,103.96,1706.44,82.16,5,1708.22,1.79,0.1,0.0,n/a,Normal market alignment.
2023-06-27,TATA_MOTORS,TTM,TATAMOTORS.NS,104.31,1700.51,82.19,5,1714.56,14.05,0.83,0.0,n/a,Normal market alignment.
2023-06-28,TATA_MOTORS,TTM,TATAMOTORS.NS,105.44,1719.19,82.26,5,1734.69,15.51,0.9,0.0,n/a,Normal market alignment.
2023-06-29,TATA_MOTORS,TTM,TATAMOTORS.NS,104.94,1718.48,82.29,5,1727.06,8.58,0.5,0.0,n/a,Normal market alignment.
2023-06-30,TATA_MOTORS,TTM,TATAMOTORS.NS,104.16,1715.46,82.23,5,1713.06,-2.4,-0.14,0.0,n/a,Normal market alignment.
2023-07-03,TATA_MOTORS,TTM,TATAMOTORS.NS,104.32,1722.97,82.23,5,1715.66,-7.31,-0.42,0.0,n/a,Normal market alignment.
2023-07-04,TATA_MOTORS,TTM,TATAMOTORS.NS,103.32,1720.37,82.18,5,1698.28,-22.09,-1.28,0.0,n/a,Normal market alignment.
2023-07-05,TATA_MOTORS,TTM,TATAMOTORS.NS,104.48,1733.42,82.16,5,1716.83,-16.59,-0.96,0.0,n/a,Normal market alignment.
2023-07-06,TATA_MOTORS,TTM,TATAMOTORS.NS,101.99,1685.19,82.22,5,1677.23,-7.96,-0.47,0.0,n/a,Normal market alignment.
2023-07-07,TATA_MOTORS,TTM,TATAMOTORS.NS,103.38,1685.21,82.25,5,1700.67,15.46,0.92,0.0,n/a,Normal market alignment.
2023-07-10,TATA_MOTORS,TTM,TATAMOTORS.NS,103.48,1686.11,82.22,5,1701.63,15.52,0.92,0.0,n/a,Normal market alignment.
2023-07-11,TATA_MOTORS,TTM,TATAMOTORS.NS,103.17,1696.75,82.18,5,1695.84,-0.9,-0.05,0.0,n/a,Normal market alignment.
2023-07-12,TATA_MOTORS,TTM,TATAMOTORS.NS,100.66,1671.98,82.19,5,1654.6,-17.38,-1.04,0.0,n/a,Normal market alignment.
2023-07-13,TATA_MOTORS,TTM,TATAMOTORS.NS,99.21,1642.46,82.14,5,1629.84,-12.62,-0.77,0.0,n/a,Normal market alignment.
2023-07-14,TATA_MOTORS,TTM,TATAMOTORS.NS,101.03,1657.33,82.11,5,1659.11,1.78,0.11,0.0,n/a,Normal market alignment.
2023-07-17,TATA_MOTORS,TTM,TATAMOTORS.NS,100.74,1656.18,82.13,5,1654.69,-1.49,-0.09,0.0,n/a,Normal market alignment.
2023-07-18,TATA_MOTORS,TTM,TATAMOTORS.NS,101.19,1657.65,82.17,5,1663.05,5.39,0.33,0.0,n/a,Normal market alignment.
2023-07-19,TATA_MOTORS,TTM,TATAMOTORS.NS,99.89,1640.99,82.2,5,1642.11,1.12,0.07,0.0,n/a,Normal market alignment.
2023-07-20,TATA_MOTORS,TTM,TATAMOTORS.NS,99.87,1631.22,82.11,5,1640.08,8.86,0.54,0.0,n/a,Normal market alignment.
2023-07-21,TATA_MOTORS,TTM,TATAMOTORS.NS,97.85,1619.91,82.12,5,1607.07,-12.83,-0.79,0.0,n/a,Normal market alignment.
2023-07-24,TATA_MOTORS,TTM,TATAMOTORS.NS,98.02,1599.68,82.13,5,1610.04,10.36,0.65,0.0,n/a,Normal market alignment.
2023-07-25,TATA_MOTORS,TTM,TATAMOTORS.NS,98.6,1626.16,82.14,5,1619.82,-6.35,-0.39,0.0,n/a,Normal market alignment.
2023-07-26,TATA_MOTORS,TTM,TATAMOTORS.NS,99.1,1624.17,82.21,5,1629.4,5.22,0.32,0.0,n/a,Normal market alignment.
2023-07-27,TATA_MOTORS,TTM,TATAMOTORS.NS,97.79,1606.17,82.13,5,1606.21,0.04,0.0,0.0,n/a,Normal market alignment.
2023-07-28,TATA_MOTORS,TTM,TATAMOTORS.NS,97.32,1599.28,82.1,5,1598.01,-1.27,-0.08,0.0,n/a,Normal market alignment.
2023-07-31,TATA_MOTORS,TTM,TATAMOTORS.NS,98.13,1615.34,82.13,5,1611.85,-3.5,-0.22,0.0,n/a,Normal market alignment.
2023-08-01,TATA_MOTORS,TTM,TATAMOTORS.NS,97.85,1605.21,82.07,5,1606.0,0.79,0.05,0.0,n/a,Normal market alignment.
2023-08-02,TATA_MOTORS,TTM,TATAMOTORS.NS,97.45,1595.15,82.13,5,1600.73,5.58,0.35,0.0,n/a,Normal market alignment.
2023-08-03,TATA_MOTORS,TTM,TATAMOTORS.NS,100.27,1631.72,82.14,5,1647.23,15.51,0.95,0.0,n/a,Normal market alignment.
2023-08-04,TATA_MOTORS,TTM,TATAMOTORS.NS,98.87,1600.02,82.18,5,1624.92,24.9,1.56,-2.7,offline,"Offline insight: TATA_MOTORS ADR-implied price is at a 1.56% premium to its NSE close, consistent with overnight US trading and FX movement."
2023-08-07,TATA_MOTORS,TTM,TATAMOTORS.NS,100.5,1632.27,82.16,5,1651.3,19.03,1.17,0.0,n/a,Normal market alignment.
2023-08-08,TATA_MOTORS,TTM,TATAMOTORS.NS,98.79,1593.59,82.19,5,1623.85,30.26,1.9,-5.7,offline,"Offline insight: TATA_MOTORS ADR-implied price is at a 1.90% premium to its NSE close, consistent with overnight US trading and FX movement."
2023-08-09,TATA_MOTORS,TTM,TATAMOTORS.NS,99.79,1621.63,82.23,5,1641.16,19.53,1.2,0.0,n/a,Normal market alignment.
2023-08-10,TATA_MOTORS,TTM,TATAMOTORS.NS,100.88,1635.15,82.24,5,1659.3,24.15,1.48,0.0,n/a,Normal market alignment.
2023-08-11,TATA_MOTORS,TTM,TATAMOTORS.NS,100.14,1627.99,82.25,5,1647.3,19.31,1.19,0.0,n/a,Normal market alignment.
2023-08-14,TATA_MOTORS,TTM,TATAMOTORS.NS,98.34,1612.67,82.27,5,1617.94,5.28,0.33,0.0,n/a,Normal market alignment.
2023-08-15,TATA_MOTORS,TTM,TATAMOTORS.NS,95.46,1564.91,82.23,5,1569.97,5.06,0.32,0.0,n/a,Normal market alignment.
2023-08-16,TATA_MOTORS,TTM,TATAMOTORS.NS,94.61,1547.41,82.23,5,1555.86,8.45,0.55,0.0,n/a,Normal market alignment.
2023-08-17,TATA_MOTORS,TTM,TATAMOTORS.NS,95.38,1563.74,82.22,5,1568.51,4.77,0.31,0.0,n/a,Normal market alignment.
2023-08-18,TATA_MOTORS,TTM,TATAMOTORS.NS,93.87,1536.68,82.24,5,1543.93,7.25,0.47,0.0,n/a,Normal market alignment.
2023-08-21,TATA_MOTORS,TTM,TATAMOTORS.NS,94.03,1533.78,82.28,5,1547.41,13.64,0.89,0.0,n/a,Normal market alignment.
2023-08-22,TATA_MOTORS,TTM,TATAMOTORS.NS,91.98,1505.07,82.24,5,1512.85,7.78,0.52,0.0,n/a,Normal market alignment.
2023-08-23,TATA_MOTORS,TTM,TATAMOTORS.NS,91.68,1534.79,82.23,5,1507.92,-26.87,-1.75,0.3,offline,"Offline insight: TATA_MOTORS ADR-implied price is at a 1.75% discount to its NSE close, consistent with overnight US trading and FX movement."
2023-08-24,TATA_MOTORS,TTM,TATAMOTORS.NS,90.13,1481.67,82.29,5,1483.51,1.84,0.12,0.0,n/a,Normal market alignment.
2023-08-25,TATA_MOTORS,TTM,TATAMOTORS.NS,90.06,1483.69,82.27,5,1481.71,-1.98,-0.13,0.0,n/a,Normal market alignment.
2023-08-28,TATA_MOTORS,TTM,TATAMOTORS.NS,89.41,1480.16,82.23,5,1470.44,-9.72,-0.66,0.0,n/a,Normal market alignment.
2023-08-29,TATA_MOTORS,TTM,TATAMOTORS.NS,87.84,1462.05,82.24,5,1444.79,-17.26,-1.18,0.0,n/a,Normal market alignment.
2023-08-30,TATA_MOTORS,TTM,TATAMOTORS.NS,87.0,1445.19,82.28,5,1431.55,-13.64,-0.94,0.0,n/a,Normal market alignment.
2023-08-31,TATA_MOTORS,TTM,TATAMOTORS.NS,85.8,1425.63,82.28,5,1411.94,-13.69,-0.96,0.0,n/a,Normal market alignment.
2023-09-01,TATA_MOTORS,TTM,TATAMOTORS.NS,84.14,1400.75,82.33,5,1385.45,-15.3,-1.09,0.0,n/a,Normal market alignment.
2023-09-04,TATA_MOTORS,TTM,TATAMOTORS.NS,85.53,1425.11,82.37,5,1408.97,-16.14,-1.13,0.0,n/a,Normal market alignment.
2023-09-05,TATA_MOTORS,TTM,TATAMOTORS.NS,85.09,1406.72,82.4,5,1402.37,-4.34,-0.31,0.0,n/a,Normal market alignment.
2023-09-06,TATA_MOTORS,TTM,TATAMOTORS.NS,82.31,1340.28,82.43,5,1356.85,16.57,1.24,0.0,n/a,Normal market alignment.
2023-09-07,TATA_MOTORS,TTM,TATAMOTORS.NS,81.56,1328.62,82.52,5,1346.11,17.48,1.32,0.0,n/a,Normal market alignment.
2023-09-08,TATA_MOTORS,TTM,TATAMOTORS.NS,82.71,1343.69,82.51,5,1364.86,21.17,1.58,-5.3,offline,"Offline insight: TATA_MOTORS ADR-implied price is at a 1.58% premium to its NSE close, consistent with overnight US trading and FX movement."
2023-09-11,TATA_MOTORS,TTM,TATAMOTORS.NS,81.79,1339.27,82.43,5,1348.39,9.12,0.68,0.0,n/a,Normal market alignment.
2023-09-12,TATA_MOTORS,TTM,TATAMOTORS.NS,83.65,1373.56,82.5,5,1380.18,6.62,0.48,0.0,n/a,Normal market alignment.
2023-09-13,TATA_MOTORS,TTM,TATAMOTORS.NS,82.6,1354.61,82.48,5,1362.57,7.96,0.59,0.0,n/a,Normal market alignment.
2023-09-14,TATA_MOTORS,TTM,TATAMOTORS.NS,83.25,1374.85,82.49,5,1373.35,-1.5,-0.11,0.0,n/a,Normal market alignment.
2023-09-15,TATA_MOTORS,TTM,TATAMOTORS.NS,84.57,1401.12,82.54,5,1396.02,-5.09,-0.36,0.0,n/a,Normal market alignment.
2023-09-18,TATA_MOTORS,TTM,TATAMOTORS.NS,85.16,1399.48,82.48,5,1404.8,5.32,0.38,0.0,n/a,Normal market alignment.
2023-09-19,TATA_MOTORS,TTM,TATAMOTORS.NS,83.43,1361.93,82.43,5,1375.44,13.5,0.99,0.0,n/a,Normal market alignment.
2023-09-20,TATA_MOTORS,TTM,TATAMOTORS.NS,82.28,1346.72,82.37,5,1355.37,8.65,0.64,0.0,n/a,Normal market alignment.
2023-09-21,TATA_MOTORS,TTM,TATAMOTORS.NS,83.75,1385.3,82.33,5,1379.05,-6.25,-0.45,0.0,n/a,Normal market alignment.
2023-09-22,TATA_MOTORS,TTM,TATAMOTORS.NS,82.76,1369.67,82.35,5,1363.12,-6.54,-0.48,0.0,n/a,Normal market alignment.
2023-09-25,TATA_MOTORS,TTM,TATAMOTORS.NS,84.0,1402.01,82.38,5,1383.85,-18.16,-1.3,0.0,n/a,Normal market alignment.
2023-09-26,TATA_MOTORS,TTM,TATAMOTORS.NS,83.48,1385.58,82.39,5,1375.53,-10.04,-0.72,0.0,n/a,Normal market alignment.
2023-09-27,TATA_MOTORS,TTM,TATAMOTORS.NS,83.68,1381.47,82.33,5,1377.94,-3.54,-0.26,0.0,n/a,Normal market alignment.
2023-09-28,TATA_MOTORS,TTM,TATAMOTORS.NS,81.97,1352.84,82.24,5,1348.2,-4.64,-0.34,0.0,n/a,Normal market alignment.
2023-09-29,TATA_MOTORS,TTM,TATAMOTORS.NS,81.24,1336.85,82.24,5,1336.36,-0.49,-0.04,0.0,n/a,Normal market alignment.
2023-10-02,TATA_MOTORS,TTM,TATAMOTORS.NS,80.2,1315.38,82.23,5,1318.93,3.55,0.27,0.0,n/a,Normal market alignment.
2023-10-03,TATA_MOTORS,TTM,TATAMOTORS.NS,80.5,1319.59,82.24,5,1324.1,4.51,0.34,0.0,n/a,Normal market alignment.
2023-10-04,TATA_MOTORS,TTM,TATAMOTORS.NS,80.63,1335.31,82.27,5,1326.81,-8.49,-0.64,0.0,n/a,Normal market alignment.
2023-10-05,TATA_MOTORS,TTM,TATAMOTORS.NS,81.22,1344.04,82.28,5,1336.53,-7.51,-0.56,0.0,n/a,Normal market alignment.
2023-10-06,TATA_MOTORS,TTM,TATAMOTORS.NS,80.64,1328.24,82.31,5,1327.6,-0.64,-0.05,0.0,n/a,Normal market alignment.
2023-10-09,TATA_MOTORS,TTM,TATAMOTORS.NS,79.54,1295.69,82.32,5,1309.63,13.94,1.08,0.0,n/a,Normal market alignment.
2023-10-10,TATA_MOTORS,TTM,TATAMOTORS.NS,79.79,1308.02,82.34,5,1313.97,5.95,0.46,0.0,n/a,Normal market alignment.
2023-10-11,TATA_MOTORS,TTM,TATAMOTORS.NS,78.58,1285.18,82.32,5,1293.65,8.47,0.66,0.0,n/a,Normal market alignment.
2023-10-12,TATA_MOTORS,TTM,TATAMOTORS.NS,79.87,1301.71,82.31,5,1314.86,13.15,1.01,0.0,n/a,Normal market alignment.
2023-10-13,TATA_MOTORS,TTM,TATAMOTORS.NS,79.76,1307.02,82.32,5,1313.14,6.12,0.47,0.0,n/a,Normal market alignment.
2023-10-16,TATA_MOTORS,TTM,TATAMOTORS.NS,79.39,1293.61,82.35,5,1307.65,14.03,1.08,0.0,n/a,Normal market alignment.
2023-10-17,TATA_MOTORS,TTM,TATAMOTORS.NS,79.97,1297.5,82.34,5,1316.87,19.36,1.49,0.0,n/a,Normal market alignment.
2023-10-18,TATA_MOTORS,TTM,TATAMOTORS.NS,79.9,1292.05,82.36,5,1316.1,24.05,1.86,3.8,offline,"Offline insight: TATA_MOTORS ADR-implied price is at a 1.86% premium to its NSE close, consistent with overnight US trading and FX movement."
2023-10-19,TATA_MOTORS,TTM,TATAMOTORS.NS,77.94,1265.42,82.35,5,1283.62,18.2,1.44,0.0,n/a,Normal market alignment.
2023-10-20,TATA_MOTORS,TTM,TATAMOTORS.NS,76.72,1232.51,82.35,5,1263.51,31.0,2.51,-6.1,offline,"Offline insight: TATA_MOTORS ADR-implied price is at a 2.51% premium to its NSE close, consistent with overnight US trading and FX movement."
2023-10-23,TATA_MOTORS,TTM,TATAMOTORS.NS,77.96,1270.76,82.38,5,1284.46,13.7,1.08,0.0,n/a,Normal market alignment.
2023-10-24,TATA_MOTORS,TTM,TATAMOTORS.NS,78.08,1258.39,82.3,5,1285.24,26.85,2.13,-0.5,offline,"Offline insight: TATA_MOTORS ADR-implied price is at a 2.13% premium to its NSE close, consistent with overnight US trading and FX movement."
2023-10-25,TATA_MOTORS,TTM,TATAMOTORS.NS,76.13,1230.07,82.25,5,1252.43,22.36,1.82,6.2,offline,"Offline insight: TATA_MOTORS ADR-implied price is at a 1.82% premium to its NSE close, consistent with overnight US trading and FX movement."
2023-10-26,TATA_MOTORS,TTM,TATAMOTORS.NS,76.56,1233.5,82.19,5,1258.53,25.03,2.03,-4.8,offline,"Offline insight: TATA_MOTORS ADR-implied price is at a 2.03% premium to its NSE close, consistent with overnight US trading and FX movement."
2023-10-27,TATA_MOTORS,TTM,TATAMOTORS.NS,75.94,1234.68,82.1,5,1246.95,12.27,0.99,0.0,n/a,Normal market alignment.
2023-10-30,TATA_MOTORS,TTM,TATAMOTORS.NS,74.97,1216.13,82.08,5,1230.57,14.44,1.19,0.0,n/a,Normal market alignment.
2023-10-31,TATA_MOTORS,TTM,TATAMOTORS.NS,73.7,1189.9,82.11,5,1210.26,20.36,1.71,-4.2,offline,"Offline insight: TATA_MOTORS ADR-implied price is at a 1.71% premium to its NSE close, consistent with overnight US trading and FX movement."
2023-11-01,TATA_MOTORS,TTM,TATAMOTORS.NS,74.83,1225.37,82.1,5,1228.62,3.25,0.27,0.0,n/a,Normal market alignment.
2023-11-02,TATA_MOTORS,TTM,TATAMOTORS.NS,72.65,1192.36,82.1,5,1192.9,0.54,0.05,0.0,n/a,Normal market alignment.
2023-11-03,TATA_MOTORS,TTM,TATAMOTORS.NS,71.75,1196.52,82.15,5,1178.91,-17.61,-1.47,0.0,n/a,Normal market alignment.
2023-11-06,TATA_MOTORS,TTM,TATAMOTORS.NS,71.91,1194.2,82.2,5,1182.17,-12.04,-1.01,0.0,n/a,Normal market alignment.
2023-11-07,TATA_MOTORS,TTM,TATAMOTORS.NS,73.63,1224.89,82.2,5,1210.48,-14.4,-1.18,0.0,n/a,Normal market alignment.
2023-11-08,TATA_MOTORS,TTM,TATAMOTORS.NS,74.26,1232.3,82.26,5,1221.72,-10.57,-0.86,0.0,n/a,Normal market alignment.
2023-11-09,TATA_MOTORS,TTM,TATAMOTORS.NS,73.34,1188.45,82.26,5,1206.65,18.2,1.53,1.4,offline,"Offline insight: TATA_MOTORS ADR-implied price is at a 1.53% premium to its NSE close, consistent with overnight US trading and FX movement."
2023-11-10,TATA_MOTORS,TTM,TATAMOTORS.NS,75.05,1208.57,82.23,5,1234.21,25.64,2.12,6.7,offline,"Offline insight: TATA_MOTORS ADR-implied price is at a 2.12% premium to its NSE close, consistent with overnight US trading and FX movement."
2023-11-13,TATA_MOTORS,TTM,TATAMOTORS.NS,73.54,1205.96,82.21,5,1209.16,3.2,0.27,0.0,n/a,Normal market alignment.
2023-11-14,TATA_MOTORS,TTM,TATAMOTORS.NS,73.86,1206.86,82.15,5,1213.47,6.62,0.55,0.0,n/a,Normal market alignment.
2023-11-15,TATA_MOTORS,TTM,TATAMOTORS.NS,74.42,1211.44,82.11,5,1222.2,10.76,0.89,0.0,n/a,Normal market alignment.
2023-11-16,TATA_MOTORS,TTM,TATAMOTORS.NS,73.46,1202.65,82.1,5,1206.22,3.56,0.3,0.0,n/a,Normal market alignment.
2023-11-17,TATA_MOTORS,TTM,TATAMOTORS.NS,74.25,1216.01,82.13,5,1219.69,3.68,0.3,0.0,n/a,Normal market alignment.
2023-11-20,TATA_MOTORS,TTM,TATAMOTORS.NS,73.7,1207.16,82.2,5,1211.69,4.52,0.37,0.0,n/a,Normal market alignment.
2023-11-21,TATA_MOTORS,TTM,TATAMOTORS.NS,74.49,1232.72,82.15,5,1223.88,-8.85,-0.72,0.0,n/a,Normal market alignment.
2023-11-22,TATA_MOTORS,TTM,TATAMOTORS.NS,72.46,1204.6,82.17,5,1190.71,-13.88,-1.15,0.0,n/a,Normal market alignment.
2023-11-23,TATA_MOTORS,TTM,TATAMOTORS.NS,72.84,1203.33,82.12,5,1196.46,-6.87,-0.57,0.0,n/a,Normal market alignment.
2023-11-24,TATA_MOTORS,TTM,TATAMOTORS.NS,72.42,1192.97,82.14,5,1189.71,-3.26,-0.27,0.0,n/a,Normal market alignment.
2023-11-27,TATA_MOTORS,TTM,TATAMOTORS.NS,73.69,1218.57,82.14,5,1210.53,-8.04,-0.66,0.0,n/a,Normal market alignment.
2023-11-28,TATA_MOTORS,TTM,TATAMOTORS.NS,73.66,1220.65,82.07,5,1209.03,-11.62,-0.95,0.0,n/a,Normal market alignment.
2023-11-29,TATA_MOTORS,TTM,TATAMOTORS.NS,75.06,1240.48,82.11,5,1232.62,-7.86,-0.63,0.0,n/a,Normal market alignment.
2023-11-30,TATA_MOTORS,TTM,TATAMOTORS.NS,75.66,1239.05,82.08,5,1242.02,2.97,0.24,0.0,n/a,Normal market alignment.
2023-12-01,TATA_MOTORS,TTM,TATAMOTORS.NS,75.53,1238.59,82.06,5,1239.71,1.12,0.09,0.0,n/a,Normal market alignment.
2023-12-04,TATA_MOTORS,TTM,TATAMOTORS.NS,76.45,1239.34,82.02,5,1254.09,14.75,1.19,0.0,n/a,Normal market alignment.
2023-12-05,TATA_MOTORS,TTM,TATAMOTORS.NS,77.38,1266.14,82.0,5,1269.01,2.87,0.23,0.0,n/a,Normal market alignment.
2023-12-06,TATA_MOTORS,TTM,TATAMOTORS.NS,77.95,1275.2,82.01,5,1278.66,3.46,0.27,0.0,n/a,Normal market alignment.
2023-12-07,TATA_MOTORS,TTM,TATAMOTORS.NS,75.3,1236.03,82.01,5,1234.98,-1.05,-0.09,0.0,n/a,Normal market alignment.
2023-12-08,TATA_MOTORS,TTM,TATAMOTORS.NS,74.21,1212.99,82.02,5,1217.36,4.37,0.36,0.0,n/a,Normal market alignment.
2023-12-11,TATA_MOTORS,TTM,TATAMOTORS.NS,75.77,1247.36,82.04,5,1243.23,-4.13,-0.33,0.0,n/a,Normal market alignment.
2023-12-12,TATA_MOTORS,TTM,TATAMOTORS.NS,74.37,1207.09,82.09,5,1220.98,13.89,1.15,0.0,n/a,Normal market alignment.
2023-12-13,TATA_MOTORS,TTM,TATAMOTORS.NS,75.37,1243.45,82.08,5,1237.32,-6.13,-0.49,0.0,n/a,Normal market alignment.
2023-12-14,TATA_MOTORS,TTM,TATAMOTORS.NS,76.2,1238.71,82.02,5,1249.92,11.21,0.91,0.0,n/a,Normal market alignment.
2023-12-15,TATA_MOTORS,TTM,TATAMOTORS.NS,75.39,1229.89,82.06,5,1237.35,7.45,0.61,0.0,n/a,Normal market alignment.
2023-12-18,TATA_MOTORS,TTM,TATAMOTORS.NS,73.16,1191.57,82.05,5,1200.51,8.94,0.75,0.0,n/a,Normal market alignment.
2023-12-19,TATA_MOTORS,TTM,TATAMOTORS.NS,72.55,1175.02,82.1,5,1191.28,16.27,1.38,0.0,n/a,Normal market alignment.
2023-12-20,TATA_MOTORS,TTM,TATAMOTORS.NS,74.84,1211.68,82.11,5,1229.02,17.34,1.43,0.0,n/a,Normal market alignment.
2023-12-21,TATA_MOTORS,TTM,TATAMOTORS.NS,73.89,1209.21,82.11,5,1213.41,4.2,0.35,0.0,n/a,Normal market alignment.
2023-12-22,TATA_MOTORS,TTM,TATAMOTORS.NS,73.03,1192.04,82.12,5,1199.53,7.49,0.63,0.0,n/a,Normal market alignment.
2023-12-25,TATA_MOTORS,TTM,TATAMOTORS.NS,71.96,1163.48,82.2,5,1183.08,19.6,1.68,-1.6,offline,"Offline insight: TATA_MOTORS ADR-implied price is at a 1.68% premium to its NSE close, consistent with overnight US trading and FX movement."
2023-12-26,TATA_MOTORS,TTM,TATAMOTORS.NS,73.29,1201.55,82.29,5,1206.23,4.68,0.39,0.0,n/a,Normal market alignment.
2023-12-27,TATA_MOTORS,TTM,TATAMOTORS.NS,73.05,1181.96,82.29,5,1202.25,20.29,1.72,2.1,offline,"Offline insight: TATA_MOTORS ADR-implied price is at a 1.72% premium to its NSE close, consistent with overnight US trading and FX movement."
2023-12-28,TATA_MOTORS,TTM,TATAMOTORS.NS,72.38,1176.14,82.3,5,1191.43,15.29,1.3,0.0,n/a,Normal market alignment.
2023-12-29,TATA_MOTORS,TTM,TATAMOTORS.NS,73.94,1211.92,82.34,5,1217.7,5.78,0.48,0.0,n/a,Normal market alignment.
2024-01-01,TATA_MOTORS,TTM,TATAMOTORS.NS,74.61,1232.34,82.31,5,1228.16,-4.18,-0.34,0.0,n/a,Normal market alignment.
2024-01-02,TATA_MOTORS,TTM,TATAMOTORS.NS,73.6,1216.18,82.32,5,1211.8,-4.38,-0.36,0.0,n/a,Normal market alignment.
2024-01-03,TATA_MOTORS,TTM,TATAMOTORS.NS,72.27,1209.08,82.32,5,1189.93,-19.16,-1.58,-4.9,offline,"Offline insight: TATA_MOTORS ADR-implied price is at a 1.58% discount to its NSE close, consistent with overnight US trading and FX movement."
2024-01-04,TATA_MOTORS,TTM,TATAMOTORS.NS,73.55,1226.38,82.34,5,1211.15,-15.22,-1.24,0.0,n/a,Normal market alignment.
2024-01-05,TATA_MOTORS,TTM,TATAMOTORS.NS,73.59,1222.7,82.31,5,1211.35,-11.36,-0.93,0.0,n/a,Normal market alignment.
2024-01-08,TATA_MOTORS,TTM,TATAMOTORS.NS,71.9,1198.35,82.24,5,1182.66,-15.69,-1.31,0.0,n/a,Normal market alignment.
2024-01-09,TATA_MOTORS,TTM,TATAMOTORS.NS,70.0,1153.26,82.16,5,1150.24,-3.02,-0.26,0.0,n/a,Normal market alignment.
2024-01-10,TATA_MOTORS,TTM,TATAMOTORS.NS,68.85,1134.25,82.12,5,1130.73,-3.52,-0.31,0.0,n/a,Normal market alignment.
2024-01-11,TATA_MOTORS,TTM,TATAMOTORS.NS,67.59,1116.86,82.1,5,1109.81,-7.05,-0.63,0.0,n/a,Normal market alignment.
2024-01-12,TATA_MOTORS,TTM,TATAMOTORS.NS,65.53,1082.5,82.09,5,1075.94,-6.57,-0.61,0.0,n/a,Normal market alignment.
2024-01-15,TATA_MOTORS,TTM,TATAMOTORS.NS,64.47,1060.75,82.17,5,1059.53,-1.22,-0.12,0.0,n/a,Normal market alignment.
2024-01-16,TATA_MOTORS,TTM,TATAMOTORS.NS,63.6,1046.0,82.21,5,1045.82,-0.19,-0.02,0.0,n/a,Normal market alignment.
2024-01-17,TATA_MOTORS,TTM,TATAMOTORS.NS,63.18,1043.63,82.18,5,1038.4,-5.23,-0.5,0.0,n/a,Normal market alignment.
2024-01-18,TATA_MOTORS,TTM,TATAMOTORS.NS,64.81,1067.54,82.19,5,1065.27,-2.27,-0.21,0.0,n/a,Normal market alignment.
2024-01-19,TATA_MOTORS,TTM,TATAMOTORS.NS,64.57,1062.86,82.17,5,1061.13,-1.73,-0.16,0.0,n/a,Normal market alignment.
2024-01-22,TATA_MOTORS,TTM,TATAMOTORS.NS,64.42,1068.21,82.16,5,1058.65,-9.57,-0.9,0.0,n/a,Normal market alignment.
2024-01-23,TATA_MOTORS,TTM,TATAMOTORS.NS,64.93,1075.11,82.17,5,1067.16,-7.95,-0.74,0.0,n/a,Normal market alignment.
2024-01-24,TATA_MOTORS,TTM,TATAMOTORS.NS,64.72,1064.42,82.2,5,1064.02,-0.4,-0.04,0.0,n/a,Normal market alignment.
2024-01-25,TATA_MOTORS,TTM,TATAMOTORS.NS,65.13,1066.53,82.19,5,1070.56,4.03,0.38,0.0,n/a,Normal market alignment.
2024-01-26,TATA_MOTORS,TTM,TATAMOTORS.NS,65.42,1075.25,82.23,5,1075.95,0.71,0.07,0.0,n/a,Normal market alignment.
2024-01-29,TATA_MOTORS,TTM,TATAMOTORS.NS,65.56,1072.17,82.18,5,1077.67,5.5,0.51,0.0,n/a,Normal market alignment.
2024-01-30,TATA_MOTORS,TTM,TATAMOTORS.NS,68.3,1126.99,82.19,5,1122.73,-4.26,-0.38,0.0,n/a,Normal market alignment.
2024-01-31,TATA_MOTORS,TTM,TATAMOTORS.NS,69.26,1150.11,82.29,5,1139.86,-10.25,-0.89,0.0,n/a,Normal market alignment.
2024-02-01,TATA_MOTORS,TTM,TATAMOTORS.NS,68.16,1129.87,82.3,5,1121.85,-8.03,-0.71,0.0,n/a,Normal market alignment.
2024-02-02,TATA_MOTORS,TTM,TATAMOTORS.NS,68.55,1122.23,82.36,5,1129.21,6.98,0.62,0.0,n/a,Normal market alignment.
2024-02-05,TATA_MOTORS,TTM,TATAMOTORS.NS,67.76,1110.79,82.36,5,1116.2,5.41,0.49,0.0,n/a,Normal market alignment.
2024-02-06,TATA_MOTORS,TTM,TATAMOTORS.NS,68.23,1123.22,82.39,5,1124.34,1.12,0.1,0.0,n/a,Normal market alignment.
2024-02-07,TATA_MOTORS,TTM,TATAMOTORS.NS,66.85,1089.05,82.39,5,1101.47,12.42,1.14,0.0,n/a,Normal market alignment.
2024-02-08,TATA_MOTORS,TTM,TATAMOTORS.NS,65.76,1078.21,82.38,5,1083.42,5.21,0.48,0.0,n/a,Normal market alignment.
2024-02-09,TATA_MOTORS,TTM,TATAMOTORS.NS,66.12,1069.11,82.35,5,1088.93,19.83,1.85,2.0,offline,"Offline insight: TATA_MOTORS ADR-implied price is at a 1.85% premium to its NSE close, consistent with overnight US trading and FX movement."
2024-02-12,TATA_MOTORS,TTM,TATAMOTORS.NS,67.12,1097.52,82.37,5,1105.8,8.28,0.75,0.0,n/a,Normal market alignment.
2024-02-13,TATA_MOTORS,TTM,TATAMOTORS.NS,67.65,1116.88,82.34,5,1114.02,-2.85,-0.26,0.0,n/a,Normal market alignment.
2024-02-14,TATA_MOTORS,TTM,TATAMOTORS.NS,68.54,1132.06,82.36,5,1129.01,-3.05,-0.27,0.0,n/a,Normal market alignment.
2024-02-15,TATA_MOTORS,TTM,TATAMOTORS.NS,68.94,1140.12,82.41,5,1136.29,-3.83,-0.34,0.0,n/a,Normal market alignment.
2024-02-16,TATA_MOTORS,TTM,TATAMOTORS.NS,69.14,1148.6,82.42,5,1139.79,-8.81,-0.77,0.0,n/a,Normal market alignment.
2024-02-19,TATA_MOTORS,TTM,TATAMOTORS.NS,68.64,1116.18,82.41,5,1131.38,15.19,1.36,0.0,n/a,Normal market alignment.
2024-02-20,TATA_MOTORS,TTM,TATAMOTORS.NS,69.5,1133.99,82.43,5,1145.78,11.79,1.04,0.0,n/a,Normal market alignment.
2024-02-21,TATA_MOTORS,TTM,TATAMOTORS.NS,70.59,1152.64,82.42,5,1163.58,10.94,0.95,0.0,n/a,Normal market alignment.
2024-02-22,TATA_MOTORS,TTM,TATAMOTORS.NS,70.54,1160.51,82.46,5,1163.37,2.85,0.25,0.0,n/a,Normal market alignment.
2024-02-23,TATA_MOTORS,TTM,TATAMOTORS.NS,70.44,1163.64,82.39,5,1160.66,-2.99,-0.26,0.0,n/a,Normal market alignment.
2024-02-26,TATA_MOTORS,TTM,TATAMOTORS.NS,72.14,1181.87,82.37,5,1188.53,6.66,0.56,0.0,n/a,Normal market alignment.
2024-02-27,TATA_MOTORS,TTM,TATAMOTORS.NS,72.14,1197.39,82.3,5,1187.39,-10.0,-0.83,0.0,n/a,Normal market alignment.
2024-02-28,TATA_MOTORS,TTM,TATAMOTORS.NS,72.24,1203.91,82.24,5,1188.24,-15.66,-1.3,0.0,n/a,Normal market alignment.
2024-02-29,TATA_MOTORS,TTM,TATAMOTORS.NS,72.79,1209.57,82.29,5,1198.04,-11.54,-0.95,0.0,n/a,Normal market alignment.
2024-03-01,TATA_MOTORS,TTM,TATAMOTORS.NS,72.71,1192.72,82.33,5,1197.18,4.46,0.37,0.0,n/a,Normal market alignment.
2024-03-04,TATA_MOTORS,TTM,TATAMOTORS.NS,71.83,1182.86,82.3,5,1182.41,-0.45,-0.04,0.0,n/a,Normal market alignment.
2024-03-05,TATA_MOTORS,TTM,TATAMOTORS.NS,72.26,1185.43,82.24,5,1188.61,3.18,0.27,0.0,n/a,Normal market alignment.
2024-03-06,TATA_MOTORS,TTM,TATAMOTORS.NS,72.24,1184.44,82.13,5,1186.58,2.14,0.18,0.0,n/a,Normal market alignment.
2024-03-07,TATA_MOTORS,TTM,TATAMOTORS.NS,74.26,1207.15,82.1,5,1219.41,12.26,1.02,0.0,n/a,Normal market alignment.
2024-03-08,TATA_MOTORS,TTM,TATAMOTORS.NS,75.16,1241.88,82.2,5,1235.67,-6.21,-0.5,0.0,n/a,Normal market alignment.
2024-03-11,TATA_MOTORS,TTM,TATAMOTORS.NS,74.51,1222.65,82.22,5,1225.28,2.63,0.22,0.0,n/a,Normal market alignment.
2024-03-12,TATA_MOTORS,TTM,TATAMOTORS.NS,75.35,1238.85,82.2,5,1238.72,-0.12,-0.01,0.0,n/a,Normal market alignment.
2024-03-13,TATA_MOTORS,TTM,TATAMOTORS.NS,75.72,1237.18,82.22,5,1245.11,7.93,0.64,0.0,n/a,Normal market alignment.
2024-03-14,TATA_MOTORS,TTM,TATAMOTORS.NS,77.23,1271.39,82.16,5,1268.99,-2.4,-0.19,0.0,n/a,Normal market alignment.
2024-03-15,TATA_MOTORS,TTM,TATAMOTORS.NS,76.64,1260.44,82.15,5,1259.22,-1.21,-0.1,0.0,n/a,Normal market alignment.
2024-03-18,TATA_MOTORS,TTM,TATAMOTORS.NS,76.88,1264.88,82.15,5,1263.24,-1.64,-0.13,0.0,n/a,Normal market alignment.
2024-03-19,TATA_MOTORS,TTM,TATAMOTORS.NS,76.79,1271.62,82.15,5,1261.71,-9.91,-0.78,0.0,n/a,Normal market alignment.
2024-03-20,TATA_MOTORS,TTM,TATAMOTORS.NS,76.88,1281.17,82.18,5,1263.69,-17.47,-1.36,0.0,n/a,Normal market alignment.
2024-03-21,TATA_MOTORS,TTM,TATAMOTORS.NS,75.89,1262.98,82.2,5,1247.52,-15.47,-1.22,0.0,n/a,Normal market alignment.
2024-03-22,TATA_MOTORS,TTM,TATAMOTORS.NS,76.56,1267.25,82.22,5,1259.09,-8.16,-0.64,0.0,n/a,Normal market alignment.
2024-03-25,TATA_MOTORS,TTM,TATAMOTORS.NS,77.07,1278.67,82.2,5,1266.96,-11.71,-0.92,0.0,n/a,Normal market alignment.
2024-03-26,TATA_MOTORS,TTM,TATAMOTORS.NS,78.58,1302.51,82.23,5,1292.34,-10.17,-0.78,0.0,n/a,Normal market alignment.
2024-03-27,TATA_MOTORS,TTM,TATAMOTORS.NS,78.59,1317.13,82.3,5,1293.57,-23.56,-1.79,-3.5,offline,"Offline insight: TATA_MOTORS ADR-implied price is at a 1.79% discount to its NSE close, consistent with overnight US trading and FX movement."
2024-03-28,TATA_MOTORS,TTM,TATAMOTORS.NS,78.13,1302.74,82.26,5,1285.38,-17.36,-1.33,0.0,n/a,Normal market alignment.
2024-03-29,TATA_MOTORS,TTM,TATAMOTORS.NS,79.07,1301.52,82.23,5,1300.44,-1.08,-0.08,0.0,n/a,Normal market alignment.
2024-04-01,TATA_MOTORS,TTM,TATAMOTORS.NS,78.16,1280.5,82.28,5,1286.19,5.68,0.44,0.0,n/a,Normal market alignment.
2024-04-02,TATA_MOTORS,TTM,TATAMOTORS.NS,79.45,1304.72,82.28,5,1307.4,2.68,0.21,0.0,n/a,Normal market alignment.
2024-04-03,TATA_MOTORS,TTM,TATAMOTORS.NS,80.77,1326.05,82.33,5,1329.95,3.9,0.29,0.0,n/a,Normal market alignment.
2024-04-04,TATA_MOTORS,TTM,TATAMOTORS.NS,82.31,1360.65,82.32,5,1355.16,-5.49,-0.4,0.0,n/a,Normal market alignment.
2024-04-05,TATA_MOTORS,TTM,TATAMOTORS.NS,82.8,1352.1,82.38,5,1364.2,12.1,0.9,0.0,n/a,Normal market alignment.
2024-04-08,TATA_MOTORS,TTM,TATAMOTORS.NS,82.22,1328.39,82.38,5,1354.76,26.36,1.98,1.6,offline,"Offline insight: TATA_MOTORS ADR-implied price is at a 1.98% premium to its NSE close, consistent with overnight US trading and FX movement."
2024-04-09,TATA_MOTORS,TTM,TATAMOTORS.NS,82.38,1340.07,82.39,5,1357.57,17.5,1.31,0.0,n/a,Normal market alignment.
2024-04-10,TATA_MOTORS,TTM,TATAMOTORS.NS,82.88,1332.17,82.46,5,1366.77,34.6,2.6,-5.8,offline,"Offline insight: TATA_MOTORS ADR-implied price is at a 2.60% premium to its NSE close, consistent with overnight US trading and FX movement."
2024-04-11,TATA_MOTORS,TTM,TATAMOTORS.NS,82.21,1340.96,82.44,5,1355.47,14.51,1.08,0.0,n/a,Normal market alignment.
2024-04-12,TATA_MOTORS,TTM,TATAMOTORS.NS,83.87,1385.51,82.41,5,1382.37,-3.14,-0.23,0.0,n/a,Normal market alignment.
2024-04-15,TATA_MOTORS,TTM,TATAMOTORS.NS,84.63,1403.41,82.39,5,1394.53,-8.88,-0.63,0.0,n/a,Normal market alignment.
2024-04-16,TATA_MOTORS,TTM,TATAMOTORS.NS,83.52,1383.98,82.41,5,1376.6,-7.38,-0.53,0.0,n/a,Normal market alignment.
2024-04-17,TATA_MOTORS,TTM,TATAMOTORS.NS,85.91,1396.7,82.35,5,1414.83,18.14,1.3,0.0,n/a,Normal market alignment.
2024-04-18,TATA_MOTORS,TTM,TATAMOTORS.NS,86.06,1409.57,82.37,5,1417.78,8.21,0.58,0.0,n/a,Normal market alignment.
2024-04-19,TATA_MOTORS,TTM,TATAMOTORS.NS,84.67,1398.12,82.35,5,1394.59,-3.53,-0.25,0.0,n/a,Normal market alignment.
2024-04-22,TATA_MOTORS,TTM,TATAMOTORS.NS,83.64,1389.27,82.4,5,1378.43,-10.84,-0.78,0.0,n/a,Normal market alignment.
2024-04-23,TATA_MOTORS,TTM,TATAMOTORS.NS,85.53,1403.35,82.31,5,1407.98,4.63,0.33,0.0,n/a,Normal market alignment.
2024-04-24,TATA_MOTORS,TTM,TATAMOTORS.NS,87.9,1433.57,82.28,5,1446.41,12.84,0.9,0.0,n/a,Normal market alignment.
2024-04-25,TATA_MOTORS,TTM,TATAMOTORS.NS,89.26,1464.66,82.21,5,1467.56,2.9,0.2,0.0,n/a,Normal market alignment.
2024-04-26,TATA_MOTORS,TTM,TATAMOTORS.NS,91.05,1514.55,82.18,5,1496.46,-18.09,-1.19,0.0,n/a,Normal market alignment.
2024-04-29,TATA_MOTORS,TTM,TATAMOTORS.NS,92.74,1547.74,82.19,5,1524.42,-23.32,-1.51,0.3,offline,"Offline insight: TATA_MOTORS ADR-implied price is at a 1.51% discount to its NSE close, consistent with overnight US trading and FX movement."
2024-04-30,TATA_MOTORS,TTM,TATAMOTORS.NS,93.54,1532.88,82.18,5,1537.5,4.61,0.3,0.0,n/a,Normal market alignment.
2024-05-01,TATA_MOTORS,TTM,TATAMOTORS.NS,94.03,1535.2,82.17,5,1545.37,10.17,0.66,0.0,n/a,Normal market alignment.
2024-05-02,TATA_MOTORS,TTM,TATAMOTORS.NS,94.82,1551.37,82.17,5,1558.25,6.88,0.44,0.0,n/a,Normal market alignment.
2024-05-03,TATA_MOTORS,TTM,TATAMOTORS.NS,95.9,1551.67,82.18,5,1576.1,24.43,1.57,-3.7,offline,"Offline insight: TATA_MOTORS ADR-implied price is at a 1.57% premium to its NSE close, consistent with overnight US trading and FX movement."
2024-05-06,TATA_MOTORS,TTM,TATAMOTORS.NS,94.86,1523.03,82.14,5,1558.29,35.26,2.32,2.5,offline,"Offline insight: TATA_MOTORS ADR-implied price is at a 2.32% premium to its NSE close, consistent with overnight US trading and FX movement."
2024-05-07,TATA_MOTORS,TTM,TATAMOTORS.NS,95.93,1555.21,82.17,5,1576.43,21.21,1.36,0.0,n/a,Normal market alignment.
2024-05-08,TATA_MOTORS,TTM,TATAMOTORS.NS,98.06,1599.04,82.19,5,1611.93,12.89,0.81,0.0,n/a,Normal market alignment.
2024-05-09,TATA_MOTORS,TTM,TATAMOTORS.NS,97.78,1606.52,82.21,5,1607.75,1.23,0.08,0.0,n/a,Normal market alignment.
2024-05-10,TATA_MOTORS,TTM,TATAMOTORS.NS,97.35,1603.59,82.23,5,1601.13,-2.46,-0.15,0.0,n/a,Normal market alignment.
2024-05-13,TATA_MOTORS,TTM,TATAMOTORS.NS,98.08,1631.79,82.25,5,1613.31,-18.48,-1.13,0.0,n/a,Normal market alignment.
2024-05-14,TATA_MOTORS,TTM,TATAMOTORS.NS,97.15,1627.71,82.33,5,1599.67,-28.04,-1.72,3.5,offline,"Offline insight: TATA_MOTORS ADR-implied price is at a 1.72% discount to its NSE close, consistent with overnight US trading and FX movement."
2024-05-15,TATA_MOTORS,TTM,TATAMOTORS.NS,95.26,1604.44,82.33,5,1568.5,-35.93,-2.24,4.9,offline,"Offline insight: TATA_MOTORS ADR-implied price is at a 2.24% discount to its NSE close, consistent with overnight US trading and FX movement."
2024-05-16,TATA_MOTORS,TTM,TATAMOTORS.NS,96.93,1605.14,82.31,5,1595.76,-9.38,-0.58,0.0,n/a,Normal market alignment.
2024-05-17,TATA_MOTORS,TTM,TATAMOTORS.NS,96.3,1608.1,82.29,5,1584.88,-23.22,-1.44,0.0,n/a,Normal market alignment.
2024-05-20,TATA_MOTORS,TTM,TATAMOTORS.NS,96.36,1577.15,82.25,5,1585.02,7.87,0.5,0.0,n/a,Normal market alignment.
2024-05-21,TATA_MOTORS,TTM,TATAMOTORS.NS,95.51,1573.39,82.2,5,1570.06,-3.34,-0.21,0.0,n/a,Normal market alignment.
2024-05-22,TATA_MOTORS,TTM,TATAMOTORS.NS,97.36,1582.69,82.16,5,1599.92,17.23,1.09,0.0,n/a,Normal market alignment.
2024-05-23,TATA_MOTORS,TTM,TATAMOTORS.NS,98.64,1614.42,82.16,5,1620.84,6.42,0.4,0.0,n/a,Normal market alignment.
2024-05-24,TATA_MOTORS,TTM,TATAMOTORS.NS,98.31,1629.74,82.17,5,1615.76,-13.98,-0.86,0.0,n/a,Normal market alignment.
2024-05-27,TATA_MOTORS,TTM,TATAMOTORS.NS,96.6,1581.63,82.18,5,1587.71,6.07,0.38,0.0,n/a,Normal market alignment.
2024-05-28,TATA_MOTORS,TTM,TATAMOTORS.NS,96.13,1560.44,82.15,5,1579.35,18.91,1.21,0.0,n/a,Normal market alignment.
2024-05-29,TATA_MOTORS,TTM,TATAMOTORS.NS,96.98,1592.57,82.18,5,1594.05,1.48,0.09,0.0,n/a,Normal market alignment.
2024-05-30,TATA_MOTORS,TTM,TATAMOTORS.NS,97.28,1602.46,82.22,5,1599.63,-2.83,-0.18,0.0,n/a,Normal market alignment.
2024-05-31,TATA_MOTORS,TTM,TATAMOTORS.NS,97.47,1614.57,82.21,5,1602.63,-11.95,-0.74,0.0,n/a,Normal market alignment.
2024-06-03,TATA_MOTORS,TTM,TATAMOTORS.NS,97.81,1616.24,82.19,5,1607.7,-8.54,-0.53,0.0,n/a,Normal market alignment.
2024-06-04,TATA_MOTORS,TTM,TATAMOTORS.NS,98.95,1630.88,82.21,5,1626.94,-3.94,-0.24,0.0,n/a,Normal market alignment.
2024-06-05,TATA_MOTORS,TTM,TATAMOTORS.NS,98.92,1632.96,82.22,5,1626.57,-6.38,-0.39,0.0,n/a,Normal market alignment.
2024-06-06,TATA_MOTORS,TTM,TATAMOTORS.NS,99.62,1661.97,82.16,5,1636.91,-25.06,-1.51,6.9,offline,"Offline insight: TATA_MOTORS ADR-implied price is at a 1.51% discount to its NSE close, consistent with overnight US trading and FX movement."
2024-06-07,TATA_MOTORS,TTM,TATAMOTORS.NS,98.17,1634.57,82.16,5,1613.13,-21.43,-1.31,0.0,n/a,Normal market alignment.
2024-06-10,TATA_MOTORS,TTM,TATAMOTORS.NS,101.96,1680.59,82.17,5,1675.65,-4.95,-0.29,0.0,n/a,Normal market alignment.
2024-06-11,TATA_MOTORS,TTM,TATAMOTORS.NS,101.56,1673.71,82.13,5,1668.3,-5.4,-0.32,0.0,n/a,Normal market alignment.
2024-06-12,TATA_MOTORS,TTM,TATAMOTORS.NS,101.9,1681.18,82.14,5,1674.07,-7.11,-0.42,0.0,n/a,Normal market alignment.
2024-06-13,TATA_MOTORS,TTM,TATAMOTORS.NS,102.8,1703.04,82.09,5,1687.63,-15.42,-0.91,0.0,n/a,Normal market alignment.
2024-06-14,TATA_MOTORS,TTM,TATAMOTORS.NS,102.19,1695.29,82.14,5,1678.85,-16.45,-0.97,0.0,n/a,Normal market alignment.
2024-06-17,TATA_MOTORS,TTM,TATAMOTORS.NS,102.24,1673.82,82.19,5,1680.59,6.76,0.4,0.0,n/a,Normal market alignment.
2024-06-18,TATA_MOTORS,TTM,TATAMOTORS.NS,102.26,1690.18,82.18,5,1680.8,-9.39,-0.56,0.0,n/a,Normal market alignment.
2024-06-19,TATA_MOTORS,TTM,TATAMOTORS.NS,100.89,1655.73,82.2,5,1658.57,2.84,0.17,0.0,n/a,Normal market alignment.
2024-06-20,TATA_MOTORS,TTM,TATAMOTORS.NS,101.58,1665.78,82.1,5,1668.04,2.26,0.14,0.0,n/a,Normal market alignment.
2024-06-21,TATA_MOTORS,TTM,TATAMOTORS.NS,99.1,1622.28,82.06,5,1626.38,4.1,0.25,0.0,n/a,Normal market alignment.
2024-06-24,TATA_MOTORS,TTM,TATAMOTORS.NS,101.74,1675.45,82.05,5,1669.41,-6.05,-0.36,0.0,n/a,Normal market alignment.
2024-06-25,TATA_MOTORS,TTM,TATAMOTORS.NS,102.98,1696.76,82.0,5,1688.9,-7.85,-0.46,0.0,n/a,Normal market alignment.
2024-06-26,TATA_MOTORS,TTM,TATAMOTORS.NS,103.99,1711.04,82.03,5,1706.22,-4.82,-0.28,0.0,n/a,Normal market alignment.
2024-06-27,TATA_MOTORS,TTM,TATAMOTORS.NS,101.32,1672.84,82.11,5,1663.92,-8.92,-0.53,0.0,n/a,Normal market alignment.
2024-06-28,TATA_MOTORS,TTM,TATAMOTORS.NS,100.14,1645.17,82.07,5,1643.72,-1.45,-0.09,0.0,n/a,Normal market alignment.
2024-07-01,TATA_MOTORS,TTM,TATAMOTORS.NS,102.26,1673.33,82.04,5,1677.8,4.47,0.27,0.0,n/a,Normal market alignment.
2024-07-02,TATA_MOTORS,TTM,TATAMOTORS.NS,108.66,1753.52,82.05,5,1783.0,29.48,1.68,-0.6,offline,"Offline insight: TATA_MOTORS ADR-implied price is at a 1.68% premium to its NSE close, consistent with overnight US trading and FX movement."
2024-07-03,TATA_MOTORS,TTM,TATAMOTORS.NS,110.64,1795.33,82.11,5,1816.94,21.61,1.2,0.0,n/a,Normal market alignment.
2024-07-04,TATA_MOTORS,TTM,TATAMOTORS.NS,112.39,1856.11,82.06,5,1844.67,-11.44,-0.62,0.0,n/a,Normal market alignment.
2024-07-05,TATA_MOTORS,TTM,TATAMOTORS.NS,113.31,1851.77,82.08,5,1860.0,8.23,0.44,0.0,n/a,Normal market alignment.
2024-07-08,TATA_MOTORS,TTM,TATAMOTORS.NS,111.9,1836.29,82.15,5,1838.56,2.27,0.12,0.0,n/a,Normal market alignment.
2024-07-09,TATA_MOTORS,TTM,TATAMOTORS.NS,113.61,1837.83,82.08,5,1865.08,27.25,1.48,0.0,n/a,Normal market alignment.
2024-07-10,TATA_MOTORS,TTM,TATAMOTORS.NS,111.77,1799.18,82.03,5,1833.71,34.53,1.92,2.4,offline,"Offline insight: TATA_MOTORS ADR-implied price is at a 1.92% premium to its NSE close, consistent with overnight US trading and FX movement."
2024-07-11,TATA_MOTORS,TTM,TATAMOTORS.NS,109.77,1786.36,82.02,5,1800.61,14.25,0.8,0.0,n/a,Normal market alignment.
2024-07-12,TATA_MOTORS,TTM,TATAMOTORS.NS,107.71,1749.12,82.0,5,1766.33,17.21,0.98,0.0,n/a,Normal market alignment.
2024-07-15,TATA_MOTORS,TTM,TATAMOTORS.NS,109.31,1790.31,82.03,5,1793.44,3.13,0.17,0.0,n/a,Normal market alignment.
2024-07-16,TATA_MOTORS,TTM,TATAMOTORS.NS,109.25,1790.76,82.04,5,1792.67,1.91,0.11,0.0,n/a,Normal market alignment.
2024-07-17,TATA_MOTORS,TTM,TATAMOTORS.NS,109.45,1784.8,81.97,5,1794.39,9.59,0.54,0.0,n/a,Normal market alignment.
2024-07-18,TATA_MOTORS,TTM,TATAMOTORS.NS,109.46,1775.43,81.99,5,1794.98,19.55,1.1,0.0,n/a,Normal market alignment.
2024-07-19,TATA_MOTORS,TTM,TATAMOTORS.NS,107.64,1742.3,81.97,5,1764.74,22.43,1.29,0.0,n/a,Normal market alignment.
2024-07-22,TATA_MOTORS,TTM,TATAMOTORS.NS,106.59,1734.31,82.02,5,1748.62,14.31,0.82,0.0,n/a,Normal market alignment.
2024-07-23,TATA_MOTORS,TTM,TATAMOTORS.NS,105.63,1694.52,82.0,5,1732.36,37.85,2.23,-6.7,offline,"Offline insight: TATA_MOTORS ADR-implied price is at a 2.23% premium to its NSE close, consistent with overnight US trading and FX movement."
2024-07-24,TATA_MOTORS,TTM,TATAMOTORS.NS,103.44,1677.66,81.97,5,1695.86,18.19,1.08,0.0,n/a,Normal market alignment.
2024-07-25,TATA_MOTORS,TTM,TATAMOTORS.NS,102.69,1692.03,82.0,5,1684.01,-8.03,-0.47,0.0,n/a,Normal market alignment.
2024-07-26,TATA_MOTORS,TTM,TATAMOTORS.NS,101.05,1679.24,82.03,5,1657.83,-21.41,-1.27,0.0,n/a,Normal market alignment.
2024-07-29,TATA_MOTORS,TTM,TATAMOTORS.NS,101.96,1668.63,82.05,5,1673.08,4.45,0.27,0.0,n/a,Normal market alignment.
2024-07-30,TATA_MOTORS,TTM,TATAMOTORS.NS,103.0,1687.01,81.98,5,1688.8,1.8,0.11,0.0,n/a,Normal market alignment.
2024-07-31,TATA_MOTORS,TTM,TATAMOTORS.NS,101.03,1654.1,82.0,5,1656.99,2.9,0.18,0.0,n/a,Normal market alignment.
2024-08-01,TATA_MOTORS,TTM,TATAMOTORS.NS,100.61,1653.85,81.96,5,1649.31,-4.54,-0.27,0.0,n/a,Normal market alignment.
2024-08-02,TATA_MOTORS,TTM,TATAMOTORS.NS,103.44,1704.14,81.97,5,1695.94,-8.21,-0.48,0.0,n/a,Normal market alignment.
2024-08-05,TATA_MOTORS,TTM,TATAMOTORS.NS,101.95,1684.5,81.92,5,1670.35,-14.15,-0.84,0.0,n/a,Normal market alignment.
2024-08-06,TATA_MOTORS,TTM,TATAMOTORS.NS,102.64,1684.87,81.94,5,1681.93,-2.93,-0.17,0.0,n/a,Normal market alignment.
2024-08-07,TATA_MOTORS,TTM,TATAMOTORS.NS,102.83,1687.37,81.91,5,1684.45,-2.91,-0.17,0.0,n/a,Normal market alignment.
2024-08-08,TATA_MOTORS,TTM,TATAMOTORS.NS,104.55,1708.09,81.86,5,1711.52,3.43,0.2,0.0,n/a,Normal market alignment.
2024-08-09,TATA_MOTORS,TTM,TATAMOTORS.NS,105.04,1714.1,81.89,5,1720.24,6.14,0.36,0.0,n/a,Normal market alignment.
2024-08-12,TATA_MOTORS,TTM,TATAMOTORS.NS,104.39,1711.28,81.9,5,1709.85,-1.42,-0.08,0.0,n/a,Normal market alignment.
2024-08-13,TATA_MOTORS,TTM,TATAMOTORS.NS,104.53,1730.11,81.87,5,1711.58,-18.53,-1.07,0.0,n/a,Normal market alignment.
2024-08-14,TATA_MOTORS,TTM,TATAMOTORS.NS,104.69,1745.53,81.93,5,1715.42,-30.1,-1.72,5.7,offline,"Offline insight: TATA_MOTORS ADR-implied price is at a 1.72% discount to its NSE close, consistent with overnight US trading and FX movement."
2024-08-15,TATA_MOTORS,TTM,TATAMOTORS.NS,104.57,1694.86,81.91,5,1713.23,18.37,1.08,0.0,n/a,Normal market alignment.
2024-08-16,TATA_MOTORS,TTM,TATAMOTORS.NS,102.54,1652.06,81.92,5,1679.89,27.84,1.69,1.6,offline,"Offline insight: TATA_MOTORS ADR-implied price is at a 1.69% premium to its NSE close, consistent with overnight US trading and FX movement."
2024-08-19,TATA_MOTORS,TTM,TATAMOTORS.NS,104.48,1679.24,81.93,5,1711.97,32.73,1.95,-1.1,offline,"Offline insight: TATA_MOTORS ADR-implied price is at a 1.95% premium to its NSE close, consistent with overnight US trading and FX movement."
2024-08-20,TATA_MOTORS,TTM,TATAMOTORS.NS,106.18,1727.32,81.9,5,1739.36,12.04,0.7,0.0,n/a,Normal market alignment.
2024-08-21,TATA_MOTORS,TTM,TATAMOTORS.NS,104.55,1705.8,81.92,5,1713.05,7.25,0.43,0.0,n/a,Normal market alignment.
2024-08-22,TATA_MOTORS,TTM,TATAMOTORS.NS,104.11,1710.82,81.9,5,1705.42,-5.4,-0.32,0.0,n/a,Normal market alignment.
2024-08-23,TATA_MOTORS,TTM,TATAMOTORS.NS,103.79,1718.89,81.89,5,1699.85,-19.04,-1.11,0.0,n/a,Normal market alignment.
2024-08-26,TATA_MOTORS,TTM,TATAMOTORS.NS,102.02,1690.2,81.94,5,1672.0,-18.2,-1.08,0.0,n/a,Normal market alignment.
2024-08-27,TATA_MOTORS,TTM,TATAMOTORS.NS,99.19,1620.31,81.9,5,1624.88,4.57,0.28,0.0,n/a,Normal market alignment.
2024-08-28,TATA_MOTORS,TTM,TATAMOTORS.NS,98.23,1595.06,81.81,5,1607.15,12.09,0.76,0.0,n/a,Normal market alignment.
2024-08-29,TATA_MOTORS,TTM,TATAMOTORS.NS,97.73,1603.91,81.87,5,1600.32,-3.6,-0.22,0.0,n/a,Normal market alignment.
2024-08-30,TATA_MOTORS,TTM,TATAMOTORS.NS,95.65,1573.76,81.98,5,1568.17,-5.59,-0.35,0.0,n/a,Normal market alignment.
2024-09-02,TATA_MOTORS,TTM,TATAMOTORS.NS,95.93,1567.63,81.96,5,1572.51,4.88,0.31,0.0,n/a,Normal market alignment.
2024-09-03,TATA_MOTORS,TTM,TATAMOTORS.NS,97.63,1602.33,81.88,5,1598.92,-3.41,-0.21,0.0,n/a,Normal market alignment.
2024-09-04,TATA_MOTORS,TTM,TATAMOTORS.NS,98.89,1620.54,81.87,5,1619.37,-1.17,-0.07,0.0,n/a,Normal market alignment.
2024-09-05,TATA_MOTORS,TTM,TATAMOTORS.NS,98.74,1612.73,81.86,5,1616.57,3.84,0.24,0.0,n/a,Normal market alignment.
2024-09-06,TATA_MOTORS,TTM,TATAMOTORS.NS,96.04,1565.78,81.86,5,1572.3,6.52,0.42,0.0,n/a,Normal market alignment.
2024-09-09,TATA_MOTORS,TTM,TATAMOTORS.NS,97.1,1582.04,81.81,5,1588.81,6.77,0.43,0.0,n/a,Normal market alignment.
2024-09-10,TATA_MOTORS,TTM,TATAMOTORS.NS,97.34,1596.45,81.84,5,1593.24,-3.21,-0.2,0.0,n/a,Normal market alignment.
2024-09-11,TATA_MOTORS,TTM,TATAMOTORS.NS,97.99,1612.46,81.86,5,1604.29,-8.16,-0.51,0.0,n/a,Normal market alignment.
2024-09-12,TATA_MOTORS,TTM,TATAMOTORS.NS,100.87,1668.49,81.8,5,1650.18,-18.31,-1.1,0.0,n/a,Normal market alignment.
2024-09-13,TATA_MOTORS,TTM,TATAMOTORS.NS,99.65,1659.91,81.83,5,1630.84,-29.07,-1.75,-0.9,offline,"Offline insight: TATA_MOTORS ADR-implied price is at a 1.75% discount to its NSE close, consistent with overnight US trading and FX movement."
2024-09-16,TATA_MOTORS,TTM,TATAMOTORS.NS,95.38,1580.46,81.91,5,1562.59,-17.88,-1.13,0.0,n/a,Normal market alignment.
2024-09-17,TATA_MOTORS,TTM,TATAMOTORS.NS,93.9,1540.16,81.92,5,1538.51,-1.65,-0.11,0.0,n/a,Normal market alignment.
2024-09-18,TATA_MOTORS,TTM,TATAMOTORS.NS,94.62,1566.09,81.91,5,1549.95,-16.14,-1.03,0.0,n/a,Normal market alignment.
2024-09-19,TATA_MOTORS,TTM,TATAMOTORS.NS,94.68,1557.61,81.9,5,1550.96,-6.66,-0.43,0.0,n/a,Normal market alignment.
2024-09-20,TATA_MOTORS,TTM,TATAMOTORS.NS,92.98,1519.17,81.93,5,1523.62,4.45,0.29,0.0,n/a,Normal market alignment.
2024-09-23,TATA_MOTORS,TTM,TATAMOTORS.NS,91.03,1507.11,81.86,5,1490.38,-16.73,-1.11,0.0,n/a,Normal market alignment.
2024-09-24,TATA_MOTORS,TTM,TATAMOTORS.NS,90.58,1495.84,81.87,5,1483.04,-12.8,-0.86,0.0,n/a,Normal market alignment.
2024-09-25,TATA_MOTORS,TTM,TATAMOTORS.NS,88.91,1446.26,81.85,5,1455.51,9.24,0.64,0.0,n/a,Normal market alignment.
2024-09-26,TATA_MOTORS,TTM,TATAMOTORS.NS,89.63,1457.43,81.93,5,1468.65,11.22,0.77,0.0,n/a,Normal market alignment.
2024-09-27,TATA_MOTORS,TTM,TATAMOTORS.NS,89.1,1472.4,81.92,5,1459.92,-12.48,-0.85,0.0,n/a,Normal market alignment.
2024-09-30,TATA_MOTORS,TTM,TATAMOTORS.NS,88.29,1448.51,81.99,5,1447.82,-0.69,-0.05,0.0,n/a,Normal market alignment.
2024-10-01,TATA_MOTORS,TTM,TATAMOTORS.NS,87.31,1438.98,81.95,5,1431.04,-7.94,-0.55,0.0,n/a,Normal market alignment.
2024-10-02,TATA_MOTORS,TTM,TATAMOTORS.NS,87.69,1435.35,81.97,5,1437.54,2.19,0.15,0.0,n/a,Normal market alignment.
2024-10-03,TATA_MOTORS,TTM,TATAMOTORS.NS,87.77,1444.79,81.99,5,1439.14,-5.66,-0.39,0.0,n/a,Normal market alignment.
2024-10-04,TATA_MOTORS,TTM,TATAMOTORS.NS,88.06,1447.27,81.95,5,1443.33,-3.94,-0.27,0.0,n/a,Normal market alignment.
2024-10-07,TATA_MOTORS,TTM,TATAMOTORS.NS,88.32,1455.66,81.96,5,1447.81,-7.85,-0.54,0.0,n/a,Normal market alignment.
2024-10-08,TATA_MOTORS,TTM,TATAMOTORS.NS,88.26,1452.22,82.01,5,1447.55,-4.67,-0.32,0.0,n/a,Normal market alignment.
2024-10-09,TATA_MOTORS,TTM,TATAMOTORS.NS,86.91,1433.8,82.0,5,1425.34,-8.46,-0.59,0.0,n/a,Normal market alignment.
2024-10-10,TATA_MOTORS,TTM,TATAMOTORS.NS,85.99,1416.24,81.93,5,1409.01,-7.23,-0.51,0.0,n/a,Normal market alignment.
2024-10-11,TATA_MOTORS,TTM,TATAMOTORS.NS,85.5,1417.1,81.93,5,1401.09,-16.0,-1.13,0.0,n/a,Normal market alignment.
2024-10-14,TATA_MOTORS,TTM,TATAMOTORS.NS,88.18,1449.14,81.9,5,1444.3,-4.84,-0.33,0.0,n/a,Normal market alignment.
2024-10-15,TATA_MOTORS,TTM,TATAMOTORS.NS,86.42,1416.39,81.88,5,1415.29,-1.1,-0.08,0.0,n/a,Normal market alignment.
2024-10-16,TATA_MOTORS,TTM,TATAMOTORS.NS,85.9,1423.55,81.88,5,1406.78,-16.77,-1.18,0.0,n/a,Normal market alignment.
2024-10-17,TATA_MOTORS,TTM,TATAMOTORS.NS,86.06,1408.29,81.81,5,1408.12,-0.17,-0.01,0.0,n/a,Normal market alignment.
2024-10-18,TATA_MOTORS,TTM,TATAMOTORS.NS,85.69,1402.88,81.75,5,1401.04,-1.83,-0.13,0.0,n/a,Normal market alignment.
2024-10-21,TATA_MOTORS,TTM,TATAMOTORS.NS,87.1,1423.89,81.77,5,1424.39,0.5,0.03,0.0,n/a,Normal market alignment.
2024-10-22,TATA_MOTORS,TTM,TATAMOTORS.NS,86.72,1410.04,81.75,5,1417.88,7.84,0.56,0.0,n/a,Normal market alignment.
2024-10-23,TATA_MOTORS,TTM,TATAMOTORS.NS,86.44,1403.65,81.65,5,1411.56,7.91,0.56,0.0,n/a,Normal market alignment.
2024-10-24,TATA_MOTORS,TTM,TATAMOTORS.NS,87.52,1413.49,81.68,5,1429.8,16.31,1.15,0.0,n/a,Normal market alignment.
2024-10-25,TATA_MOTORS,TTM,TATAMOTORS.NS,89.93,1462.16,81.69,5,1469.28,7.12,0.49,0.0,n/a,Normal market alignment.
2024-10-28,TATA_MOTORS,TTM,TATAMOTORS.NS,91.85,1485.14,81.67,5,1500.23,15.09,1.02,0.0,n/a,Normal market alignment.
2024-10-29,TATA_MOTORS,TTM,TATAMOTORS.NS,91.69,1486.32,81.61,5,1496.66,10.34,0.7,0.0,n/a,Normal market alignment.
2024-10-30,TATA_MOTORS,TTM,TATAMOTORS.NS,91.65,1485.15,81.65,5,1496.63,11.48,0.77,0.0,n/a,Normal market alignment.
2024-10-31,TATA_MOTORS,TTM,TATAMOTORS.NS,91.74,1487.3,81.66,5,1498.4,11.1,0.75,0.0,n/a,Normal market alignment.
2024-11-01,TATA_MOTORS,TTM,TATAMOTORS.NS,91.97,1484.39,81.76,5,1503.92,19.54,1.32,0.0,n/a,Normal market alignment.
2024-11-04,TATA_MOTORS,TTM,TATAMOTORS.NS,90.83,1466.6,81.78,5,1485.58,18.99,1.29,0.0,n/a,Normal market alignment.
2024-11-05,TATA_MOTORS,TTM,TATAMOTORS.NS,92.13,1500.2,81.79,5,1507.2,7.0,0.47,0.0,n/a,Normal market alignment.
2024-11-06,TATA_MOTORS,TTM,TATAMOTORS.NS,92.45,1514.78,81.79,5,1512.22,-2.56,-0.17,0.0,n/a,Normal market alignment.
2024-11-07,TATA_MOTORS,TTM,TATAMOTORS.NS,92.41,1514.34,81.82,5,1512.28,-2.06,-0.14,0.0,n/a,Normal market alignment.
2024-11-08,TATA_MOTORS,TTM,TATAMOTORS.NS,90.68,1493.54,81.85,5,1484.37,-9.17,-0.61,0.0,n/a,Normal market alignment.
2024-11-11,TATA_MOTORS,TTM,TATAMOTORS.NS,90.79,1503.74,81.9,5,1487.13,-16.61,-1.1,0.0,n/a,Normal market alignment.
2024-11-12,TATA_MOTORS,TTM,TATAMOTORS.NS,88.24,1476.78,81.88,5,1445.0,-31.79,-2.15,3.6,offline,"Offline insight: TATA_MOTORS ADR-implied price is at a 2.15% discount to its NSE close, consistent with overnight US trading and FX movement."
2024-11-13,TATA_MOTORS,TTM,TATAMOTORS.NS,87.5,1467.4,81.86,5,1432.53,-34.87,-2.38,4.7,offline,"Offline insight: TATA_MOTORS ADR-implied price is at a 2.38% discount to its NSE close, consistent with overnight US trading and FX movement."
2024-11-14,TATA_MOTORS,TTM,TATAMOTORS.NS,86.78,1421.06,81.84,5,1420.55,-0.51,-0.04,0.0,n/a,Normal market alignment.
2024-11-15,TATA_MOTORS,TTM,TATAMOTORS.NS,87.18,1434.56,81.88,5,1427.66,-6.9,-0.48,0.0,n/a,Normal market alignment.
2024-11-18,TATA_MOTORS,TTM,TATAMOTORS.NS,89.67,1454.26,81.94,5,1469.44,15.18,1.04,0.0,n/a,Normal market alignment.
2024-11-19,TATA_MOTORS,TTM,TATAMOTORS.NS,90.46,1468.83,81.92,5,1482.17,13.34,0.91,0.0,n/a,Normal market alignment.
2024-11-20,TATA_MOTORS,TTM,TATAMOTORS.NS,92.46,1506.83,81.9,5,1514.52,7.69,0.51,0.0,n/a,Normal market alignment.
2024-11-21,TATA_MOTORS,TTM,TATAMOTORS.NS,93.38,1541.36,81.92,5,1529.89,-11.47,-0.74,0.0,n/a,Normal market alignment.
2024-11-22,TATA_MOTORS,TTM,TATAMOTORS.NS,94.98,1562.92,81.91,5,1556.0,-6.93,-0.44,0.0,n/a,Normal market alignment.
2024-11-25,TATA_MOTORS,TTM,TATAMOTORS.NS,97.66,1583.8,81.95,5,1600.57,16.77,1.06,0.0,n/a,Normal market alignment.
2024-11-26,TATA_MOTORS,TTM,TATAMOTORS.NS,96.61,1554.93,81.86,5,1581.76,26.83,1.73,4.3,offline,"Offline insight: TATA_MOTORS ADR-implied price is at a 1.73% premium to its NSE close, consistent with overnight US trading and FX movement."
2024-11-27,TATA_MOTORS,TTM,TATAMOTORS.NS,95.49,1543.76,81.83,5,1562.71,18.95,1.23,0.0,n/a,Normal market alignment.
2024-11-28,TATA_MOTORS,TTM,TATAMOTORS.NS,96.47,1579.34,81.8,5,1578.27,-1.07,-0.07,0.0,n/a,Normal market alignment.
2024-11-29,TATA_MOTORS,TTM,TATAMOTORS.NS,96.5,1588.17,81.71,5,1576.88,-11.29,-0.71,0.0,n/a,Normal market alignment.
2024-12-02,TATA_MOTORS,TTM,TATAMOTORS.NS,96.85,1598.2,81.67,5,1581.84,-16.35,-1.02,0.0,n/a,Normal market alignment.
2024-12-03,TATA_MOTORS,TTM,TATAMOTORS.NS,96.51,1571.32,81.63,5,1575.73,4.41,0.28,0.0,n/a,Normal market alignment.
2024-12-04,TATA_MOTORS,TTM,TATAMOTORS.NS,95.68,1541.77,81.62,5,1561.97,20.21,1.31,0.0,n/a,Normal market alignment.
2024-12-05,TATA_MOTORS,TTM,TATAMOTORS.NS,98.03,1586.66,81.67,5,1601.31,14.65,0.92,0.0,n/a,Normal market alignment.
2024-12-06,TATA_MOTORS,TTM,TATAMOTORS.NS,96.45,1569.83,81.66,5,1575.2,5.37,0.34,0.0,n/a,Normal market alignment.
2024-12-09,TATA_MOTORS,TTM,TATAMOTORS.NS,97.47,1570.86,81.62,5,1591.11,20.25,1.29,0.0,n/a,Normal market alignment.
2024-12-10,TATA_MOTORS,TTM,TATAMOTORS.NS,98.26,1602.65,81.62,5,1604.07,1.42,0.09,0.0,n/a,Normal market alignment.
2024-12-11,TATA_MOTORS,TTM,TATAMOTORS.NS,95.97,1565.98,81.66,5,1567.39,1.4,0.09,0.0,n/a,Normal market alignment.
2024-12-12,TATA_MOTORS,TTM,TATAMOTORS.NS,94.8,1541.78,81.63,5,1547.6,5.82,0.38,0.0,n/a,Normal market alignment.
2024-12-13,TATA_MOTORS,TTM,TATAMOTORS.NS,93.89,1537.82,81.59,5,1532.02,-5.8,-0.38,0.0,n/a,Normal market alignment.
2024-12-16,TATA_MOTORS,TTM,TATAMOTORS.NS,94.71,1556.34,81.61,5,1545.89,-10.45,-0.67,0.0,n/a,Normal market alignment.
2024-12-17,TATA_MOTORS,TTM,TATAMOTORS.NS,94.22,1551.7,81.61,5,1537.7,-14.0,-0.9,0.0,n/a,Normal market alignment.
2024-12-18,TATA_MOTORS,TTM,TATAMOTORS.NS,94.12,1529.8,81.63,5,1536.69,6.89,0.45,0.0,n/a,Normal market alignment.
2024-12-19,TATA_MOTORS,TTM,TATAMOTORS.NS,92.09,1479.74,81.63,5,1503.56,23.83,1.61,0.1,offline,"Offline insight: TATA_MOTORS ADR-implied price is at a 1.61% premium to its NSE close, consistent with overnight US trading and FX movement."
2024-12-20,TATA_MOTORS,TTM,TATAMOTORS.NS,95.33,1540.9,81.66,5,1557.02,16.12,1.05,0.0,n/a,Normal market alignment.
2024-12-23,TATA_MOTORS,TTM,TATAMOTORS.NS,95.46,1551.55,81.62,5,1558.38,6.83,0.44,0.0,n/a,Normal market alignment.
2024-12-24,TATA_MOTORS,TTM,TATAMOTORS.NS,96.21,1572.98,81.62,5,1570.52,-2.45,-0.16,0.0,n/a,Normal market alignment.
2024-12-25,TATA_MOTORS,TTM,TATAMOTORS.NS,95.46,1559.56,81.61,5,1558.12,-1.44,-0.09,0.0,n/a,Normal market alignment.
2024-12-26,TATA_MOTORS,TTM,TATAMOTORS.NS,94.55,1549.26,81.57,5,1542.43,-6.82,-0.44,0.0,n/a,Normal market alignment.
2024-12-27,TATA_MOTORS,TTM,TATAMOTORS.NS,97.29,1591.24,81.51,5,1585.95,-5.29,-0.33,0.0,n/a,Normal market alignment.
2024-12-30,TATA_MOTORS,TTM,TATAMOTORS.NS,94.52,1539.98,81.53,5,1541.37,1.38,0.09,0.0,n/a,Normal market alignment.
2024-12-31,TATA_MOTORS,TTM,TATAMOTORS.NS,94.95,1551.59,81.52,5,1548.02,-3.56,-0.23,0.0,n/a,Normal market alignment.
2025-01-01,TATA_MOTORS,TTM,TATAMOTORS.NS,93.25,1523.73,81.48,5,1519.61,-4.12,-0.27,0.0,n/a,Normal market alignment.
2025-01-02,TATA_MOTORS,TTM,TATAMOTORS.NS,92.71,1515.21,81.48,5,1510.78,-4.43,-0.29,0.0,n/a,Normal market alignment.
2025-01-03,TATA_MOTORS,TTM,TATAMOTORS.NS,91.85,1503.6,81.52,5,1497.62,-5.98,-0.4,0.0,n/a,Normal market alignment.
2025-01-06,TATA_MOTORS,TTM,TATAMOTORS.NS,90.52,1482.41,81.43,5,1474.29,-8.12,-0.55,0.0,n/a,Normal market alignment.
2025-01-07,TATA_MOTORS,TTM,TATAMOTORS.NS,90.6,1471.43,81.37,5,1474.45,3.02,0.2,0.0,n/a,Normal market alignment.
2025-01-08,TATA_MOTORS,TTM,TATAMOTORS.NS,87.13,1433.47,81.34,5,1417.47,-16.0,-1.12,0.0,n/a,Normal market alignment.
2025-01-09,TATA_MOTORS,TTM,TATAMOTORS.NS,86.75,1406.14,81.4,5,1412.22,6.08,0.43,0.0,n/a,Normal market alignment.
2025-01-10,TATA_MOTORS,TTM,TATAMOTORS.NS,86.66,1405.96,81.41,5,1410.94,4.98,0.35,0.0,n/a,Normal market alignment.
2025-01-13,TATA_MOTORS,TTM,TATAMOTORS.NS,84.92,1374.35,81.44,5,1383.14,8.79,0.64,0.0,n/a,Normal market alignment.
2025-01-14,TATA_MOTORS,TTM,TATAMOTORS.NS,86.87,1401.68,81.4,5,1414.17,12.49,0.89,0.0,n/a,Normal market alignment.
2025-01-15,TATA_MOTORS,TTM,TATAMOTORS.NS,86.12,1400.68,81.35,5,1401.23,0.55,0.04,0.0,n/a,Normal market alignment.
2025-01-16,TATA_MOTORS,TTM,TATAMOTORS.NS,85.84,1405.65,81.37,5,1396.98,-8.67,-0.62,0.0,n/a,Normal market alignment.
2025-01-17,TATA_MOTORS,TTM,TATAMOTORS.NS,85.1,1400.35,81.38,5,1385.05,-15.3,-1.09,0.0,n/a,Normal market alignment.
2025-01-20,TATA_MOTORS,TTM,TATAMOTORS.NS,85.02,1395.72,81.4,5,1384.16,-11.56,-0.83,0.0,n/a,Normal market alignment.
2025-01-21,TATA_MOTORS,TTM,TATAMOTORS.NS,86.72,1411.73,81.39,5,1411.62,-0.11,-0.01,0.0,n/a,Normal market alignment.
2025-01-22,TATA_MOTORS,TTM,TATAMOTORS.NS,89.96,1470.71,81.4,5,1464.63,-6.08,-0.41,0.0,n/a,Normal market alignment.
2025-01-23,TATA_MOTORS,TTM,TATAMOTORS.NS,90.99,1478.96,81.41,5,1481.58,2.63,0.18,0.0,n/a,Normal market alignment.
2025-01-24,TATA_MOTORS,TTM,TATAMOTORS.NS,92.51,1530.54,81.44,5,1506.8,-23.74,-1.55,-1.8,offline,"Offline insight: TATA_MOTORS ADR-implied price is at a 1.55% discount to its NSE close, consistent with overnight US trading and FX movement."
2025-01-27,TATA_MOTORS,TTM,TATAMOTORS.NS,94.91,1565.47,81.48,5,1546.68,-18.79,-1.2,0.0,n/a,Normal market alignment.
2025-01-28,TATA_MOTORS,TTM,TATAMOTORS.NS,95.3,1550.2,81.41,5,1551.7,1.5,0.1,0.0,n/a,Normal market alignment.
2025-01-29,TATA_MOTORS,TTM,TATAMOTORS.NS,97.57,1587.96,81.32,5,1586.98,-0.98,-0.06,0.0,n/a,Normal market alignment.
2025-01-30,TATA_MOTORS,TTM,TATAMOTORS.NS,98.76,1617.12,81.37,5,1607.13,-9.98,-0.62,0.0,n/a,Normal market alignment.
2025-01-31,TATA_MOTORS,TTM,TATAMOTORS.NS,99.0,1625.54,81.41,5,1612.05,-13.5,-0.83,0.0,n/a,Normal market alignment.
2025-02-03,TATA_MOTORS,TTM,TATAMOTORS.NS,99.55,1663.76,81.37,5,1620.21,-43.55,-2.62,6.2,offline,"Offline insight: TATA_MOTORS ADR-implied price is at a 2.62% discount to its NSE close, consistent with overnight US trading and FX movement."
2025-02-04,TATA_MOTORS,TTM,TATAMOTORS.NS,96.86,1611.74,81.3,5,1575.01,-36.73,-2.28,1.9,offline,"Offline insight: TATA_MOTORS ADR-implied price is at a 2.28% discount to its NSE close, consistent with overnight US trading and FX movement."
2025-02-05,TATA_MOTORS,TTM,TATAMOTORS.NS,97.32,1592.47,81.31,5,1582.48,-9.99,-0.63,0.0,n/a,Normal market alignment.
2025-02-06,TATA_MOTORS,TTM,TATAMOTORS.NS,95.09,1559.26,81.34,5,1547.03,-12.23,-0.78,0.0,n/a,Normal market alignment.
2025-02-07,TATA_MOTORS,TTM,TATAMOTORS.NS,92.8,1523.26,81.42,5,1511.14,-12.12,-0.8,0.0,n/a,Normal market alignment.
2025-02-10,TATA_MOTORS,TTM,TATAMOTORS.NS,93.1,1549.04,81.44,5,1516.36,-32.68,-2.11,0.6,offline,"Offline insight: TATA_MOTORS ADR-implied price is at a 2.11% discount to its NSE close, consistent with overnight US trading and FX movement."
2025-02-11,TATA_MOTORS,TTM,TATAMOTORS.NS,91.57,1528.01,81.42,5,1491.23,-36.79,-2.41,1.4,offline,"Offline insight: TATA_MOTORS ADR-implied price is at a 2.41% discount to its NSE close, consistent with overnight US trading and FX movement."
2025-02-12,TATA_MOTORS,TTM,TATAMOTORS.NS,91.59,1500.05,81.39,5,1490.88,-9.17,-0.61,0.0,n/a,Normal market alignment.
2025-02-13,TATA_MOTORS,TTM,TATAMOTORS.NS,91.81,1493.47,81.39,5,1494.45,0.97,0.07,0.0,n/a,Normal market alignment.
2025-02-14,TATA_MOTORS,TTM,TATAMOTORS.NS,92.09,1511.94,81.38,5,1498.8,-13.14,-0.87,0.0,n/a,Normal market alignment.
2025-02-17,TATA_MOTORS,TTM,TATAMOTORS.NS,90.86,1492.57,81.34,5,1478.2,-14.37,-0.96,0.0,n/a,Normal market alignment.
2025-02-18,TATA_MOTORS,TTM,TATAMOTORS.NS,92.12,1509.12,81.42,5,1500.1,-9.03,-0.6,0.0,n/a,Normal market alignment.
2025-02-19,TATA_MOTORS,TTM,TATAMOTORS.NS,92.02,1518.03,81.5,5,1499.87,-18.16,-1.2,0.0,n/a,Normal market alignment.
2025-02-20,TATA_MOTORS,TTM,TATAMOTORS.NS,92.66,1543.85,81.54,5,1511.11,-32.74,-2.12,1.8,offline,"Offline insight: TATA_MOTORS ADR-implied price is at a 2.12% discount to its NSE close, consistent with overnight US trading and FX movement."
2025-02-21,TATA_MOTORS,TTM,TATAMOTORS.NS,91.02,1504.61,81.51,5,1483.79,-20.82,-1.38,0.0,n/a,Normal market alignment.
2025-02-24,TATA_MOTORS,TTM,TATAMOTORS.NS,90.81,1487.29,81.54,5,1480.9,-6.39,-0.43,0.0,n/a,Normal market alignment.
2025-02-25,TATA_MOTORS,TTM,TATAMOTORS.NS,92.33,1503.86,81.57,5,1506.21,2.36,0.16,0.0,n/a,Normal market alignment.
2025-02-26,TATA_MOTORS,TTM,TATAMOTORS.NS,93.7,1518.21,81.59,5,1528.94,10.73,0.71,0.0,n/a,Normal market alignment.
2025-02-27,TATA_MOTORS,TTM,TATAMOTORS.NS,92.61,1522.15,81.64,5,1512.05,-10.1,-0.66,0.0,n/a,Normal market alignment.
2025-02-28,TATA_MOTORS,TTM,TATAMOTORS.NS,91.88,1506.0,81.67,5,1500.62,-5.39,-0.36,0.0,n/a,Normal market alignment.
2025-03-03,TATA_MOTORS,TTM,TATAMOTORS.NS,90.54,1485.35,81.7,5,1479.37,-5.98,-0.4,0.0,n/a,Normal market alignment.
2025-03-04,TATA_MOTORS,TTM,TATAMOTORS.NS,89.68,1470.17,81.72,5,1465.72,-4.45,-0.3,0.0,n/a,Normal market alignment.
2025-03-05,TATA_MOTORS,TTM,TATAMOTORS.NS,87.82,1440.41,81.74,5,1435.66,-4.75,-0.33,0.0,n/a,Normal market alignment.
2025-03-06,TATA_MOTORS,TTM,TATAMOTORS.NS,87.67,1441.4,81.67,5,1431.88,-9.52,-0.66,0.0,n/a,Normal market alignment.
2025-03-07,TATA_MOTORS,TTM,TATAMOTORS.NS,88.53,1483.19,81.67,5,1445.99,-37.21,-2.51,3.0,offline,"Offline insight: TATA_MOTORS ADR-implied price is at a 2.51% discount to its NSE close, consistent with overnight US trading and FX movement."
2025-03-10,TATA_MOTORS,TTM,TATAMOTORS.NS,87.51,1438.98,81.65,5,1429.02,-9.96,-0.69,0.0,n/a,Normal market alignment.
2025-03-11,TATA_MOTORS,TTM,TATAMOTORS.NS,87.42,1429.26,81.6,5,1426.63,-2.63,-0.18,0.0,n/a,Normal market alignment.
2025-03-12,TATA_MOTORS,TTM,TATAMOTORS.NS,87.15,1440.08,81.67,5,1423.53,-16.55,-1.15,0.0,n/a,Normal market alignment.
2025-03-13,TATA_MOTORS,TTM,TATAMOTORS.NS,88.56,1452.94,81.74,5,1447.73,-5.21,-0.36,0.0,n/a,Normal market alignment.
2025-03-14,TATA_MOTORS,TTM,TATAMOTORS.NS,87.77,1443.48,81.79,5,1435.85,-7.62,-0.53,0.0,n/a,Normal market alignment.
2025-03-17,TATA_MOTORS,TTM,TATAMOTORS.NS,87.04,1432.83,81.8,5,1424.09,-8.74,-0.61,0.0,n/a,Normal market alignment.
2025-03-18,TATA_MOTORS,TTM,TATAMOTORS.NS,85.96,1420.23,81.86,5,1407.39,-12.84,-0.9,0.0,n/a,Normal market alignment.
2025-03-19,TATA_MOTORS,TTM,TATAMOTORS.NS,84.52,1386.13,81.86,5,1383.82,-2.31,-0.17,0.0,n/a,Normal market alignment.
2025-03-20,TATA_MOTORS,TTM,TATAMOTORS.NS,85.22,1404.65,81.87,5,1395.38,-9.27,-0.66,0.0,n/a,Normal market alignment.
2025-03-21,TATA_MOTORS,TTM,TATAMOTORS.NS,85.07,1408.63,81.83,5,1392.24,-16.39,-1.16,0.0,n/a,Normal market alignment.
2025-03-24,TATA_MOTORS,TTM,TATAMOTORS.NS,85.17,1392.78,81.84,5,1394.09,1.31,0.09,0.0,n/a,Normal market alignment.
2025-03-25,TATA_MOTORS,TTM,TATAMOTORS.NS,86.82,1422.2,81.85,5,1421.22,-0.98,-0.07,0.0,n/a,Normal market alignment.
2025-03-26,TATA_MOTORS,TTM,TATAMOTORS.NS,88.58,1451.24,81.8,5,1449.14,-2.1,-0.14,0.0,n/a,Normal market alignment.
2025-03-27,TATA_MOTORS,TTM,TATAMOTORS.NS,86.42,1408.17,81.8,5,1413.78,5.6,0.4,0.0,n/a,Normal market alignment.
2025-03-28,TATA_MOTORS,TTM,TATAMOTORS.NS,87.29,1431.17,81.79,5,1427.9,-3.27,-0.23,0.0,n/a,Normal market alignment.
2025-03-31,TATA_MOTORS,TTM,TATAMOTORS.NS,87.61,1441.14,81.87,5,1434.44,-6.7,-0.46,0.0,n/a,Normal market alignment.
2025-04-01,TATA_MOTORS,TTM,TATAMOTORS.NS,87.03,1426.5,81.9,5,1425.58,-0.93,-0.06,0.0,n/a,Normal market alignment.
2025-04-02,TATA_MOTORS,TTM,TATAMOTORS.NS,87.48,1449.24,81.9,5,1433.04,-16.2,-1.12,0.0,n/a,Normal market alignment.
2025-04-03,TATA_MOTORS,TTM,TATAMOTORS.NS,85.24,1403.79,81.92,5,1396.54,-7.24,-0.52,0.0,n/a,Normal market alignment.
2025-04-04,TATA_MOTORS,TTM,TATAMOTORS.NS,87.14,1439.72,81.92,5,1427.65,-12.07,-0.84,0.0,n/a,Normal market alignment.
2025-04-07,TATA_MOTORS,TTM,TATAMOTORS.NS,87.84,1437.61,81.91,5,1438.98,1.38,0.1,0.0,n/a,Normal market alignment.
2025-04-08,TATA_MOTORS,TTM,TATAMOTORS.NS,86.72,1413.78,81.87,5,1420.01,6.22,0.44,0.0,n/a,Normal market alignment.
2025-04-09,TATA_MOTORS,TTM,TATAMOTORS.NS,85.99,1400.12,81.86,5,1407.88,7.76,0.55,0.0,n/a,Normal market alignment.
2025-04-10,TATA_MOTORS,TTM,TATAMOTORS.NS,83.82,1382.8,81.83,5,1371.85,-10.96,-0.79,0.0,n/a,Normal market alignment.
2025-04-11,TATA_MOTORS,TTM,TATAMOTORS.NS,83.45,1372.5,81.79,5,1364.98,-7.52,-0.55,0.0,n/a,Normal market alignment.
2025-04-14,TATA_MOTORS,TTM,TATAMOTORS.NS,82.87,1371.67,81.81,5,1355.86,-15.81,-1.15,0.0,n/a,Normal market alignment.
2025-04-15,TATA_MOTORS,TTM,TATAMOTORS.NS,81.25,1339.2,81.82,5,1329.59,-9.61,-0.72,0.0,n/a,Normal market alignment.
2025-04-16,TATA_MOTORS,TTM,TATAMOTORS.NS,82.22,1372.47,81.75,5,1344.32,-28.15,-2.05,0.7,offline,"Offline insight: TATA_MOTORS ADR-implied price is at a 2.05% discount to its NSE close, consistent with overnight US trading and FX movement."
2025-04-17,TATA_MOTORS,TTM,TATAMOTORS.NS,83.82,1402.8,81.75,5,1370.4,-32.39,-2.31,5.3,offline,"Offline insight: TATA_MOTORS ADR-implied price is at a 2.31% discount to its NSE close, consistent with overnight US trading and FX movement."
2025-04-18,TATA_MOTORS,TTM,TATAMOTORS.NS,83.81,1378.56,81.79,5,1370.94,-7.63,-0.55,0.0,n/a,Normal market alignment.
2025-04-21,TATA_MOTORS,TTM,TATAMOTORS.NS,83.45,1366.79,81.83,5,1365.79,-1.01,-0.07,0.0,n/a,Normal market alignment.
2025-04-22,TATA_MOTORS,TTM,TATAMOTORS.NS,84.02,1379.84,81.88,5,1375.81,-4.03,-0.29,0.0,n/a,Normal market alignment.
2025-04-23,TATA_MOTORS,TTM,TATAMOTORS.NS,84.02,1387.12,81.88,5,1375.86,-11.25,-0.81,0.0,n/a,Normal market alignment.
2025-04-24,TATA_MOTORS,TTM,TATAMOTORS.NS,82.68,1370.47,81.85,5,1353.4,-17.07,-1.25,0.0,n/a,Normal market alignment.
2025-04-25,TATA_MOTORS,TTM,TATAMOTORS.NS,81.9,1348.05,81.8,5,1339.86,-8.19,-0.61,0.0,n/a,Normal market alignment.
2025-04-28,TATA_MOTORS,TTM,TATAMOTORS.NS,81.56,1342.67,81.82,5,1334.55,-8.12,-0.6,0.0,n/a,Normal market alignment.
2025-04-29,TATA_MOTORS,TTM,TATAMOTORS.NS,81.88,1330.6,81.83,5,1340.18,9.58,0.72,0.0,n/a,Normal market alignment.
2025-04-30,TATA_MOTORS,TTM,TATAMOTORS.NS,81.92,1337.59,81.89,5,1341.63,4.05,0.3,0.0,n/a,Normal market alignment.
2025-05-01,TATA_MOTORS,TTM,TATAMOTORS.NS,82.2,1344.02,81.93,5,1347.01,2.99,0.22,0.0,n/a,Normal market alignment.
2025-05-02,TATA_MOTORS,TTM,TATAMOTORS.NS,80.35,1327.66,81.93,5,1316.53,-11.13,-0.84,0.0,n/a,Normal market alignment.
2025-05-05,TATA_MOTORS,TTM,TATAMOTORS.NS,81.17,1339.39,81.88,5,1329.27,-10.12,-0.76,0.0,n/a,Normal market alignment.
2025-05-06,TATA_MOTORS,TTM,TATAMOTORS.NS,81.2,1333.94,81.87,5,1329.55,-4.39,-0.33,0.0,n/a,Normal market alignment.
2025-05-07,TATA_MOTORS,TTM,TATAMOTORS.NS,84.34,1387.38,81.88,5,1381.02,-6.36,-0.46,0.0,n/a,Normal market alignment.
2025-05-08,TATA_MOTORS,TTM,TATAMOTORS.NS,83.87,1381.78,81.87,5,1373.29,-8.5,-0.62,0.0,n/a,Normal market alignment.
2025-05-09,TATA_MOTORS,TTM,TATAMOTORS.NS,84.3,1381.93,81.85,5,1379.99,-1.94,-0.14,0.0,n/a,Normal market alignment.
2025-05-12,TATA_MOTORS,TTM,TATAMOTORS.NS,87.91,1425.25,81.86,5,1439.16,13.91,0.98,0.0,n/a,Normal market alignment.
2025-05-13,TATA_MOTORS,TTM,TATAMOTORS.NS,88.19,1433.59,81.84,5,1443.45,9.85,0.69,0.0,n/a,Normal market alignment.
2025-05-14,TATA_MOTORS,TTM,TATAMOTORS.NS,88.13,1424.7,81.81,5,1441.99,17.29,1.21,0.0,n/a,Normal market alignment.
2025-05-15,TATA_MOTORS,TTM,TATAMOTORS.NS,86.85,1404.97,81.83,5,1421.31,16.34,1.16,0.0,n/a,Normal market alignment.
2025-05-16,TATA_MOTORS,TTM,TATAMOTORS.NS,88.86,1433.17,81.81,5,1454.05,20.88,1.46,0.0,n/a,Normal market alignment.
2025-05-19,TATA_MOTORS,TTM,TATAMOTORS.NS,87.35,1423.03,81.82,5,1429.39,6.37,0.45,0.0,n/a,Normal market alignment.
2025-05-20,TATA_MOTORS,TTM,TATAMOTORS.NS,87.93,1437.41,81.84,5,1439.19,1.78,0.12,0.0,n/a,Normal market alignment.
2025-05-21,TATA_MOTORS,TTM,TATAMOTORS.NS,87.33,1429.59,81.79,5,1428.62,-0.97,-0.07,0.0,n/a,Normal market alignment.
2025-05-22,TATA_MOTORS,TTM,TATAMOTORS.NS,87.11,1419.82,81.77,5,1424.67,4.85,0.34,0.0,n/a,Normal market alignment.
2025-05-23,TATA_MOTORS,TTM,TATAMOTORS.NS,85.28,1385.14,81.83,5,1395.67,10.52,0.76,0.0,n/a,Normal market alignment.
2025-05-26,TATA_MOTORS,TTM,TATAMOTORS.NS,87.02,1415.72,81.79,5,1423.41,7.69,0.54,0.0,n/a,Normal market alignment.
2025-05-27,TATA_MOTORS,TTM,TATAMOTORS.NS,86.68,1403.27,81.7,5,1416.46,13.19,0.94,0.0,n/a,Normal market alignment.
2025-05-28,TATA_MOTORS,TTM,TATAMOTORS.NS,85.13,1387.46,81.63,5,1389.82,2.35,0.17,0.0,n/a,Normal market alignment.
2025-05-29,TATA_MOTORS,TTM,TATAMOTORS.NS,86.76,1406.24,81.63,5,1416.39,10.15,0.72,0.0,n/a,Normal market alignment.
2025-05-30,TATA_MOTORS,TTM,TATAMOTORS.NS,86.13,1390.23,81.63,5,1406.14,15.9,1.14,0.0,n/a,Normal market alignment.
2025-06-02,TATA_MOTORS,TTM,TATAMOTORS.NS,86.58,1397.34,81.63,5,1413.55,16.22,1.16,0.0,n/a,Normal market alignment.
2025-06-03,TATA_MOTORS,TTM,TATAMOTORS.NS,87.7,1421.45,81.68,5,1432.69,11.23,0.79,0.0,n/a,Normal market alignment.
2025-06-04,TATA_MOTORS,TTM,TATAMOTORS.NS,88.35,1427.54,81.57,5,1441.43,13.9,0.97,0.0,n/a,Normal market alignment.
2025-06-05,TATA_MOTORS,TTM,TATAMOTORS.NS,85.47,1395.24,81.59,5,1394.66,-0.58,-0.04,0.0,n/a,Normal market alignment.
2025-06-06,TATA_MOTORS,TTM,TATAMOTORS.NS,86.38,1409.12,81.65,5,1410.72,1.6,0.11,0.0,n/a,Normal market alignment.
2025-06-09,TATA_MOTORS,TTM,TATAMOTORS.NS,86.28,1404.34,81.61,5,1408.25,3.91,0.28,0.0,n/a,Normal market alignment.
2025-06-10,TATA_MOTORS,TTM,TATAMOTORS.NS,85.88,1412.26,81.6,5,1401.48,-10.78,-0.76,0.0,n/a,Normal market alignment.
2025-06-11,TATA_MOTORS,TTM,TATAMOTORS.NS,85.77,1400.87,81.57,5,1399.11,-1.76,-0.13,0.0,n/a,Normal market alignment.
2025-06-12,TATA_MOTORS,TTM,TATAMOTORS.NS,83.72,1378.25,81.53,5,1365.16,-13.09,-0.95,0.0,n/a,Normal market alignment.
2025-06-13,TATA_MOTORS,TTM,TATAMOTORS.NS,83.99,1381.31,81.52,5,1369.3,-12.01,-0.87,0.0,n/a,Normal market alignment.
2025-06-16,TATA_MOTORS,TTM,TATAMOTORS.NS,82.29,1349.31,81.58,5,1342.64,-6.66,-0.49,0.0,n/a,Normal market alignment.
2025-06-17,TATA_MOTORS,TTM,TATAMOTORS.NS,81.96,1349.41,81.65,5,1338.51,-10.9,-0.81,0.0,n/a,Normal market alignment.
2025-06-18,TATA_MOTORS,TTM,TATAMOTORS.NS,82.18,1347.6,81.64,5,1341.84,-5.75,-0.43,0.0,n/a,Normal market alignment.
2025-06-19,TATA_MOTORS,TTM,TATAMOTORS.NS,83.53,1368.02,81.72,5,1365.15,-2.87,-0.21,0.0,n/a,Normal market alignment.
2025-06-20,TATA_MOTORS,TTM,TATAMOTORS.NS,82.53,1358.33,81.72,5,1348.82,-9.51,-0.7,0.0,n/a,Normal market alignment.
2025-06-23,TATA_MOTORS,TTM,TATAMOTORS.NS,84.35,1380.1,81.79,5,1379.79,-0.31,-0.02,0.0,n/a,Normal market alignment.
2025-06-24,TATA_MOTORS,TTM,TATAMOTORS.NS,85.57,1407.48,81.79,5,1399.76,-7.72,-0.55,0.0,n/a,Normal market alignment.
2025-06-25,TATA_MOTORS,TTM,TATAMOTORS.NS,85.05,1373.79,81.79,5,1391.27,17.48,1.27,0.0,n/a,Normal market alignment.
2025-06-26,TATA_MOTORS,TTM,TATAMOTORS.NS,83.66,1359.47,81.81,5,1368.81,9.34,0.69,0.0,n/a,Normal market alignment.
2025-06-27,TATA_MOTORS,TTM,TATAMOTORS.NS,81.87,1347.17,81.94,5,1341.67,-5.49,-0.41,0.0,n/a,Normal market alignment.
2025-06-30,TATA_MOTORS,TTM,TATAMOTORS.NS,82.23,1360.83,81.97,5,1348.12,-12.71,-0.93,0.0,n/a,Normal market alignment.
2025-07-01,TATA_MOTORS,TTM,TATAMOTORS.NS,81.35,1329.94,81.95,5,1333.17,3.23,0.24,0.0,n/a,Normal market alignment.
2025-07-02,TATA_MOTORS,TTM,TATAMOTORS.NS,82.83,1360.13,81.99,5,1358.22,-1.91,-0.14,0.0,n/a,Normal market alignment.
2025-07-03,TATA_MOTORS,TTM,TATAMOTORS.NS,82.01,1358.67,81.97,5,1344.56,-14.12,-1.04,0.0,n/a,Normal market alignment.
2025-07-04,TATA_MOTORS,TTM,TATAMOTORS.NS,80.93,1326.84,81.95,5,1326.5,-0.34,-0.03,0.0,n/a,Normal market alignment.
2025-07-07,TATA_MOTORS,TTM,TATAMOTORS.NS,81.24,1336.24,81.99,5,1332.15,-4.09,-0.31,0.0,n/a,Normal market alignment.
2025-07-08,TATA_MOTORS,TTM,TATAMOTORS.NS,80.43,1315.28,81.99,5,1318.88,3.6,0.27,0.0,n/a,Normal market alignment.
2025-07-09,TATA_MOTORS,TTM,TATAMOTORS.NS,80.46,1308.92,82.0,5,1319.64,10.72,0.82,0.0,n/a,Normal market alignment.
2025-07-10,TATA_MOTORS,TTM,TATAMOTORS.NS,81.67,1330.48,82.01,5,1339.57,9.09,0.68,0.0,n/a,Normal market alignment.
2025-07-11,TATA_MOTORS,TTM,TATAMOTORS.NS,81.84,1315.12,82.02,5,1342.57,27.45,2.09,5.0,offline,"Offline insight: TATA_MOTORS ADR-implied price is at a 2.09% premium to its NSE close, consistent with overnight US trading and FX movement."
2025-07-14,TATA_MOTORS,TTM,TATAMOTORS.NS,82.02,1345.1,82.04,5,1345.7,0.61,0.05,0.0,n/a,Normal market alignment.
2025-07-15,TATA_MOTORS,TTM,TATAMOTORS.NS,82.29,1356.39,81.96,5,1348.99,-7.4,-0.55,0.0,n/a,Normal market alignment.
2025-07-16,TATA_MOTORS,TTM,TATAMOTORS.NS,80.23,1322.28,81.99,5,1315.58,-6.7,-0.51,0.0,n/a,Normal market alignment.
2025-07-17,TATA_MOTORS,TTM,TATAMOTORS.NS,80.72,1306.38,81.95,5,1323.09,16.71,1.28,0.0,n/a,Normal market alignment.
2025-07-18,TATA_MOTORS,TTM,TATAMOTORS.NS,80.94,1299.41,81.9,5,1325.74,26.33,2.03,-0.8,offline,"Offline insight: TATA_MOTORS ADR-implied price is at a 2.03% premium to its NSE close, consistent with overnight US trading and FX movement."
2025-07-21,TATA_MOTORS,TTM,TATAMOTORS.NS,82.05,1316.0,81.89,5,1343.87,27.87,2.12,-4.6,offline,"Offline insight: TATA_MOTORS ADR-implied price is at a 2.12% premium to its NSE close, consistent with overnight US trading and FX movement."
2025-07-22,TATA_MOTORS,TTM,TATAMOTORS.NS,82.82,1346.93,81.9,5,1356.56,9.63,0.71,0.0,n/a,Normal market alignment.
2025-07-23,TATA_MOTORS,TTM,TATAMOTORS.NS,82.59,1353.03,81.87,5,1352.42,-0.61,-0.05,0.0,n/a,Normal market alignment.
2025-07-24,TATA_MOTORS,TTM,TATAMOTORS.NS,83.9,1382.74,81.91,5,1374.34,-8.4,-0.61,0.0,n/a,Normal market alignment.
2025-07-25,TATA_MOTORS,TTM,TATAMOTORS.NS,83.55,1380.44,81.85,5,1367.84,-12.6,-0.91,0.0,n/a,Normal market alignment.
2025-07-28,TATA_MOTORS,TTM,TATAMOTORS.NS,83.89,1366.27,81.84,5,1373.06,6.79,0.5,0.0,n/a,Normal market alignment.
2025-07-29,TATA_MOTORS,TTM,TATAMOTORS.NS,83.52,1364.95,81.82,5,1366.69,1.74,0.13,0.0,n/a,Normal market alignment.
2025-07-30,TATA_MOTORS,TTM,TATAMOTORS.NS,84.13,1376.57,81.81,5,1376.55,-0.02,-0.0,0.0,n/a,Normal market alignment.
2025-07-31,TATA_MOTORS,TTM,TATAMOTORS.NS,83.68,1362.03,81.83,5,1369.4,7.37,0.54,0.0,n/a,Normal market alignment.
2025-08-01,TATA_MOTORS,TTM,TATAMOTORS.NS,85.77,1414.86,81.79,5,1402.98,-11.88,-0.84,0.0,n/a,Normal market alignment.
2025-08-04,TATA_MOTORS,TTM,TATAMOTORS.NS,88.39,1453.17,81.82,5,1446.38,-6.79,-0.47,0.0,n/a,Normal market alignment.
2025-08-05,TATA_MOTORS,TTM,TATAMOTORS.NS,89.58,1481.36,81.82,5,1465.84,-15.52,-1.05,0.0,n/a,Normal market alignment.
2025-08-06,TATA_MOTORS,TTM,TATAMOTORS.NS,91.67,1511.42,81.75,5,1498.8,-12.62,-0.83,0.0,n/a,Normal market alignment.
2025-08-07,TATA_MOTORS,TTM,TATAMOTORS.NS,89.58,1476.72,81.67,5,1463.26,-13.46,-0.91,0.0,n/a,Normal market alignment.
2025-08-08,TATA_MOTORS,TTM,TATAMOTORS.NS,87.7,1446.88,81.67,5,1432.51,-14.37,-0.99,0.0,n/a,Normal market alignment.
2025-08-11,TATA_MOTORS,TTM,TATAMOTORS.NS,87.31,1432.17,81.66,5,1425.89,-6.28,-0.44,0.0,n/a,Normal market alignment.
2025-08-12,TATA_MOTORS,TTM,TATAMOTORS.NS,87.39,1428.69,81.66,5,1427.15,-1.54,-0.11,0.0,n/a,Normal market alignment.
2025-08-13,TATA_MOTORS,TTM,TATAMOTORS.NS,87.15,1426.45,81.66,5,1423.33,-3.12,-0.22,0.0,n/a,Normal market alignment.
2025-08-14,TATA_MOTORS,TTM,TATAMOTORS.NS,85.03,1387.09,81.67,5,1388.87,1.78,0.13,0.0,n/a,Normal market alignment.
2025-08-15,TATA_MOTORS,TTM,TATAMOTORS.NS,86.53,1421.5,81.71,5,1413.95,-7.55,-0.53,0.0,n/a,Normal market alignment.
2025-08-18,TATA_MOTORS,TTM,TATAMOTORS.NS,89.35,1456.98,81.66,5,1459.29,2.31,0.16,0.0,n/a,Normal market alignment.
2025-08-19,TATA_MOTORS,TTM,TATAMOTORS.NS,91.09,1487.66,81.62,5,1486.93,-0.73,-0.05,0.0,n/a,Normal market alignment.
2025-08-20,TATA_MOTORS,TTM,TATAMOTORS.NS,92.6,1516.38,81.58,5,1510.79,-5.58,-0.37,0.0,n/a,Normal market alignment.
2025-08-21,TATA_MOTORS,TTM,TATAMOTORS.NS,92.94,1528.48,81.59,5,1516.6,-11.88,-0.78,0.0,n/a,Normal market alignment.
2025-08-22,TATA_MOTORS,TTM,TATAMOTORS.NS,91.8,1508.4,81.64,5,1498.81,-9.58,-0.64,0.0,n/a,Normal market alignment.
2025-08-25,TATA_MOTORS,TTM,TATAMOTORS.NS,91.92,1486.79,81.62,5,1500.6,13.8,0.93,0.0,n/a,Normal market alignment.
2025-08-26,TATA_MOTORS,TTM,TATAMOTORS.NS,94.85,1538.67,81.52,5,1546.56,7.89,0.51,0.0,n/a,Normal market alignment.
2025-08-27,TATA_MOTORS,TTM,TATAMOTORS.NS,94.38,1545.22,81.46,5,1537.59,-7.63,-0.49,0.0,n/a,Normal market alignment.
2025-08-28,TATA_MOTORS,TTM,TATAMOTORS.NS,93.77,1521.67,81.42,5,1526.95,5.28,0.35,0.0,n/a,Normal market alignment.
2025-08-29,TATA_MOTORS,TTM,TATAMOTORS.NS,95.35,1554.27,81.4,5,1552.37,-1.9,-0.12,0.0,n/a,Normal market alignment.
2025-09-01,TATA_MOTORS,TTM,TATAMOTORS.NS,97.06,1577.89,81.39,5,1579.87,1.98,0.13,0.0,n/a,Normal market alignment.
2025-09-02,TATA_MOTORS,TTM,TATAMOTORS.NS,95.85,1565.75,81.39,5,1560.29,-5.46,-0.35,0.0,n/a,Normal market alignment.
2025-09-03,TATA_MOTORS,TTM,TATAMOTORS.NS,95.51,1543.81,81.38,5,1554.42,10.61,0.69,0.0,n/a,Normal market alignment.
2025-09-04,TATA_MOTORS,TTM,TATAMOTORS.NS,94.82,1544.02,81.42,5,1544.0,-0.02,-0.0,0.0,n/a,Normal market alignment.
2025-09-05,TATA_MOTORS,TTM,TATAMOTORS.NS,94.94,1530.62,81.39,5,1545.58,14.97,0.98,0.0,n/a,Normal market alignment.
2025-09-08,TATA_MOTORS,TTM,TATAMOTORS.NS,96.54,1573.31,81.36,5,1570.99,-2.33,-0.15,0.0,n/a,Normal market alignment.
2025-09-09,TATA_MOTORS,TTM,TATAMOTORS.NS,95.41,1557.47,81.38,5,1552.9,-4.57,-0.29,0.0,n/a,Normal market alignment.
2025-09-10,TATA_MOTORS,TTM,TATAMOTORS.NS,97.0,1565.0,81.32,5,1577.57,12.58,0.8,0.0,n/a,Normal market alignment.
2025-09-11,TATA_MOTORS,TTM,TATAMOTORS.NS,97.17,1571.35,81.34,5,1580.78,9.43,0.6,0.0,n/a,Normal market alignment.
2025-09-12,TATA_MOTORS,TTM,TATAMOTORS.NS,100.59,1605.21,81.34,5,1636.51,31.3,1.95,1.1,offline,"Offline insight: TATA_MOTORS ADR-implied price is at a 1.95% premium to its NSE close, consistent with overnight US trading and FX movement."
2025-09-15,TATA_MOTORS,TTM,TATAMOTORS.NS,101.1,1628.74,81.34,5,1644.73,15.99,0.98,0.0,n/a,Normal market alignment.
2025-09-16,TATA_MOTORS,TTM,TATAMOTORS.NS,100.99,1631.59,81.4,5,1644.13,12.55,0.77,0.0,n/a,Normal market alignment.
2025-09-17,TATA_MOTORS,TTM,TATAMOTORS.NS,101.89,1629.07,81.38,5,1658.31,29.24,1.79,1.7,offline,"Offline insight: TATA_MOTORS ADR-implied price is at a 1.79% premium to its NSE close, consistent with overnight US trading and FX movement."
2025-09-18,TATA_MOTORS,TTM,TATAMOTORS.NS,101.4,1651.83,81.46,5,1652.12,0.28,0.02,0.0,n/a,Normal market alignment.
2025-09-19,TATA_MOTORS,TTM,TATAMOTORS.NS,98.7,1626.44,81.45,5,1607.96,-18.48,-1.14,0.0,n/a,Normal market alignment.
2025-09-22,TATA_MOTORS,TTM,TATAMOTORS.NS,98.38,1621.75,81.4,5,1601.66,-20.09,-1.24,0.0,n/a,Normal market alignment.
2025-09-23,TATA_MOTORS,TTM,TATAMOTORS.NS,98.03,1598.84,81.41,5,1596.06,-2.78,-0.17,0.0,n/a,Normal market alignment.
2025-09-24,TATA_MOTORS,TTM,TATAMOTORS.NS,95.72,1577.03,81.37,5,1557.61,-19.42,-1.23,0.0,n/a,Normal market alignment.
2025-09-25,TATA_MOTORS,TTM,TATAMOTORS.NS,95.64,1560.82,81.34,5,1555.81,-5.01,-0.32,0.0,n/a,Normal market alignment.
2025-09-26,TATA_MOTORS,TTM,TATAMOTORS.NS,92.7,1505.7,81.35,5,1508.35,2.65,0.18,0.0,n/a,Normal market alignment.
2025-09-29,TATA_MOTORS,TTM,TATAMOTORS.NS,92.25,1478.95,81.38,5,1501.37,22.42,1.52,0.3,offline,"Offline insight: TATA_MOTORS ADR-implied price is at a 1.52% premium to its NSE close, consistent with overnight US trading and FX movement."
2025-09-30,TATA_MOTORS,TTM,TATAMOTORS.NS,92.61,1482.53,81.35,5,1506.86,24.33,1.64,5.5,offline,"Offline insight: TATA_MOTORS ADR-implied price is at a 1.64% premium to its NSE close, consistent with overnight US trading and FX movement."
2025-10-01,TATA_MOTORS,TTM,TATAMOTORS.NS,92.78,1491.77,81.39,5,1510.26,18.49,1.24,0.0,n/a,Normal market alignment.
2025-10-02,TATA_MOTORS,TTM,TATAMOTORS.NS,92.23,1477.23,81.44,5,1502.27,25.04,1.7,-5.7,offline,"Offline insight: TATA_MOTORS ADR-implied price is at a 1.70% premium to its NSE close, consistent with overnight US trading and FX movement."
2025-10-03,TATA_MOTORS,TTM,TATAMOTORS.NS,92.14,1481.22,81.5,5,1501.87,20.65,1.39,0.0,n/a,Normal market alignment.
2025-10-06,TATA_MOTORS,TTM,TATAMOTORS.NS,91.08,1477.46,81.52,5,1485.06,7.6,0.51,0.0,n/a,Normal market alignment.
2025-10-07,TATA_MOTORS,TTM,TATAMOTORS.NS,91.13,1494.12,81.58,5,1486.76,-7.36,-0.49,0.0,n/a,Normal market alignment.
2025-10-08,TATA_MOTORS,TTM,TATAMOTORS.NS,91.23,1497.54,81.5,5,1487.15,-10.39,-0.69,0.0,n/a,Normal market alignment.
2025-10-09,TATA_MOTORS,TTM,TATAMOTORS.NS,90.03,1473.85,81.49,5,1467.3,-6.55,-0.44,0.0,n/a,Normal market alignment.
2025-10-10,TATA_MOTORS,TTM,TATAMOTORS.NS,90.42,1475.15,81.46,5,1473.02,-2.13,-0.14,0.0,n/a,Normal market alignment.
2025-10-13,TATA_MOTORS,TTM,TATAMOTORS.NS,90.8,1503.11,81.46,5,1479.35,-23.77,-1.58,-3.0,offline,"Offline insight: TATA_MOTORS ADR-implied price is at a 1.58% discount to its NSE close, consistent with overnight US trading and FX movement."
2025-10-14,TATA_MOTORS,TTM,TATAMOTORS.NS,90.6,1492.16,81.44,5,1475.71,-16.45,-1.1,0.0,n/a,Normal market alignment.
2025-10-15,TATA_MOTORS,TTM,TATAMOTORS.NS,93.92,1539.51,81.44,5,1529.64,-9.87,-0.64,0.0,n/a,Normal market alignment.
2025-10-16,TATA_MOTORS,TTM,TATAMOTORS.NS,93.75,1528.32,81.51,5,1528.3,-0.02,-0.0,0.0,n/a,Normal market alignment.
2025-10-17,TATA_MOTORS,TTM,TATAMOTORS.NS,93.38,1505.12,81.51,5,1522.25,17.13,1.14,0.0,n/a,Normal market alignment.
2025-10-20,TATA_MOTORS,TTM,TATAMOTORS.NS,92.82,1501.18,81.52,5,1513.38,12.2,0.81,0.0,n/a,Normal market alignment.
2025-10-21,TATA_MOTORS,TTM,TATAMOTORS.NS,91.49,1493.87,81.52,5,1491.64,-2.23,-0.15,0.0,n/a,Normal market alignment.
2025-10-22,TATA_MOTORS,TTM,TATAMOTORS.NS,92.46,1528.33,81.52,5,1507.51,-20.82,-1.36,0.0,n/a,Normal market alignment.
2025-10-23,TATA_MOTORS,TTM,TATAMOTORS.NS,91.54,1497.51,81.52,5,1492.47,-5.04,-0.34,0.0,n/a,Normal market alignment.
2025-10-24,TATA_MOTORS,TTM,TATAMOTORS.NS,90.79,1492.64,81.54,5,1480.55,-12.09,-0.81,0.0,n/a,Normal market alignment.
2025-10-27,TATA_MOTORS,TTM,TATAMOTORS.NS,90.08,1468.12,81.59,5,1469.9,1.77,0.12,0.0,n/a,Normal market alignment.
2025-10-28,TATA_MOTORS,TTM,TATAMOTORS.NS,88.78,1434.73,81.65,5,1449.81,15.07,1.05,0.0,n/a,Normal market alignment.
2025-10-29,TATA_MOTORS,TTM,TATAMOTORS.NS,86.47,1418.79,81.67,5,1412.39,-6.39,-0.45,0.0,n/a,Normal market alignment.
2025-10-30,TATA_MOTORS,TTM,TATAMOTORS.NS,85.9,1401.79,81.69,5,1403.43,1.65,0.12,0.0,n/a,Normal market alignment.
2025-10-31,TATA_MOTORS,TTM,TATAMOTORS.NS,87.05,1407.72,81.65,5,1421.45,13.73,0.98,0.0,n/a,Normal market alignment.
2025-11-03,TATA_MOTORS,TTM,TATAMOTORS.NS,87.33,1407.76,81.64,5,1426.04,18.28,1.3,0.0,n/a,Normal market alignment.
2025-11-04,TATA_MOTORS,TTM,TATAMOTORS.NS,89.4,1470.66,81.68,5,1460.54,-10.12,-0.69,0.0,n/a,Normal market alignment.
2025-11-05,TATA_MOTORS,TTM,TATAMOTORS.NS,90.44,1493.16,81.72,5,1478.07,-15.09,-1.01,0.0,n/a,Normal market alignment.
2025-11-06,TATA_MOTORS,TTM,TATAMOTORS.NS,91.17,1513.04,81.73,5,1490.3,-22.73,-1.5,5.1,offline,"Offline insight: TATA_MOTORS ADR-implied price is at a 1.50% discount to its NSE close, consistent with overnight US trading and FX movement."
2025-11-07,TATA_MOTORS,TTM,TATAMOTORS.NS,93.78,1541.77,81.76,5,1533.52,-8.25,-0.54,0.0,n/a,Normal market alignment.
2025-11-10,TATA_MOTORS,TTM,TATAMOTORS.NS,93.67,1532.62,81.79,5,1532.13,-0.49,-0.03,0.0,n/a,Normal market alignment.
2025-11-11,TATA_MOTORS,TTM,TATAMOTORS.NS,93.78,1564.81,81.83,5,1534.96,-29.85,-1.91,6.2,offline,"Offline insight: TATA_MOTORS ADR-implied price is at a 1.91% discount to its NSE close, consistent with overnight US trading and FX movement."
2025-11-12,TATA_MOTORS,TTM,TATAMOTORS.NS,93.8,1556.49,81.85,5,1535.39,-21.09,-1.36,0.0,n/a,Normal market alignment.
2025-11-13,TATA_MOTORS,TTM,TATAMOTORS.NS,96.0,1575.13,81.83,5,1571.15,-3.98,-0.25,0.0,n/a,Normal market alignment.
2025-11-14,TATA_MOTORS,TTM,TATAMOTORS.NS,96.03,1572.72,81.85,5,1571.96,-0.75,-0.05,0.0,n/a,Normal market alignment.
2025-11-17,TATA_MOTORS,TTM,TATAMOTORS.NS,95.12,1553.79,81.73,5,1554.94,1.14,0.07,0.0,n/a,Normal market alignment.
2025-11-18,TATA_MOTORS,TTM,TATAMOTORS.NS,95.99,1572.75,81.75,5,1569.42,-3.32,-0.21,0.0,n/a,Normal market alignment.
2025-11-19,TATA_MOTORS,TTM,TATAMOTORS.NS,94.85,1561.48,81.6,5,1547.93,-13.55,-0.87,0.0,n/a,Normal market alignment.
2025-11-20,TATA_MOTORS,TTM,TATAMOTORS.NS,95.63,1567.83,81.54,5,1559.48,-8.35,-0.53,0.0,n/a,Normal market alignment.
2025-11-21,TATA_MOTORS,TTM,TATAMOTORS.NS,96.25,1574.46,81.55,5,1570.0,-4.46,-0.28,0.0,n/a,Normal market alignment.
2025-11-24,TATA_MOTORS,TTM,TATAMOTORS.NS,96.01,1562.32,81.57,5,1566.39,4.07,0.26,0.0,n/a,Normal market alignment.
2025-11-25,TATA_MOTORS,TTM,TATAMOTORS.NS,96.85,1569.17,81.53,5,1579.28,10.11,0.64,0.0,n/a,Normal market alignment.
2025-11-26,TATA_MOTORS,TTM,TATAMOTORS.NS,94.72,1537.12,81.5,5,1543.98,6.86,0.45,0.0,n/a,Normal market alignment.
2025-11-27,TATA_MOTORS,TTM,TATAMOTORS.NS,94.98,1533.42,81.56,5,1549.28,15.86,1.03,0.0,n/a,Normal market alignment.
2025-11-28,TATA_MOTORS,TTM,TATAMOTORS.NS,94.35,1533.16,81.54,5,1538.65,5.49,0.36,0.0,n/a,Normal market alignment.
2025-12-01,TATA_MOTORS,TTM,TATAMOTORS.NS,98.43,1619.85,81.63,5,1606.95,-12.89,-0.8,0.0,n/a,Normal market alignment.
2025-12-02,TATA_MOTORS,TTM,TATAMOTORS.NS,98.69,1613.53,81.63,5,1611.21,-2.32,-0.14,0.0,n/a,Normal market alignment.
2025-12-03,TATA_MOTORS,TTM,TATAMOTORS.NS,97.84,1597.58,81.65,5,1597.62,0.04,0.0,0.0,n/a,Normal market alignment.
2025-12-04,TATA_MOTORS,TTM,TATAMOTORS.NS,95.84,1560.88,81.71,5,1566.33,5.45,0.35,0.0,n/a,Normal market alignment.
2025-12-05,TATA_MOTORS,TTM,TATAMOTORS.NS,97.75,1608.46,81.72,5,1597.59,-10.87,-0.68,0.0,n/a,Normal market alignment.
2025-12-08,TATA_MOTORS,TTM,TATAMOTORS.NS,97.26,1575.56,81.68,5,1588.92,13.36,0.85,0.0,n/a,Normal market alignment.
2025-12-09,TATA_MOTORS,TTM,TATAMOTORS.NS,96.14,1554.82,81.68,5,1570.47,15.65,1.01,0.0,n/a,Normal market alignment.
2025-12-10,TATA_MOTORS,TTM,TATAMOTORS.NS,96.65,1572.53,81.68,5,1578.86,6.32,0.4,0.0,n/a,Normal market alignment.
2025-12-11,TATA_MOTORS,TTM,TATAMOTORS.NS,97.62,1600.29,81.62,5,1593.67,-6.62,-0.41,0.0,n/a,Normal market alignment.
2025-12-12,TATA_MOTORS,TTM,TATAMOTORS.NS,98.58,1601.02,81.61,5,1609.12,8.1,0.51,0.0,n/a,Normal market alignment.
2025-12-15,TATA_MOTORS,TTM,TATAMOTORS.NS,98.64,1617.08,81.59,5,1609.51,-7.56,-0.47,0.0,n/a,Normal market alignment.
2025-12-16,TATA_MOTORS,TTM,TATAMOTORS.NS,98.91,1593.83,81.62,5,1614.59,20.76,1.3,0.0,n/a,Normal market alignment.
2025-12-17,TATA_MOTORS,TTM,TATAMOTORS.NS,99.28,1615.06,81.63,5,1620.74,5.69,0.35,0.0,n/a,Normal market alignment.
2025-12-18,TATA_MOTORS,TTM,TATAMOTORS.NS,99.81,1606.46,81.62,5,1629.2,22.74,1.42,0.0,n/a,Normal market alignment.
2025-12-19,TATA_MOTORS,TTM,TATAMOTORS.NS,100.48,1628.28,81.61,5,1640.01,11.73,0.72,0.0,n/a,Normal market alignment.
2025-12-22,TATA_MOTORS,TTM,TATAMOTORS.NS,102.16,1642.36,81.62,5,1667.63,25.27,1.54,-1.0,offline,"Offline insight: TATA_MOTORS ADR-implied price is at a 1.54% premium to its NSE close, consistent with overnight US trading and FX movement."
2025-12-23,TATA_MOTORS,TTM,TATAMOTORS.NS,102.27,1663.26,81.65,5,1670.06,6.8,0.41,0.0,n/a,Normal market alignment.
2025-12-24,TATA_MOTORS,TTM,TATAMOTORS.NS,101.05,1645.06,81.61,5,1649.32,4.25,0.26,0.0,n/a,Normal market alignment.
2025-12-25,TATA_MOTORS,TTM,TATAMOTORS.NS,100.86,1633.68,81.57,5,1645.42,11.74,0.72,0.0,n/a,Normal market alignment.
2025-12-26,TATA_MOTORS,TTM,TATAMOTORS.NS,102.03,1650.67,81.61,5,1665.44,14.77,0.89,0.0,n/a,Normal market alignment.
2025-12-29,TATA_MOTORS,TTM,TATAMOTORS.NS,99.33,1600.08,81.6,5,1621.0,20.92,1.31,0.0,n/a,Normal market alignment.
2025-12-30,TATA_MOTORS,TTM,TATAMOTORS.NS,96.71,1570.15,81.54,5,1577.11,6.96,0.44,0.0,n/a,Normal market alignment.
2025-12-31,TATA_MOTORS,TTM,TATAMOTORS.NS,98.07,1594.49,81.56,5,1599.68,5.19,0.33,0.0,n/a,Normal market alignment.
2026-01-01,TATA_MOTORS,TTM,TATAMOTORS.NS,100.33,1619.71,81.58,5,1637.02,17.31,1.07,0.0,n/a,Normal market alignment.
2026-01-02,TATA_MOTORS,TTM,TATAMOTORS.NS,98.46,1602.89,81.52,5,1605.26,2.37,0.15,0.0,n/a,Normal market alignment.
2026-01-05,TATA_MOTORS,TTM,TATAMOTORS.NS,98.64,1600.53,81.53,5,1608.36,7.83,0.49,0.0,n/a,Normal market alignment.
2026-01-06,TATA_MOTORS,TTM,TATAMOTORS.NS,98.07,1597.56,81.56,5,1599.8,2.24,0.14,0.0,n/a,Normal market alignment.
2026-01-07,TATA_MOTORS,TTM,TATAMOTORS.NS,97.72,1590.7,81.58,5,1594.34,3.63,0.23,0.0,n/a,Normal market alignment.
2026-01-08,TATA_MOTORS,TTM,TATAMOTORS.NS,98.2,1599.5,81.6,5,1602.64,3.14,0.2,0.0,n/a,Normal market alignment.
2026-01-09,TATA_MOTORS,TTM,TATAMOTORS.NS,96.32,1577.82,81.55,5,1570.97,-6.85,-0.43,0.0,n/a,Normal market alignment.
2026-01-12,TATA_MOTORS,TTM,TATAMOTORS.NS,94.75,1552.5,81.56,5,1545.62,-6.88,-0.44,0.0,n/a,Normal market alignment.
2026-01-13,TATA_MOTORS,TTM,TATAMOTORS.NS,94.35,1541.43,81.55,5,1538.89,-2.53,-0.16,0.0,n/a,Normal market alignment.
2026-01-14,TATA_MOTORS,TTM,TATAMOTORS.NS,94.17,1538.28,81.53,5,1535.66,-2.62,-0.17,0.0,n/a,Normal market alignment.
2026-01-15,TATA_MOTORS,TTM,TATAMOTORS.NS,92.61,1495.91,81.57,5,1510.84,14.94,1.0,0.0,n/a,Normal market alignment.
2026-01-16,TATA_MOTORS,TTM,TATAMOTORS.NS,93.74,1510.59,81.63,5,1530.32,19.73,1.31,0.0,n/a,Normal market alignment.
2026-01-19,TATA_MOTORS,TTM,TATAMOTORS.NS,93.18,1507.68,81.7,5,1522.55,14.88,0.99,0.0,n/a,Normal market alignment.
2026-01-20,TATA_MOTORS,TTM,TATAMOTORS.NS,92.62,1513.49,81.75,5,1514.37,0.87,0.06,0.0,n/a,Normal market alignment.
2026-01-21,TATA_MOTORS,TTM,TATAMOTORS.NS,93.04,1529.47,81.75,5,1521.18,-8.29,-0.54,0.0,n/a,Normal market alignment.
2026-01-22,TATA_MOTORS,TTM,TATAMOTORS.NS,92.88,1503.1,81.77,5,1518.97,15.88,1.06,0.0,n/a,Normal market alignment.
2026-01-23,TATA_MOTORS,TTM,TATAMOTORS.NS,94.08,1540.23,81.8,5,1539.11,-1.13,-0.07,0.0,n/a,Normal market alignment.
2026-01-26,TATA_MOTORS,TTM,TATAMOTORS.NS,92.79,1517.58,81.8,5,1518.13,0.54,0.04,0.0,n/a,Normal market alignment.
2026-01-27,TATA_MOTORS,TTM,TATAMOTORS.NS,90.87,1482.81,81.81,5,1486.88,4.07,0.27,0.0,n/a,Normal market alignment.
2026-01-28,TATA_MOTORS,TTM,TATAMOTORS.NS,90.48,1481.82,81.84,5,1481.03,-0.79,-0.05,0.0,n/a,Normal market alignment.
2026-01-29,TATA_MOTORS,TTM,TATAMOTORS.NS,90.59,1493.74,81.84,5,1482.78,-10.96,-0.73,0.0,n/a,Normal market alignment.
2026-01-30,TATA_MOTORS,TTM,TATAMOTORS.NS,88.93,1469.68,81.81,5,1455.13,-14.54,-0.99,0.0,n/a,Normal market alignment.
2026-02-02,TATA_MOTORS,TTM,TATAMOTORS.NS,87.1,1439.06,81.8,5,1425.01,-14.05,-0.98,0.0,n/a,Normal market alignment.
2026-02-03,TATA_MOTORS,TTM,TATAMOTORS.NS,87.37,1445.44,81.83,5,1429.79,-15.65,-1.08,0.0,n/a,Normal market alignment.
2026-02-04,TATA_MOTORS,TTM,TATAMOTORS.NS,86.4,1410.04,81.83,5,1413.99,3.95,0.28,0.0,n/a,Normal market alignment.
2026-02-05,TATA_MOTORS,TTM,TATAMOTORS.NS,84.54,1381.62,81.84,5,1383.85,2.23,0.16,0.0,n/a,Normal market alignment.
2026-02-06,TATA_MOTORS,TTM,TATAMOTORS.NS,85.79,1408.58,81.87,5,1404.78,-3.8,-0.27,0.0,n/a,Normal market alignment.
2026-02-09,TATA_MOTORS,TTM,TATAMOTORS.NS,85.01,1392.86,81.86,5,1391.65,-1.21,-0.09,0.0,n/a,Normal market alignment.
2026-02-10,TATA_MOTORS,TTM,TATAMOTORS.NS,86.5,1410.75,81.89,5,1416.61,5.86,0.42,0.0,n/a,Normal market alignment.
2026-02-11,TATA_MOTORS,TTM,TATAMOTORS.NS,86.56,1417.81,81.9,5,1417.92,0.11,0.01,0.0,n/a,Normal market alignment.
2026-02-12,TATA_MOTORS,TTM,TATAMOTORS.NS,86.97,1414.77,81.85,5,1423.77,9.0,0.64,0.0,n/a,Normal market alignment.
2026-02-13,TATA_MOTORS,TTM,TATAMOTORS.NS,86.72,1427.96,81.91,5,1420.7,-7.26,-0.51,0.0,n/a,Normal market alignment.
2026-02-16,TATA_MOTORS,TTM,TATAMOTORS.NS,83.29,1357.24,81.89,5,1364.23,6.99,0.52,0.0,n/a,Normal market alignment.
2026-02-17,TATA_MOTORS,TTM,TATAMOTORS.NS,81.9,1336.26,81.83,5,1340.31,4.05,0.3,0.0,n/a,Normal market alignment.
2026-02-18,TATA_MOTORS,TTM,TATAMOTORS.NS,81.77,1335.54,81.79,5,1337.52,1.98,0.15,0.0,n/a,Normal market alignment.
2026-02-19,TATA_MOTORS,TTM,TATAMOTORS.NS,82.24,1349.93,81.75,5,1344.58,-5.35,-0.4,0.0,n/a,Normal market alignment.
2026-02-20,TATA_MOTORS,TTM,TATAMOTORS.NS,80.06,1323.46,81.75,5,1308.94,-14.52,-1.1,0.0,n/a,Normal market alignment.
2026-02-23,TATA_MOTORS,TTM,TATAMOTORS.NS,80.02,1332.43,81.74,5,1308.12,-24.32,-1.83,-4.3,offline,"Offline insight: TATA_MOTORS ADR-implied price is at a 1.83% discount to its NSE close, consistent with overnight US trading and FX movement."
2026-02-24,TATA_MOTORS,TTM,TATAMOTORS.NS,78.69,1307.59,81.73,5,1286.29,-21.3,-1.63,-1.1,offline,"Offline insight: TATA_MOTORS ADR-implied price is at a 1.63% discount to its NSE close, consistent with overnight US trading and FX movement."
2026-02-25,TATA_MOTORS,TTM,TATAMOTORS.NS,78.99,1298.96,81.75,5,1291.61,-7.35,-0.57,0.0,n/a,Normal market alignment.
2026-02-26,TATA_MOTORS,TTM,TATAMOTORS.NS,78.99,1305.07,81.77,5,1291.85,-13.21,-1.01,0.0,n/a,Normal market alignment.
2026-02-27,TATA_MOTORS,TTM,TATAMOTORS.NS,79.9,1329.35,81.78,5,1306.87,-22.48,-1.69,-0.6,offline,"Offline insight: TATA_MOTORS ADR-implied price is at a 1.69% discount to its NSE close, consistent with overnight US trading and FX movement."
2026-03-02,TATA_MOTORS,TTM,TATAMOTORS.NS,81.2,1350.76,81.8,5,1328.46,-22.3,-1.65,0.3,offline,"Offline insight: TATA_MOTORS ADR-implied price is at a 1.65% discount to its NSE close, consistent with overnight US trading and FX movement."
2026-03-03,TATA_MOTORS,TTM,TATAMOTORS.NS,81.78,1355.5,81.83,5,1338.42,-17.08,-1.26,0.0,n/a,Normal market alignment.
2026-03-04,TATA_MOTORS,TTM,TATAMOTORS.NS,82.86,1368.37,81.74,5,1354.71,-13.66,-1.0,0.0,n/a,Normal market alignment.
2026-03-05,TATA_MOTORS,TTM,TATAMOTORS.NS,82.45,1357.13,81.73,5,1347.78,-9.35,-0.69,0.0,n/a,Normal market alignment.
2026-03-06,TATA_MOTORS,TTM,TATAMOTORS.NS,85.97,1399.44,81.64,5,1403.77,4.33,0.31,0.0,n/a,Normal market alignment.
2026-03-09,TATA_MOTORS,TTM,TATAMOTORS.NS,84.42,1364.11,81.64,5,1378.57,14.46,1.06,0.0,n/a,Normal market alignment.
2026-03-10,TATA_MOTORS,TTM,TATAMOTORS.NS,83.78,1340.74,81.65,5,1368.09,27.35,2.04,-3.2,offline,"Offline insight: TATA_MOTORS ADR-implied price is at a 2.04% premium to its NSE close, consistent with overnight US trading and FX movement."
2026-03-11,TATA_MOTORS,TTM,TATAMOTORS.NS,84.94,1386.52,81.69,5,1387.72,1.2,0.09,0.0,n/a,Normal market alignment.
2026-03-12,TATA_MOTORS,TTM,TATAMOTORS.NS,85.92,1412.37,81.74,5,1404.64,-7.73,-0.55,0.0,n/a,Normal market alignment.
2026-03-13,TATA_MOTORS,TTM,TATAMOTORS.NS,86.58,1413.22,81.75,5,1415.49,2.27,0.16,0.0,n/a,Normal market alignment.
2026-03-16,TATA_MOTORS,TTM,TATAMOTORS.NS,87.48,1433.09,81.73,5,1429.92,-3.17,-0.22,0.0,n/a,Normal market alignment.
2026-03-17,TATA_MOTORS,TTM,TATAMOTORS.NS,84.77,1379.52,81.75,5,1386.0,6.48,0.47,0.0,n/a,Normal market alignment.
2026-03-18,TATA_MOTORS,TTM,TATAMOTORS.NS,86.82,1413.08,81.73,5,1419.11,6.03,0.43,0.0,n/a,Normal market alignment.
2026-03-19,TATA_MOTORS,TTM,TATAMOTORS.NS,86.58,1396.2,81.73,5,1415.21,19.01,1.36,0.0,n/a,Normal market alignment.
2026-03-20,TATA_MOTORS,TTM,TATAMOTORS.NS,88.22,1420.82,81.77,5,1442.8,21.98,1.55,-2.6,offline,"Offline insight: TATA_MOTORS ADR-implied price is at a 1.55% premium to its NSE close, consistent with overnight US trading and FX movement."
2026-03-23,TATA_MOTORS,TTM,TATAMOTORS.NS,85.56,1375.87,81.75,5,1398.86,22.99,1.67,2.2,offline,"Offline insight: TATA_MOTORS ADR-implied price is at a 1.67% premium to its NSE close, consistent with overnight US trading and FX movement."
2026-03-24,TATA_MOTORS,TTM,TATAMOTORS.NS,85.91,1395.27,81.78,5,1405.23,9.96,0.71,0.0,n/a,Normal market alignment.
2026-03-25,TATA_MOTORS,TTM,TATAMOTORS.NS,85.21,1389.25,81.81,5,1394.25,5.01,0.36,0.0,n/a,Normal market alignment.
2026-03-26,TATA_MOTORS,TTM,TATAMOTORS.NS,85.97,1405.96,81.77,5,1406.0,0.04,0.0,0.0,n/a,Normal market alignment.
2026-03-27,TATA_MOTORS,TTM,TATAMOTORS.NS,86.41,1428.84,81.81,5,1413.8,-15.04,-1.05,0.0,n/a,Normal market alignment.
2026-03-30,TATA_MOTORS,TTM,TATAMOTORS.NS,86.91,1416.84,81.84,5,1422.49,5.65,0.4,0.0,n/a,Normal market alignment.
2026-03-31,TATA_MOTORS,TTM,TATAMOTORS.NS,85.55,1389.83,81.85,5,1400.41,10.58,0.76,0.0,n/a,Normal market alignment.
2026-04-01,TATA_MOTORS,TTM,TATAMOTORS.NS,85.5,1396.12,81.82,5,1399.13,3.0,0.22,0.0,n/a,Normal market alignment.
2026-04-02,TATA_MOTORS,TTM,TATAMOTORS.NS,85.3,1380.8,81.78,5,1395.19,14.39,1.04,0.0,n/a,Normal market alignment.
2026-04-03,TATA_MOTORS,TTM,TATAMOTORS.NS,85.96,1403.04,81.76,5,1405.63,2.58,0.18,0.0,n/a,Normal market alignment.
2026-04-06,TATA_MOTORS,TTM,TATAMOTORS.NS,87.26,1444.29,81.79,5,1427.3,-16.99,-1.18,0.0,n/a,Normal market alignment.
2026-04-07,TATA_MOTORS,TTM,TATAMOTORS.NS,87.48,1430.31,81.75,5,1430.3,-0.01,-0.0,0.0,n/a,Normal market alignment.
2026-04-08,TATA_MOTORS,TTM,TATAMOTORS.NS,85.83,1416.35,81.77,5,1403.67,-12.68,-0.9,0.0,n/a,Normal market alignment.
2026-04-09,TATA_MOTORS,TTM,TATAMOTORS.NS,86.0,1415.06,81.72,5,1405.52,-9.54,-0.67,0.0,n/a,Normal market alignment.
2026-04-10,TATA_MOTORS,TTM,TATAMOTORS.NS,89.39,1464.67,81.71,5,1460.86,-3.81,-0.26,0.0,n/a,Normal market alignment.
2026-04-13,TATA_MOTORS,TTM,TATAMOTORS.NS,91.63,1495.77,81.72,5,1497.47,1.7,0.11,0.0,n/a,Normal market alignment.
2026-04-14,TATA_MOTORS,TTM,TATAMOTORS.NS,87.57,1423.41,81.81,5,1432.83,9.42,0.66,0.0,n/a,Normal market alignment.
2026-04-15,TATA_MOTORS,TTM,TATAMOTORS.NS,87.68,1422.24,81.76,5,1433.68,11.43,0.8,0.0,n/a,Normal market alignment.
2026-04-16,TATA_MOTORS,TTM,TATAMOTORS.NS,88.93,1442.71,81.82,5,1455.22,12.51,0.87,0.0,n/a,Normal market alignment.
2026-04-17,TATA_MOTORS,TTM,TATAMOTORS.NS,88.71,1452.28,81.83,5,1451.8,-0.48,-0.03,0.0,n/a,Normal market alignment.
2026-04-20,TATA_MOTORS,TTM,TATAMOTORS.NS,88.13,1439.84,81.84,5,1442.52,2.68,0.19,0.0,n/a,Normal market alignment.
2026-04-21,TATA_MOTORS,TTM,TATAMOTORS.NS,87.8,1450.95,81.85,5,1437.28,-13.67,-0.94,0.0,n/a,Normal market alignment.
2026-04-22,TATA_MOTORS,TTM,TATAMOTORS.NS,88.55,1442.33,81.87,5,1449.95,7.62,0.53,0.0,n/a,Normal market alignment.
2026-04-23,TATA_MOTORS,TTM,TATAMOTORS.NS,87.05,1434.86,81.86,5,1425.31,-9.54,-0.66,0.0,n/a,Normal market alignment.
2026-04-24,TATA_MOTORS,TTM,TATAMOTORS.NS,88.63,1461.58,81.92,5,1452.2,-9.38,-0.64,0.0,n/a,Normal market alignment.
2026-04-27,TATA_MOTORS,TTM,TATAMOTORS.NS,88.58,1470.35,81.91,5,1451.12,-19.23,-1.31,0.0,n/a,Normal market alignment.
2026-04-28,TATA_MOTORS,TTM,TATAMOTORS.NS,87.37,1450.81,81.95,5,1432.01,-18.8,-1.3,0.0,n/a,Normal market alignment.
2026-04-29,TATA_MOTORS,TTM,TATAMOTORS.NS,88.87,1467.42,81.93,5,1456.15,-11.27,-0.77,0.0,n/a,Normal market alignment.
2026-04-30,TATA_MOTORS,TTM,TATAMOTORS.NS,86.83,1434.73,81.93,5,1422.81,-11.92,-0.83,0.0,n/a,Normal market alignment.
2026-05-01,TATA_MOTORS,TTM,TATAMOTORS.NS,86.14,1406.41,81.88,5,1410.67,4.25,0.3,0.0,n/a,Normal market alignment.
2026-05-04,TATA_MOTORS,TTM,TATAMOTORS.NS,85.42,1394.58,81.9,5,1399.32,4.74,0.34,0.0,n/a,Normal market alignment.
2026-05-05,TATA_MOTORS,TTM,TATAMOTORS.NS,88.2,1447.51,81.96,5,1445.78,-1.74,-0.12,0.0,n/a,Normal market alignment.
2026-05-06,TATA_MOTORS,TTM,TATAMOTORS.NS,87.32,1433.69,81.96,5,1431.32,-2.37,-0.17,0.0,n/a,Normal market alignment.
2026-05-07,TATA_MOTORS,TTM,TATAMOTORS.NS,84.52,1374.99,81.95,5,1385.37,10.37,0.75,0.0,n/a,Normal market alignment.
2026-05-08,TATA_MOTORS,TTM,TATAMOTORS.NS,83.81,1358.17,81.91,5,1372.96,14.79,1.09,0.0,n/a,Normal market alignment.
2026-05-11,TATA_MOTORS,TTM,TATAMOTORS.NS,84.41,1384.61,81.9,5,1382.62,-1.99,-0.14,0.0,n/a,Normal market alignment.
2026-05-12,TATA_MOTORS,TTM,TATAMOTORS.NS,85.43,1406.13,81.84,5,1398.22,-7.91,-0.56,0.0,n/a,Normal market alignment.
2026-05-13,TATA_MOTORS,TTM,TATAMOTORS.NS,88.37,1445.84,81.8,5,1445.76,-0.08,-0.01,0.0,n/a,Normal market alignment.
2026-05-14,TATA_MOTORS,TTM,TATAMOTORS.NS,90.26,1473.29,81.81,5,1476.89,3.6,0.24,0.0,n/a,Normal market alignment.
2026-05-15,TATA_MOTORS,TTM,TATAMOTORS.NS,90.54,1491.25,81.87,5,1482.47,-8.78,-0.59,0.0,n/a,Normal market alignment.
2026-05-18,TATA_MOTORS,TTM,TATAMOTORS.NS,89.36,1462.61,81.98,5,1465.11,2.5,0.17,0.0,n/a,Normal market alignment.
2026-05-19,TATA_MOTORS,TTM,TATAMOTORS.NS,91.56,1508.69,81.96,5,1500.83,-7.86,-0.52,0.0,n/a,Normal market alignment.
2026-05-20,TATA_MOTORS,TTM,TATAMOTORS.NS,91.08,1485.14,82.02,5,1494.05,8.91,0.6,0.0,n/a,Normal market alignment.
2026-05-21,TATA_MOTORS,TTM,TATAMOTORS.NS,90.21,1469.21,82.03,5,1479.94,10.74,0.73,0.0,n/a,Normal market alignment.
2026-05-22,TATA_MOTORS,TTM,TATAMOTORS.NS,89.67,1476.26,82.02,5,1471.04,-5.23,-0.35,0.0,n/a,Normal market alignment.
2026-05-25,TATA_MOTORS,TTM,TATAMOTORS.NS,88.02,1452.63,82.04,5,1444.17,-8.46,-0.58,0.0,n/a,Normal market alignment.
2026-05-26,TATA_MOTORS,TTM,TATAMOTORS.NS,87.43,1445.17,82.04,5,1434.59,-10.58,-0.73,0.0,n/a,Normal market alignment.
2026-05-27,TATA_MOTORS,TTM,TATAMOTORS.NS,87.15,1434.8,82.05,5,1430.1,-4.7,-0.33,0.0,n/a,Normal market alignment.
2026-05-28,TATA_MOTORS,TTM,TATAMOTORS.NS,88.13,1450.85,82.03,5,1445.93,-4.92,-0.34,0.0,n/a,Normal market alignment.
2026-05-29,TATA_MOTORS,TTM,TATAMOTORS.NS,87.64,1451.58,81.98,5,1436.98,-14.59,-1.01,0.0,n/a,Normal market alignment.
2026-06-01,TATA_MOTORS,TTM,TATAMOTORS.NS,86.0,1431.66,81.92,5,1409.05,-22.61,-1.58,1.7,offline,"Offline insight: TATA_MOTORS ADR-implied price is at a 1.58% discount to its NSE close, consistent with overnight US trading and FX movement."
2026-06-02,TATA_MOTORS,TTM,TATAMOTORS.NS,83.96,1383.83,81.95,5,1376.03,-7.79,-0.56,0.0,n/a,Normal market alignment.
2026-06-03,TATA_MOTORS,TTM,TATAMOTORS.NS,84.25,1382.5,81.94,5,1380.6,-1.9,-0.14,0.0,n/a,Normal market alignment.
2026-06-04,TATA_MOTORS,TTM,TATAMOTORS.NS,84.37,1382.25,81.91,5,1382.13,-0.12,-0.01,0.0,n/a,Normal market alignment.
2026-06-05,TATA_MOTORS,TTM,TATAMOTORS.NS,83.69,1368.56,81.91,5,1371.08,2.52,0.18,0.0,n/a,Normal market alignment.
2026-06-08,TATA_MOTORS,TTM,TATAMOTORS.NS,83.13,1366.83,81.95,5,1362.42,-4.41,-0.32,0.0,n/a,Normal market alignment.
2026-06-09,TATA_MOTORS,TTM,TATAMOTORS.NS,83.64,1371.8,81.96,5,1370.91,-0.89,-0.06,0.0,n/a,Normal market alignment.
2026-06-10,TATA_MOTORS,TTM,TATAMOTORS.NS,85.41,1375.57,81.93,5,1399.48,23.91,1.74,2.3,offline,"Offline insight: TATA_MOTORS ADR-implied price is at a 1.74% premium to its NSE close, consistent with overnight US trading and FX movement."
2026-06-11,TATA_MOTORS,TTM,TATAMOTORS.NS,84.43,1359.02,81.98,5,1384.37,25.35,1.87,-1.7,offline,"Offline insight: TATA_MOTORS ADR-implied price is at a 1.87% premium to its NSE close, consistent with overnight US trading and FX movement."
2026-06-12,TATA_MOTORS,TTM,TATAMOTORS.NS,84.57,1375.1,82.04,5,1387.72,12.61,0.92,0.0,n/a,Normal market alignment.
2026-06-15,TATA_MOTORS,TTM,TATAMOTORS.NS,85.81,1405.85,82.06,5,1408.44,2.59,0.18,0.0,n/a,Normal market alignment.
2026-06-16,TATA_MOTORS,TTM,TATAMOTORS.NS,84.84,1420.01,82.1,5,1393.14,-26.87,-1.89,-2.3,offline,"Offline insight: TATA_MOTORS ADR-implied price is at a 1.89% discount to its NSE close, consistent with overnight US trading and FX movement."
2026-06-17,TATA_MOTORS,TTM,TATAMOTORS.NS,84.84,1399.51,82.16,5,1394.09,-5.42,-0.39,0.0,n/a,Normal market alignment.
2026-06-18,TATA_MOTORS,TTM,TATAMOTORS.NS,84.82,1390.07,82.2,5,1394.5,4.43,0.32,0.0,n/a,Normal market alignment.
2026-06-19,TATA_MOTORS,TTM,TATAMOTORS.NS,83.18,1370.51,82.23,5,1367.91,-2.6,-0.19,0.0,n/a,Normal market alignment.
2026-06-22,TATA_MOTORS,TTM,TATAMOTORS.NS,83.41,1387.68,82.25,5,1372.2,-15.49,-1.12,0.0,n/a,Normal market alignment.
2026-06-23,TATA_MOTORS,TTM,TATAMOTORS.NS,83.48,1394.23,82.27,5,1373.62,-20.61,-1.48,0.0,n/a,Normal market alignment.
2026-06-24,TATA_MOTORS,TTM,TATAMOTORS.NS,84.2,1392.77,82.23,5,1384.75,-8.02,-0.58,0.0,n/a,Normal market alignment.
2026-06-25,TATA_MOTORS,TTM,TATAMOTORS.NS,82.72,1366.57,82.26,5,1360.99,-5.58,-0.41,0.0,n/a,Normal market alignment.
2026-06-26,TATA_MOTORS,TTM,TATAMOTORS.NS,82.76,1357.47,82.21,5,1360.72,3.25,0.24,0.0,n/a,Normal market alignment.
2026-06-29,TATA_MOTORS,TTM,TATAMOTORS.NS,84.5,1385.98,82.18,5,1388.81,2.83,0.2,0.0,n/a,Normal market alignment.
2026-06-30,TATA_MOTORS,TTM,TATAMOTORS.NS,87.16,1422.07,82.23,5,1433.43,11.36,0.8,0.0,n/a,Normal market alignment.
2026-07-01,TATA_MOTORS,TTM,TATAMOTORS.NS,88.86,1451.29,82.26,5,1462.0,10.71,0.74,0.0,n/a,Normal market alignment.
2026-07-02,TATA_MOTORS,TTM,TATAMOTORS.NS,87.32,1423.13,82.32,5,1437.69,14.56,1.02,0.0,n/a,Normal market alignment.
2026-07-03,TATA_MOTORS,TTM,TATAMOTORS.NS,87.94,1460.07,82.31,5,1447.67,-12.39,-0.85,0.0,n/a,Normal market alignment.
2026-07-06,TATA_MOTORS,TTM,TATAMOTORS.NS,87.32,1456.83,82.27,5,1436.83,-20.01,-1.37,0.0,n/a,Normal market alignment.
2026-07-07,TATA_MOTORS,TTM,TATAMOTORS.NS,87.72,1458.97,82.26,5,1443.22,-15.74,-1.08,0.0,n/a,Normal market alignment.
2026-07-08,TATA_MOTORS,TTM,TATAMOTORS.NS,86.73,1425.49,82.27,5,1427.03,1.54,0.11,0.0,n/a,Normal market alignment.
2026-07-09,TATA_MOTORS,TTM,TATAMOTORS.NS,84.53,1371.9,82.27,5,1390.85,18.95,1.38,0.0,n/a,Normal market alignment.
2026-07-10,TATA_MOTORS,TTM,TATAMOTORS.NS,84.12,1375.04,82.32,5,1384.86,9.82,0.71,0.0,n/a,Normal market alignment.
2026-07-13,TATA_MOTORS,TTM,TATAMOTORS.NS,85.06,1400.05,82.3,5,1400.06,0.0,0.0,0.0,n/a,Normal market alignment.
2026-07-14,TATA_MOTORS,TTM,TATAMOTORS.NS,85.45,1426.3,82.32,5,1406.78,-19.52,-1.37,0.0,n/a,Normal market alignment.
2026-07-15,TATA_MOTORS,TTM,TATAMOTORS.NS,85.99,1418.11,82.28,5,1415.04,-3.07,-0.22,0.0,n/a,Normal market alignment.
2026-07-16,TATA_MOTORS,TTM,TATAMOTORS.NS,86.3,1427.74,82.3,5,1420.39,-7.35,-0.52,0.0,n/a,Normal market alignment.
2026-07-17,TATA_MOTORS,TTM,TATAMOTORS.NS,86.84,1404.71,82.3,5,1429.45,24.75,1.76,-2.1,offline,"Offline insight: TATA_MOTORS ADR-implied price is at a 1.76% premium to its NSE close, consistent with overnight US trading and FX movement."
2026-07-20,TATA_MOTORS,TTM,TATAMOTORS.NS,87.56,1433.0,82.27,5,1440.73,7.73,0.54,0.0,n/a,Normal market alignment.
2026-07-21,TATA_MOTORS,TTM,TATAMOTORS.NS,87.23,1409.74,82.26,5,1435.08,25.34,1.8,6.3,offline,"Offline insight: TATA_MOTORS ADR-implied price is at a 1.80% premium to its NSE close, consistent with overnight US trading and FX movement."
2026-07-22,TATA_MOTORS,TTM,TATAMOTORS.NS,87.36,1414.52,82.26,5,1437.18,22.66,1.6,-1.5,offline,"Offline insight: TATA_MOTORS ADR-implied price is at a 1.60% premium to its NSE close, consistent with overnight US trading and FX movement."
2026-07-23,TATA_MOTORS,TTM,TATAMOTORS.NS,89.67,1471.46,82.25,5,1475.02,3.55,0.24,0.0,n/a,Normal market alignment.
2026-07-24,TATA_MOTORS,TTM,TATAMOTORS.NS,89.89,1475.36,82.32,5,1479.89,4.54,0.31,0.0,n/a,Normal market alignment.
2026-07-27,TATA_MOTORS,TTM,TATAMOTORS.NS,89.97,1470.58,82.31,5,1481.23,10.65,0.72,0.0,n/a,Normal market alignment.
2026-07-28,TATA_MOTORS,TTM,TATAMOTORS.NS,90.14,1479.7,82.31,5,1483.8,4.1,0.28,0.0,n/a,Normal market alignment.
2026-07-29,TATA_MOTORS,TTM,TATAMOTORS.NS,89.87,1466.86,82.22,5,1477.91,11.04,0.75,0.0,n/a,Normal market alignment.
2026-07-30,TATA_MOTORS,TTM,TATAMOTORS.NS,89.31,1453.21,82.19,5,1468.08,14.86,1.02,0.0,n/a,Normal market alignment.
2026-07-31,TATA_MOTORS,TTM,TATAMOTORS.NS,89.62,1457.91,82.18,5,1472.94,15.03,1.03,0.0,n/a,Normal market alignment.
2026-08-03,TATA_MOTORS,TTM,TATAMOTORS.NS,88.97,1452.92,82.15,5,1461.74,8.82,0.61,0.0,n/a,Normal market alignment.
2026-08-04,TATA_MOTORS,TTM,TATAMOTORS.NS,88.8,1466.71,82.21,5,1459.99,-6.72,-0.46,0.0,n/a,Normal market alignment.
2026-08-05,TATA_MOTORS,TTM,TATAMOTORS.NS,87.77,1447.77,82.2,5,1443.02,-4.76,-0.33,0.0,n/a,Normal market alignment.
2026-08-06,TATA_MOTORS,TTM,TATAMOTORS.NS,87.94,1447.78,82.26,5,1446.71,-1.07,-0.07,0.0,n/a,Normal market alignment.
2026-08-07,TATA_MOTORS,TTM,TATAMOTORS.NS,88.74,1479.98,82.26,5,1459.88,-20.09,-1.36,0.0,n/a,Normal market alignment.
2026-08-10,TATA_MOTORS,TTM,TATAMOTORS.NS,88.48,1465.93,82.26,5,1455.73,-10.2,-0.7,0.0,n/a,Normal market alignment.
2026-08-11,TATA_MOTORS,TTM,TATAMOTORS.NS,85.84,1419.15,82.26,5,1412.26,-6.89,-0.49,0.0,n/a,Normal market alignment.
2026-08-12,TATA_MOTORS,TTM,TATAMOTORS.NS,86.63,1442.51,82.26,5,1425.21,-17.29,-1.2,0.0,n/a,Normal market alignment.
2026-08-13,TATA_MOTORS,TTM,TATAMOTORS.NS,86.81,1443.17,82.33,5,1429.42,-13.75,-0.95,0.0,n/a,Normal market alignment.
2026-08-14,TATA_MOTORS,TTM,TATAMOTORS.NS,85.54,1418.18,82.24,5,1406.98,-11.2,-0.79,0.0,n/a,Normal market alignment.
2026-08-17,TATA_MOTORS,TTM,TATAMOTORS.NS,86.56,1409.99,82.16,5,1422.36,12.37,0.88,0.0,n/a,Normal market alignment.
2026-08-18,TATA_MOTORS,TTM,TATAMOTORS.NS,84.77,1383.18,82.14,5,1392.6,9.41,0.68,0.0,n/a,Normal market alignment.
2026-08-19,TATA_MOTORS,TTM,TATAMOTORS.NS,86.13,1399.02,82.14,5,1414.88,15.86,1.13,0.0,n/a,Normal market alignment.
2026-08-20,TATA_MOTORS,TTM,TATAMOTORS.NS,86.08,1406.17,82.17,5,1414.58,8.4,0.6,0.0,n/a,Normal market alignment.
2026-08-21,TATA_MOTORS,TTM,TATAMOTORS.NS,83.17,1380.35,82.19,5,1367.19,-13.16,-0.95,0.0,n/a,Normal market alignment.
2026-08-24,TATA_MOTORS,TTM,TATAMOTORS.NS,83.42,1372.41,82.17,5,1371.02,-1.39,-0.1,0.0,n/a,Normal market alignment.
2026-08-25,TATA_MOTORS,TTM,TATAMOTORS.NS,82.94,1370.92,82.22,5,1363.77,-7.15,-0.52,0.0,n/a,Normal market alignment.
2026-08-26,TATA_MOTORS,TTM,TATAMOTORS.NS,82.27,1360.94,82.26,5,1353.48,-7.46,-0.55,0.0,n/a,Normal market alignment.
2026-08-27,TATA_MOTORS,TTM,TATAMOTORS.NS,81.38,1353.47,82.27,5,1339.05,-14.42,-1.07,0.0,n/a,Normal market alignment.
2026-08-28,TATA_MOTORS,TTM,TATAMOTORS.NS,81.25,1345.45,82.31,5,1337.54,-7.92,-0.59,0.0,n/a,Normal market alignment.
2026-08-31,TATA_MOTORS,TTM,TATAMOTORS.NS,80.69,1323.2,82.32,5,1328.39,5.19,0.39,0.0,n/a,Normal market alignment.
2026-09-01,TATA_MOTORS,TTM,TATAMOTORS.NS,78.46,1280.09,82.3,5,1291.46,11.37,0.89,0.0,n/a,Normal market alignment.
2026-09-02,TATA_MOTORS,TTM,TATAMOTORS.NS,79.98,1295.66,82.33,5,1316.95,21.29,1.64,1.5,offline,"Offline insight: TATA_MOTORS ADR-implied price is at a 1.64% premium to its NSE close, consistent with overnight US trading and FX movement."
2026-09-03,TATA_MOTORS,TTM,TATAMOTORS.NS,79.72,1284.41,82.33,5,1312.61,28.2,2.2,0.3,offline,"Offline insight: TATA_MOTORS ADR-implied price is at a 2.20% premium to its NSE close, consistent with overnight US trading and FX movement."
2026-09-04,TATA_MOTORS,TTM,TATAMOTORS.NS,78.86,1300.1,82.33,5,1298.61,-1.49,-0.11,0.0,n/a,Normal market alignment.
2026-09-07,TATA_MOTORS,TTM,TATAMOTORS.NS,77.55,1289.61,82.39,5,1277.94,-11.66,-0.9,0.0,n/a,Normal market alignment.
2026-09-08,TATA_MOTORS,TTM,TATAMOTORS.NS,78.47,1315.37,82.29,5,1291.58,-23.79,-1.81,5.3,offline,"Offline insight: TATA_MOTORS ADR-implied price is at a 1.81% discount to its NSE close, consistent with overnight US trading and FX movement."
2026-09-09,TATA_MOTORS,TTM,TATAMOTORS.NS,76.97,1274.14,82.24,5,1265.95,-8.19,-0.64,0.0,n/a,Normal market alignment.
2026-09-10,TATA_MOTORS,TTM,TATAMOTORS.NS,77.15,1279.3,82.19,5,1268.16,-11.14,-0.87,0.0,n/a,Normal market alignment.
2026-09-11,TATA_MOTORS,TTM,TATAMOTORS.NS,76.49,1268.2,82.18,5,1257.23,-10.97,-0.86,0.0,n/a,Normal market alignment.
2026-09-14,TATA_MOTORS,TTM,TATAMOTORS.NS,75.91,1255.98,82.17,5,1247.56,-8.42,-0.67,0.0,n/a,Normal market alignment.
2026-09-15,TATA_MOTORS,TTM,TATAMOTORS.NS,74.68,1228.05,82.11,5,1226.4,-1.65,-0.13,0.0,n/a,Normal market alignment.
2026-09-16,TATA_MOTORS,TTM,TATAMOTORS.NS,74.01,1228.55,82.07,5,1214.79,-13.77,-1.12,0.0,n/a,Normal market alignment.
2026-09-17,TATA_MOTORS,TTM,TATAMOTORS.NS,74.04,1233.99,82.04,5,1214.82,-19.17,-1.55,-1.8,offline,"Offline insight: TATA_MOTORS ADR-implied price is at a 1.55% discount to its NSE close, consistent with overnight US trading and FX movement."
2026-09-18,TATA_MOTORS,TTM,TATAMOTORS.NS,74.32,1232.42,82.14,5,1220.94,-11.48,-0.93,0.0,n/a,Normal market alignment.
2026-09-21,TATA_MOTORS,TTM,TATAMOTORS.NS,73.47,1204.62,82.21,5,1208.0,3.38,0.28,0.0,n/a,Normal market alignment.
2026-09-22,TATA_MOTORS,TTM,TATAMOTORS.NS,73.39,1204.67,82.2,5,1206.48,1.81,0.15,0.0,n/a,Normal market alignment.
2026-09-23,TATA_MOTORS,TTM,TATAMOTORS.NS,74.39,1228.42,82.18,5,1222.72,-5.7,-0.46,0.0,n/a,Normal market alignment.
2026-09-24,TATA_MOTORS,TTM,TATAMOTORS.NS,72.56,1213.57,82.14,5,1191.94,-21.63,-1.78,-0.9,offline,"Offline insight: TATA_MOTORS ADR-implied price is at a 1.78% discount to its NSE close, consistent with overnight US trading and FX movement."
2026-09-25,TATA_MOTORS,TTM,TATAMOTORS.NS,72.57,1195.91,82.06,5,1191.1,-4.81,-0.4,0.0,n/a,Normal market alignment.
2026-09-28,TATA_MOTORS,TTM,TATAMOTORS.NS,71.56,1183.37,82.06,5,1174.41,-8.95,-0.76,0.0,n/a,Normal market alignment.
2026-09-29,TATA_MOTORS,TTM,TATAMOTORS.NS,70.45,1170.39,82.02,5,1155.67,-14.71,-1.26,0.0,n/a,Normal market alignment.
2026-09-30,TATA_MOTORS,TTM,TATAMOTORS.NS,70.75,1183.65,82.02,5,1160.51,-23.14,-1.96,4.8,offline,"Offline insight: TATA_MOTORS ADR-implied price is at a 1.96% discount to its NSE close, consistent with overnight US trading and FX movement."
2026-10-01,TATA_MOTORS,TTM,TATAMOTORS.NS,70.19,1176.13,81.95,5,1150.48,-25.64,-2.18,-4.7,offline,"Offline insight: TATA_MOTORS ADR-implied price is at a 2.18% discount to its NSE close, consistent with overnight US trading and FX movement."
2026-10-02,TATA_MOTORS,TTM,TATAMOTORS.NS,68.93,1152.25,81.92,5,1129.42,-22.83,-1.98,1.3,offline,"Offline insight: TATA_MOTORS ADR-implied price is at a 1.98% discount to its NSE close, consistent with overnight US trading and FX movement."
2026-10-05,TATA_MOTORS,TTM,TATAMOTORS.NS,70.32,1168.13,81.93,5,1152.29,-15.84,-1.36,0.0,n/a,Normal market alignment.
2026-10-06,TATA_MOTORS,TTM,TATAMOTORS.NS,71.31,1188.49,81.95,5,1168.77,-19.72,-1.66,-1.4,offline,"Offline insight: TATA_MOTORS ADR-implied price is at a 1.66% discount to its NSE close, consistent with overnight US trading and FX movement."
